product,reviewer_name,city,state,rating,review,content_status
Premium Aasam Tea 500gm,Bharat Singh,Amritsar,Punjab,5,"Ordered this recently and the overall quality felt good. The aroma is pleasant and the flavour is fuller than the tea I was using earlier. So far, a good experience.",SYNTHETIC SAMPLE — FICTIONAL REVIEW / NOT A REAL CUSTOMER
Premium Aasam Tea 500gm,Zoya Iyer,Kanpur,Uttar Pradesh,5,I liked the freshness more than I expected. I usually make two cups in the morning and this has become my regular tea. It has become one of the regular items in my kitchen.,SYNTHETIC SAMPLE — FICTIONAL REVIEW / NOT A REAL CUSTOMER
Premium Aasam Tea 500gm,Tarun Sethi,Bhopal,Madhya Pradesh,5,"The flavour is quite balanced for regular cooking. The tea gives a strong, malty cup and works nicely with milk. So far, a good experience.",SYNTHETIC SAMPLE — FICTIONAL REVIEW / NOT A REAL CUSTOMER
Premium Aasam Tea 500gm,Harpreet Chopra,Vijayawada,Andhra Pradesh,5,"I liked the freshness more than I expected. Good morning chai; the colour comes out nicely without using too much tea. Overall, happy with the purchase.",SYNTHETIC SAMPLE — FICTIONAL REVIEW / NOT A REAL CUSTOMER
Premium Aasam Tea 500gm,Rakesh Jain,Jaipur,Rajasthan,5,Ordered this recently and the overall quality felt good. The aroma is pleasant and the flavour is fuller than the tea I was using earlier. Would consider adding it to my next order.,SYNTHETIC SAMPLE — FICTIONAL REVIEW / NOT A REAL CUSTOMER
Premium Aasam Tea 500gm,Divya Jain,Mumbai,Maharashtra,3,Good first impression and the delivery was smooth. Good morning chai; the colour comes out nicely without using too much tea. I would buy it again.,SYNTHETIC SAMPLE — FICTIONAL REVIEW / NOT A REAL CUSTOMER
Premium Aasam Tea 500gm,Chetan Mehta,Hyderabad,Telangana,3,"I bought this for regular home use and have been using it quite often. The tea gives a strong, malty cup and works nicely with milk. I would buy it again.",SYNTHETIC SAMPLE — FICTIONAL REVIEW / NOT A REAL CUSTOMER
Premium Aasam Tea 500gm,Rishi Kaur,Patiala,Punjab,5,The packaging was neat and the product looked fresh. The aroma is pleasant and the flavour is fuller than the tea I was using earlier. No complaints so far.,SYNTHETIC SAMPLE — FICTIONAL REVIEW / NOT A REAL CUSTOMER
Premium Aasam Tea 500gm,Manish Kaur,Shimla,Himachal Pradesh,5,The packaging was neat and the product looked fresh. I usually make two cups in the morning and this has become my regular tea. I would buy it again.,SYNTHETIC SAMPLE — FICTIONAL REVIEW / NOT A REAL CUSTOMER
Premium Aasam Tea 500gm,Manish Mukherjee,Ranchi,Jharkhand,5,The flavour is quite balanced for regular cooking. I usually make two cups in the morning and this has become my regular tea. I would buy it again.,SYNTHETIC SAMPLE — FICTIONAL REVIEW / NOT A REAL CUSTOMER
Premium Aasam Tea 500gm,Isha Rao,Raipur,Chhattisgarh,5,Ordered this recently and the overall quality felt good. I usually make two cups in the morning and this has become my regular tea. Good value for regular home use.,SYNTHETIC SAMPLE — FICTIONAL REVIEW / NOT A REAL CUSTOMER
Premium Aasam Tea 500gm,Rajat Rao,Lucknow,Uttar Pradesh,5,"I liked the freshness more than I expected. I usually make two cups in the morning and this has become my regular tea. Overall, happy with the purchase.",SYNTHETIC SAMPLE — FICTIONAL REVIEW / NOT A REAL CUSTOMER
Premium Aasam Tea 500gm,Ananya Sharma,Nashik,Maharashtra,5,The flavour is quite balanced for regular cooking. The aroma is pleasant and the flavour is fuller than the tea I was using earlier. Would consider adding it to my next order.,SYNTHETIC SAMPLE — FICTIONAL REVIEW / NOT A REAL CUSTOMER
Premium Aasam Tea 500gm,Sanjay Mukherjee,Kochi,Kerala,4,This has been useful for my everyday kitchen routine. Good morning chai; the colour comes out nicely without using too much tea. It has become one of the regular items in my kitchen.,SYNTHETIC SAMPLE — FICTIONAL REVIEW / NOT A REAL CUSTOMER
Premium Aasam Tea 500gm,Vikram Sharma,Gurugram,Haryana,5,The aroma was noticeable when I opened the pack. I usually make two cups in the morning and this has become my regular tea. Good value for regular home use.,SYNTHETIC SAMPLE — FICTIONAL REVIEW / NOT A REAL CUSTOMER
Premium Aasam Tea 500gm,Varun Deshmukh,Surat,Gujarat,5,The packaging was neat and the product looked fresh. The aroma is pleasant and the flavour is fuller than the tea I was using earlier. Good value for regular home use.,SYNTHETIC SAMPLE — FICTIONAL REVIEW / NOT A REAL CUSTOMER
Premium Aasam Tea 500gm,Raj Gill,Bengaluru,Karnataka,5,Tried this after seeing the product online and liked the first experience. I usually make two cups in the morning and this has become my regular tea. It has become one of the regular items in my kitchen.,SYNTHETIC SAMPLE — FICTIONAL REVIEW / NOT A REAL CUSTOMER
Premium Aasam Tea 500gm,Rahul Sethi,Ludhiana,Punjab,4,"This has been useful for my everyday kitchen routine. I usually make two cups in the morning and this has become my regular tea. Overall, happy with the purchase.",SYNTHETIC SAMPLE — FICTIONAL REVIEW / NOT A REAL CUSTOMER
Premium Aasam Tea 500gm,Reena Kumar,Varanasi,Uttar Pradesh,4,Ordered this recently and the overall quality felt good. The aroma is pleasant and the flavour is fuller than the tea I was using earlier. I would buy it again.,SYNTHETIC SAMPLE — FICTIONAL REVIEW / NOT A REAL CUSTOMER
Premium Aasam Tea 500gm,Sneha Roy,Kolkata,West Bengal,5,"The aroma was noticeable when I opened the pack. The tea gives a strong, malty cup and works nicely with milk. Good value for regular home use.",SYNTHETIC SAMPLE — FICTIONAL REVIEW / NOT A REAL CUSTOMER
Premium Aasam Tea 500gm,Isha Patil,Visakhapatnam,Andhra Pradesh,5,"Good first impression and the delivery was smooth. Good morning chai; the colour comes out nicely without using too much tea. So far, a good experience.",SYNTHETIC SAMPLE — FICTIONAL REVIEW / NOT A REAL CUSTOMER
Premium Aasam Tea 500gm,Manish Shah,Jodhpur,Rajasthan,5,The flavour is quite balanced for regular cooking. The aroma is pleasant and the flavour is fuller than the tea I was using earlier. Good value for regular home use.,SYNTHETIC SAMPLE — FICTIONAL REVIEW / NOT A REAL CUSTOMER
Premium Aasam Tea 500gm,Pankaj Iyer,Pune,Maharashtra,5,The flavour is quite balanced for regular cooking. The aroma is pleasant and the flavour is fuller than the tea I was using earlier. Good value for regular home use.,SYNTHETIC SAMPLE — FICTIONAL REVIEW / NOT A REAL CUSTOMER
Premium Aasam Tea 500gm,Zoya Rao,Chennai,Tamil Nadu,4,This has been useful for my everyday kitchen routine. The aroma is pleasant and the flavour is fuller than the tea I was using earlier. Would consider adding it to my next order.,SYNTHETIC SAMPLE — FICTIONAL REVIEW / NOT A REAL CUSTOMER
Premium Aasam Tea 500gm,Arpita Patel,Chandigarh,Chandigarh,5,"The pack arrived sealed and in good condition. The aroma is pleasant and the flavour is fuller than the tea I was using earlier. Overall, happy with the purchase.",SYNTHETIC SAMPLE — FICTIONAL REVIEW / NOT A REAL CUSTOMER
Premium Aasam Tea 500gm,Dev Joshi,Jammu,Jammu & Kashmir,5,"The aroma was noticeable when I opened the pack. I usually make two cups in the morning and this has become my regular tea. So far, a good experience.",SYNTHETIC SAMPLE — FICTIONAL REVIEW / NOT A REAL CUSTOMER
Premium Aasam Tea 500gm,Kriti Dhillon,Patna,Bihar,5,"The aroma was noticeable when I opened the pack. The tea gives a strong, malty cup and works nicely with milk. I would buy it again.",SYNTHETIC SAMPLE — FICTIONAL REVIEW / NOT A REAL CUSTOMER
Premium Aasam Tea 500gm,Manish Joshi,Bengaluru,Karnataka,5,"Tried this after seeing the product online and liked the first experience. The tea gives a strong, malty cup and works nicely with milk. Would consider adding it to my next order.",SYNTHETIC SAMPLE — FICTIONAL REVIEW / NOT A REAL CUSTOMER
Premium Aasam Tea 500gm,Akash Malhotra,Noida,Uttar Pradesh,3,I liked the freshness more than I expected. Good morning chai; the colour comes out nicely without using too much tea. No complaints so far.,SYNTHETIC SAMPLE — FICTIONAL REVIEW / NOT A REAL CUSTOMER
Premium Aasam Tea 500gm,Deepika Mishra,Indore,Madhya Pradesh,5,"The pack arrived sealed and in good condition. Good morning chai; the colour comes out nicely without using too much tea. So far, a good experience.",SYNTHETIC SAMPLE — FICTIONAL REVIEW / NOT A REAL CUSTOMER
Premium Aasam Tea 500gm,Priya Pillai,Thiruvananthapuram,Kerala,5,The pack arrived sealed and in good condition. Good morning chai; the colour comes out nicely without using too much tea. No complaints so far.,SYNTHETIC SAMPLE — FICTIONAL REVIEW / NOT A REAL CUSTOMER
Premium Aasam Tea 500gm,Sanjana Arora,Faridabad,Haryana,5,I bought this for regular home use and have been using it quite often. I usually make two cups in the morning and this has become my regular tea. Good value for regular home use.,SYNTHETIC SAMPLE — FICTIONAL REVIEW / NOT A REAL CUSTOMER
Premium Aasam Tea 500gm,Priya Kapoor,Vadodara,Gujarat,5,The aroma was noticeable when I opened the pack. I usually make two cups in the morning and this has become my regular tea. Good value for regular home use.,SYNTHETIC SAMPLE — FICTIONAL REVIEW / NOT A REAL CUSTOMER
Premium Aasam Tea 500gm,Sanjana Bansal,Mysuru,Karnataka,5,Tried this after seeing the product online and liked the first experience. The aroma is pleasant and the flavour is fuller than the tea I was using earlier. It has become one of the regular items in my kitchen.,SYNTHETIC SAMPLE — FICTIONAL REVIEW / NOT A REAL CUSTOMER
Premium Aasam Tea 500gm,Monika Chaudhary,Jalandhar,Punjab,5,Good first impression and the delivery was smooth. I usually make two cups in the morning and this has become my regular tea. No complaints so far.,SYNTHETIC SAMPLE — FICTIONAL REVIEW / NOT A REAL CUSTOMER
Premium Aasam Tea 500gm,Varun Kohli,Dehradun,Uttarakhand,5,The pack arrived sealed and in good condition. I usually make two cups in the morning and this has become my regular tea. It has become one of the regular items in my kitchen.,SYNTHETIC SAMPLE — FICTIONAL REVIEW / NOT A REAL CUSTOMER
Premium Aasam Tea 500gm,Deepak Pillai,Bhubaneswar,Odisha,5,"Good first impression and the delivery was smooth. The tea gives a strong, malty cup and works nicely with milk. So far, a good experience.",SYNTHETIC SAMPLE — FICTIONAL REVIEW / NOT A REAL CUSTOMER
Premium Aasam Tea 500gm,Sanjay Bedi,Goa,Goa,5,This has been useful for my everyday kitchen routine. The aroma is pleasant and the flavour is fuller than the tea I was using earlier. No complaints so far.,SYNTHETIC SAMPLE — FICTIONAL REVIEW / NOT A REAL CUSTOMER
Premium Aasam Tea 500gm,Kriti Pillai,Kota,Rajasthan,5,Ordered this recently and the overall quality felt good. The aroma is pleasant and the flavour is fuller than the tea I was using earlier. Would consider adding it to my next order.,SYNTHETIC SAMPLE — FICTIONAL REVIEW / NOT A REAL CUSTOMER
Premium Aasam Tea 500gm,Sneha Rao,Nagpur,Maharashtra,5,The pack arrived sealed and in good condition. Good morning chai; the colour comes out nicely without using too much tea. No complaints so far.,SYNTHETIC SAMPLE — FICTIONAL REVIEW / NOT A REAL CUSTOMER
Premium Aasam Tea 500gm,Rashi Shetty,Coimbatore,Tamil Nadu,4,"I liked the freshness more than I expected. The aroma is pleasant and the flavour is fuller than the tea I was using earlier. So far, a good experience.",SYNTHETIC SAMPLE — FICTIONAL REVIEW / NOT A REAL CUSTOMER
Premium Aasam Tea 500gm,Simran Rawat,New Delhi,Delhi,5,The packaging was neat and the product looked fresh. The aroma is pleasant and the flavour is fuller than the tea I was using earlier. No complaints so far.,SYNTHETIC SAMPLE — FICTIONAL REVIEW / NOT A REAL CUSTOMER
Premium Aasam Tea 500gm,Aishwarya Kumar,Ahmedabad,Gujarat,5,Tried this after seeing the product online and liked the first experience. Good morning chai; the colour comes out nicely without using too much tea. I would buy it again.,SYNTHETIC SAMPLE — FICTIONAL REVIEW / NOT A REAL CUSTOMER
Premium Aasam Tea 500gm,Rhea Verma,Guwahati,Assam,5,The flavour is quite balanced for regular cooking. Good morning chai; the colour comes out nicely without using too much tea. Good value for regular home use.,SYNTHETIC SAMPLE — FICTIONAL REVIEW / NOT A REAL CUSTOMER
Premium Aasam Tea 500gm,Ravi Sandhu,Amritsar,Punjab,5,"This has been useful for my everyday kitchen routine. The tea gives a strong, malty cup and works nicely with milk. Would consider adding it to my next order.",SYNTHETIC SAMPLE — FICTIONAL REVIEW / NOT A REAL CUSTOMER
Premium Aasam Tea 500gm,Karan Kapoor,Kanpur,Uttar Pradesh,5,I liked the freshness more than I expected. I usually make two cups in the morning and this has become my regular tea. Would consider adding it to my next order.,SYNTHETIC SAMPLE — FICTIONAL REVIEW / NOT A REAL CUSTOMER
Premium Aasam Tea 500gm,Aishwarya Patel,Bhopal,Madhya Pradesh,5,"The aroma was noticeable when I opened the pack. I usually make two cups in the morning and this has become my regular tea. Overall, happy with the purchase.",SYNTHETIC SAMPLE — FICTIONAL REVIEW / NOT A REAL CUSTOMER
Premium Aasam Tea 500gm,Megha Naik,Vijayawada,Andhra Pradesh,5,The aroma was noticeable when I opened the pack. Good morning chai; the colour comes out nicely without using too much tea. No complaints so far.,SYNTHETIC SAMPLE — FICTIONAL REVIEW / NOT A REAL CUSTOMER
Premium Aasam Tea 500gm,Ankit Bansal,Jaipur,Rajasthan,5,"This has been useful for my everyday kitchen routine. The tea gives a strong, malty cup and works nicely with milk. Would consider adding it to my next order.",SYNTHETIC SAMPLE — FICTIONAL REVIEW / NOT A REAL CUSTOMER
Premium Aasam Tea 500gm,Ananya Patil,Mumbai,Maharashtra,5,"Tried this after seeing the product online and liked the first experience. The aroma is pleasant and the flavour is fuller than the tea I was using earlier. Overall, happy with the purchase.",SYNTHETIC SAMPLE — FICTIONAL REVIEW / NOT A REAL CUSTOMER
Premium Aasam Tea 500gm,Arpita Sharma,Hyderabad,Telangana,5,"The pack arrived sealed and in good condition. The aroma is pleasant and the flavour is fuller than the tea I was using earlier. So far, a good experience.",SYNTHETIC SAMPLE — FICTIONAL REVIEW / NOT A REAL CUSTOMER
Premium Aasam Tea 500gm,Raj Agarwal,Patiala,Punjab,5,Good first impression and the delivery was smooth. Good morning chai; the colour comes out nicely without using too much tea. Would consider adding it to my next order.,SYNTHETIC SAMPLE — FICTIONAL REVIEW / NOT A REAL CUSTOMER
Premium Aasam Tea 500gm,Rakesh Shah,Shimla,Himachal Pradesh,5,Good first impression and the delivery was smooth. Good morning chai; the colour comes out nicely without using too much tea. Good value for regular home use.,SYNTHETIC SAMPLE — FICTIONAL REVIEW / NOT A REAL CUSTOMER
Premium Aasam Tea 500gm,Raj Malhotra,Ranchi,Jharkhand,5,The flavour is quite balanced for regular cooking. The aroma is pleasant and the flavour is fuller than the tea I was using earlier. I would buy it again.,SYNTHETIC SAMPLE — FICTIONAL REVIEW / NOT A REAL CUSTOMER
Premium Aasam Tea 500gm,Arpita Sodhi,Raipur,Chhattisgarh,4,"The pack arrived sealed and in good condition. The aroma is pleasant and the flavour is fuller than the tea I was using earlier. Overall, happy with the purchase.",SYNTHETIC SAMPLE — FICTIONAL REVIEW / NOT A REAL CUSTOMER
Premium Aasam Tea 500gm,Sameer Singh,Lucknow,Uttar Pradesh,5,I liked the freshness more than I expected. The aroma is pleasant and the flavour is fuller than the tea I was using earlier. I am satisfied with the first order.,SYNTHETIC SAMPLE — FICTIONAL REVIEW / NOT A REAL CUSTOMER
Premium Aasam Tea 500gm,Swati Nair,Nashik,Maharashtra,5,"This has been useful for my everyday kitchen routine. The aroma is pleasant and the flavour is fuller than the tea I was using earlier. So far, a good experience.",SYNTHETIC SAMPLE — FICTIONAL REVIEW / NOT A REAL CUSTOMER
Premium Aasam Tea 500gm,Sunil Thakur,Kochi,Kerala,5,"I liked the freshness more than I expected. The tea gives a strong, malty cup and works nicely with milk. I am satisfied with the first order.",SYNTHETIC SAMPLE — FICTIONAL REVIEW / NOT A REAL CUSTOMER
Premium Aasam Tea 500gm,Yash Thakur,Gurugram,Haryana,5,Ordered this recently and the overall quality felt good. The aroma is pleasant and the flavour is fuller than the tea I was using earlier. I am satisfied with the first order.,SYNTHETIC SAMPLE — FICTIONAL REVIEW / NOT A REAL CUSTOMER
Premium Aasam Tea 500gm,Vikram Bansal,Surat,Gujarat,5,Good first impression and the delivery was smooth. The aroma is pleasant and the flavour is fuller than the tea I was using earlier. No complaints so far.,SYNTHETIC SAMPLE — FICTIONAL REVIEW / NOT A REAL CUSTOMER
Premium Aasam Tea 500gm,Harpreet Kapoor,Bengaluru,Karnataka,5,The flavour is quite balanced for regular cooking. Good morning chai; the colour comes out nicely without using too much tea. No complaints so far.,SYNTHETIC SAMPLE — FICTIONAL REVIEW / NOT A REAL CUSTOMER
Premium Aasam Tea 500gm,Rohit Singh,Ludhiana,Punjab,5,Tried this after seeing the product online and liked the first experience. The aroma is pleasant and the flavour is fuller than the tea I was using earlier. I am satisfied with the first order.,SYNTHETIC SAMPLE — FICTIONAL REVIEW / NOT A REAL CUSTOMER
Premium Aasam Tea 500gm,Sanjay Chaudhary,Varanasi,Uttar Pradesh,5,I liked the freshness more than I expected. The aroma is pleasant and the flavour is fuller than the tea I was using earlier. Good value for regular home use.,SYNTHETIC SAMPLE — FICTIONAL REVIEW / NOT A REAL CUSTOMER
Premium Aasam Tea 500gm,Rajat Mishra,Kolkata,West Bengal,5,I bought this for regular home use and have been using it quite often. Good morning chai; the colour comes out nicely without using too much tea. I am satisfied with the first order.,SYNTHETIC SAMPLE — FICTIONAL REVIEW / NOT A REAL CUSTOMER
Premium Aasam Tea 500gm,Sakshi Deshmukh,Visakhapatnam,Andhra Pradesh,5,"This has been useful for my everyday kitchen routine. The tea gives a strong, malty cup and works nicely with milk. It has become one of the regular items in my kitchen.",SYNTHETIC SAMPLE — FICTIONAL REVIEW / NOT A REAL CUSTOMER
Premium Aasam Tea 500gm,Sneha Sinha,Jodhpur,Rajasthan,5,"I bought this for regular home use and have been using it quite often. I usually make two cups in the morning and this has become my regular tea. Overall, happy with the purchase.",SYNTHETIC SAMPLE — FICTIONAL REVIEW / NOT A REAL CUSTOMER
Premium Aasam Tea 500gm,Sanjay Kumar,Pune,Maharashtra,3,The pack arrived sealed and in good condition. I usually make two cups in the morning and this has become my regular tea. Good value for regular home use.,SYNTHETIC SAMPLE — FICTIONAL REVIEW / NOT A REAL CUSTOMER
Premium Aasam Tea 500gm,Priya Thakur,Chennai,Tamil Nadu,5,The flavour is quite balanced for regular cooking. I usually make two cups in the morning and this has become my regular tea. I would buy it again.,SYNTHETIC SAMPLE — FICTIONAL REVIEW / NOT A REAL CUSTOMER
Premium Aasam Tea 500gm,Aditya Kulkarni,Chandigarh,Chandigarh,5,"Tried this after seeing the product online and liked the first experience. The tea gives a strong, malty cup and works nicely with milk. Overall, happy with the purchase.",SYNTHETIC SAMPLE — FICTIONAL REVIEW / NOT A REAL CUSTOMER
Premium Aasam Tea 500gm,Kavita Sharma,Jammu,Jammu & Kashmir,4,I bought this for regular home use and have been using it quite often. Good morning chai; the colour comes out nicely without using too much tea. No complaints so far.,SYNTHETIC SAMPLE — FICTIONAL REVIEW / NOT A REAL CUSTOMER
Premium Aasam Tea 500gm,Pradeep Menon,Patna,Bihar,4,Good first impression and the delivery was smooth. The aroma is pleasant and the flavour is fuller than the tea I was using earlier. No complaints so far.,SYNTHETIC SAMPLE — FICTIONAL REVIEW / NOT A REAL CUSTOMER
Premium Aasam Tea 500gm,Aishwarya Yadav,Bengaluru,Karnataka,5,"Ordered this recently and the overall quality felt good. I usually make two cups in the morning and this has become my regular tea. Overall, happy with the purchase.",SYNTHETIC SAMPLE — FICTIONAL REVIEW / NOT A REAL CUSTOMER
Premium Aasam Tea 500gm,Mohit Kumar,Noida,Uttar Pradesh,5,I bought this for regular home use and have been using it quite often. Good morning chai; the colour comes out nicely without using too much tea. I am satisfied with the first order.,SYNTHETIC SAMPLE — FICTIONAL REVIEW / NOT A REAL CUSTOMER
Premium Aasam Tea 250gm,Karan Gill,New Delhi,Delhi,4,The flavour is quite balanced for regular cooking. The tea has a bold flavour and works well for everyday chai. Good value for regular home use.,SYNTHETIC SAMPLE — FICTIONAL REVIEW / NOT A REAL CUSTOMER
Premium Aasam Tea 250gm,Isha Gill,Ahmedabad,Gujarat,5,I bought this for regular home use and have been using it quite often. Nice size to try before buying a larger pack. Good value for regular home use.,SYNTHETIC SAMPLE — FICTIONAL REVIEW / NOT A REAL CUSTOMER
Premium Aasam Tea 250gm,Gaurav Mishra,Guwahati,Assam,5,I bought this for regular home use and have been using it quite often. The aroma is fresh and the brew comes out nicely. I am satisfied with the first order.,SYNTHETIC SAMPLE — FICTIONAL REVIEW / NOT A REAL CUSTOMER
Premium Aasam Tea 250gm,Rhea Kaur,Amritsar,Punjab,4,This has been useful for my everyday kitchen routine. The aroma is fresh and the brew comes out nicely. I would buy it again.,SYNTHETIC SAMPLE — FICTIONAL REVIEW / NOT A REAL CUSTOMER
Premium Aasam Tea 250gm,Arpita Tiwari,Kanpur,Uttar Pradesh,5,I liked the freshness more than I expected. The tea has a bold flavour and works well for everyday chai. No complaints so far.,SYNTHETIC SAMPLE — FICTIONAL REVIEW / NOT A REAL CUSTOMER
Premium Aasam Tea 250gm,Sonam Chatterjee,Bhopal,Madhya Pradesh,5,This has been useful for my everyday kitchen routine. The aroma is fresh and the brew comes out nicely. No complaints so far.,SYNTHETIC SAMPLE — FICTIONAL REVIEW / NOT A REAL CUSTOMER
Premium Aasam Tea 250gm,Sanjay Arora,Vijayawada,Andhra Pradesh,5,The pack arrived sealed and in good condition. The tea has a bold flavour and works well for everyday chai. Would consider adding it to my next order.,SYNTHETIC SAMPLE — FICTIONAL REVIEW / NOT A REAL CUSTOMER
Premium Aasam Tea 250gm,Amrita Mukherjee,Jaipur,Rajasthan,5,I bought this for regular home use and have been using it quite often. Nice size to try before buying a larger pack. No complaints so far.,SYNTHETIC SAMPLE — FICTIONAL REVIEW / NOT A REAL CUSTOMER
Premium Aasam Tea 250gm,Pradeep Gill,Mumbai,Maharashtra,5,This has been useful for my everyday kitchen routine. Good balance of colour and strength for milk tea. I would buy it again.,SYNTHETIC SAMPLE — FICTIONAL REVIEW / NOT A REAL CUSTOMER
Premium Aasam Tea 250gm,Shivam Ghosh,Hyderabad,Telangana,5,The flavour is quite balanced for regular cooking. The tea has a bold flavour and works well for everyday chai. Would consider adding it to my next order.,SYNTHETIC SAMPLE — FICTIONAL REVIEW / NOT A REAL CUSTOMER
Premium Aasam Tea 250gm,Pallavi Dhillon,Patiala,Punjab,5,"The flavour is quite balanced for regular cooking. The tea has a bold flavour and works well for everyday chai. Overall, happy with the purchase.",SYNTHETIC SAMPLE — FICTIONAL REVIEW / NOT A REAL CUSTOMER
Premium Aasam Tea 250gm,Anjali Jain,Shimla,Himachal Pradesh,5,This has been useful for my everyday kitchen routine. The tea has a bold flavour and works well for everyday chai. I am satisfied with the first order.,SYNTHETIC SAMPLE — FICTIONAL REVIEW / NOT A REAL CUSTOMER
Premium Aasam Tea 250gm,Deepika Sandhu,Ranchi,Jharkhand,5,Good first impression and the delivery was smooth. The tea has a bold flavour and works well for everyday chai. I am satisfied with the first order.,SYNTHETIC SAMPLE — FICTIONAL REVIEW / NOT A REAL CUSTOMER
Premium Aasam Tea 250gm,Sana Kaur,Raipur,Chhattisgarh,5,This has been useful for my everyday kitchen routine. Nice size to try before buying a larger pack. I am satisfied with the first order.,SYNTHETIC SAMPLE — FICTIONAL REVIEW / NOT A REAL CUSTOMER
Premium Aasam Tea 250gm,Harish Deshmukh,Lucknow,Uttar Pradesh,5,Ordered this recently and the overall quality felt good. The aroma is fresh and the brew comes out nicely. It has become one of the regular items in my kitchen.,SYNTHETIC SAMPLE — FICTIONAL REVIEW / NOT A REAL CUSTOMER
Premium Aasam Tea 250gm,Ravi Chopra,Nashik,Maharashtra,5,The aroma was noticeable when I opened the pack. Good balance of colour and strength for milk tea. Good value for regular home use.,SYNTHETIC SAMPLE — FICTIONAL REVIEW / NOT A REAL CUSTOMER
Premium Aasam Tea 250gm,Sourav Tripathi,Kochi,Kerala,5,I bought this for regular home use and have been using it quite often. The tea has a bold flavour and works well for everyday chai. I am satisfied with the first order.,SYNTHETIC SAMPLE — FICTIONAL REVIEW / NOT A REAL CUSTOMER
Premium Aasam Tea 250gm,Nikhil Mehta,Gurugram,Haryana,4,The aroma was noticeable when I opened the pack. Nice size to try before buying a larger pack. Good value for regular home use.,SYNTHETIC SAMPLE — FICTIONAL REVIEW / NOT A REAL CUSTOMER
Premium Aasam Tea 250gm,Aishwarya Joshi,Surat,Gujarat,5,Ordered this recently and the overall quality felt good. The aroma is fresh and the brew comes out nicely. It has become one of the regular items in my kitchen.,SYNTHETIC SAMPLE — FICTIONAL REVIEW / NOT A REAL CUSTOMER
Premium Aasam Tea 250gm,Swati Bisht,Bengaluru,Karnataka,5,"Ordered this recently and the overall quality felt good. Good balance of colour and strength for milk tea. So far, a good experience.",SYNTHETIC SAMPLE — FICTIONAL REVIEW / NOT A REAL CUSTOMER
Premium Aasam Tea 250gm,Rhea Roy,Ludhiana,Punjab,4,Good first impression and the delivery was smooth. Good balance of colour and strength for milk tea. Would consider adding it to my next order.,SYNTHETIC SAMPLE — FICTIONAL REVIEW / NOT A REAL CUSTOMER
Premium Aasam Tea 250gm,Rashi Iyer,Varanasi,Uttar Pradesh,5,I bought this for regular home use and have been using it quite often. Good balance of colour and strength for milk tea. I am satisfied with the first order.,SYNTHETIC SAMPLE — FICTIONAL REVIEW / NOT A REAL CUSTOMER
Premium Aasam Tea 250gm,Swati Chatterjee,Kolkata,West Bengal,5,Tried this after seeing the product online and liked the first experience. Good balance of colour and strength for milk tea. Would consider adding it to my next order.,SYNTHETIC SAMPLE — FICTIONAL REVIEW / NOT A REAL CUSTOMER
Premium Aasam Tea 250gm,Aditi Sharma,Visakhapatnam,Andhra Pradesh,5,The packaging was neat and the product looked fresh. The aroma is fresh and the brew comes out nicely. I would buy it again.,SYNTHETIC SAMPLE — FICTIONAL REVIEW / NOT A REAL CUSTOMER
Premium Aasam Tea 250gm,Tanya Rao,Jodhpur,Rajasthan,5,The packaging was neat and the product looked fresh. Good balance of colour and strength for milk tea. I would buy it again.,SYNTHETIC SAMPLE — FICTIONAL REVIEW / NOT A REAL CUSTOMER
Premium Aasam Tea 250gm,Aishwarya Pandey,Pune,Maharashtra,5,"Ordered this recently and the overall quality felt good. Nice size to try before buying a larger pack. So far, a good experience.",SYNTHETIC SAMPLE — FICTIONAL REVIEW / NOT A REAL CUSTOMER
Premium Aasam Tea 250gm,Arpita Chaudhary,Chennai,Tamil Nadu,5,"Tried this after seeing the product online and liked the first experience. The tea has a bold flavour and works well for everyday chai. So far, a good experience.",SYNTHETIC SAMPLE — FICTIONAL REVIEW / NOT A REAL CUSTOMER
Premium Aasam Tea 250gm,Pooja Verma,Chandigarh,Chandigarh,4,"This has been useful for my everyday kitchen routine. Nice size to try before buying a larger pack. Overall, happy with the purchase.",SYNTHETIC SAMPLE — FICTIONAL REVIEW / NOT A REAL CUSTOMER
Premium Aasam Tea 250gm,Arpita Mishra,Jammu,Jammu & Kashmir,5,This has been useful for my everyday kitchen routine. The aroma is fresh and the brew comes out nicely. Good value for regular home use.,SYNTHETIC SAMPLE — FICTIONAL REVIEW / NOT A REAL CUSTOMER
Premium Aasam Tea 250gm,Sana Gill,Patna,Bihar,5,Ordered this recently and the overall quality felt good. The aroma is fresh and the brew comes out nicely. It has become one of the regular items in my kitchen.,SYNTHETIC SAMPLE — FICTIONAL REVIEW / NOT A REAL CUSTOMER
Premium Aasam Tea 250gm,Arjun Reddy,Bengaluru,Karnataka,5,The packaging was neat and the product looked fresh. Good balance of colour and strength for milk tea. No complaints so far.,SYNTHETIC SAMPLE — FICTIONAL REVIEW / NOT A REAL CUSTOMER
Premium Aasam Tea 250gm,Tanya Roy,Noida,Uttar Pradesh,5,"I bought this for regular home use and have been using it quite often. Nice size to try before buying a larger pack. Overall, happy with the purchase.",SYNTHETIC SAMPLE — FICTIONAL REVIEW / NOT A REAL CUSTOMER
Premium Aasam Tea 250gm,Chetan Dhillon,Indore,Madhya Pradesh,5,"Ordered this recently and the overall quality felt good. Good balance of colour and strength for milk tea. So far, a good experience.",SYNTHETIC SAMPLE — FICTIONAL REVIEW / NOT A REAL CUSTOMER
Premium Aasam Tea 250gm,Vikram Roy,Thiruvananthapuram,Kerala,5,"The aroma was noticeable when I opened the pack. Nice size to try before buying a larger pack. So far, a good experience.",SYNTHETIC SAMPLE — FICTIONAL REVIEW / NOT A REAL CUSTOMER
Premium Aasam Tea 250gm,Aarav Jain,Faridabad,Haryana,5,Tried this after seeing the product online and liked the first experience. The aroma is fresh and the brew comes out nicely. I would buy it again.,SYNTHETIC SAMPLE — FICTIONAL REVIEW / NOT A REAL CUSTOMER
Premium Aasam Tea 250gm,Bhavna Pandey,Vadodara,Gujarat,5,I liked the freshness more than I expected. The aroma is fresh and the brew comes out nicely. I am satisfied with the first order.,SYNTHETIC SAMPLE — FICTIONAL REVIEW / NOT A REAL CUSTOMER
Premium Aasam Tea 250gm,Aman Sen,Mysuru,Karnataka,5,I liked the freshness more than I expected. The aroma is fresh and the brew comes out nicely. Would consider adding it to my next order.,SYNTHETIC SAMPLE — FICTIONAL REVIEW / NOT A REAL CUSTOMER
Premium Aasam Tea 250gm,Naveen Bansal,Jalandhar,Punjab,5,"Tried this after seeing the product online and liked the first experience. The aroma is fresh and the brew comes out nicely. Overall, happy with the purchase.",SYNTHETIC SAMPLE — FICTIONAL REVIEW / NOT A REAL CUSTOMER
Premium Aasam Tea 250gm,Nisha Shetty,Dehradun,Uttarakhand,4,Good first impression and the delivery was smooth. Good balance of colour and strength for milk tea. I would buy it again.,SYNTHETIC SAMPLE — FICTIONAL REVIEW / NOT A REAL CUSTOMER
Premium Aasam Tea 250gm,Amrita Sodhi,Bhubaneswar,Odisha,5,The flavour is quite balanced for regular cooking. The tea has a bold flavour and works well for everyday chai. I would buy it again.,SYNTHETIC SAMPLE — FICTIONAL REVIEW / NOT A REAL CUSTOMER
Premium Aasam Tea 250gm,Gauri Khanna,Goa,Goa,5,Ordered this recently and the overall quality felt good. The tea has a bold flavour and works well for everyday chai. It has become one of the regular items in my kitchen.,SYNTHETIC SAMPLE — FICTIONAL REVIEW / NOT A REAL CUSTOMER
Premium Aasam Tea 250gm,Divya Joshi,Kota,Rajasthan,5,Good first impression and the delivery was smooth. The tea has a bold flavour and works well for everyday chai. It has become one of the regular items in my kitchen.,SYNTHETIC SAMPLE — FICTIONAL REVIEW / NOT A REAL CUSTOMER
Premium Aasam Tea 250gm,Vikram Oberoi,Nagpur,Maharashtra,5,"This has been useful for my everyday kitchen routine. Good balance of colour and strength for milk tea. Overall, happy with the purchase.",SYNTHETIC SAMPLE — FICTIONAL REVIEW / NOT A REAL CUSTOMER
Premium Aasam Tea 250gm,Pooja Deshmukh,Coimbatore,Tamil Nadu,5,"I liked the freshness more than I expected. Good balance of colour and strength for milk tea. Overall, happy with the purchase.",SYNTHETIC SAMPLE — FICTIONAL REVIEW / NOT A REAL CUSTOMER
Premium Aasam Tea 250gm,Rohit Shetty,New Delhi,Delhi,5,"Good first impression and the delivery was smooth. The tea has a bold flavour and works well for everyday chai. Overall, happy with the purchase.",SYNTHETIC SAMPLE — FICTIONAL REVIEW / NOT A REAL CUSTOMER
Premium Aasam Tea 250gm,Aditya Rawat,Ahmedabad,Gujarat,5,"The packaging was neat and the product looked fresh. The tea has a bold flavour and works well for everyday chai. So far, a good experience.",SYNTHETIC SAMPLE — FICTIONAL REVIEW / NOT A REAL CUSTOMER
Premium Aasam Tea 250gm,Amit Mehta,Guwahati,Assam,5,Good first impression and the delivery was smooth. The aroma is fresh and the brew comes out nicely. No complaints so far.,SYNTHETIC SAMPLE — FICTIONAL REVIEW / NOT A REAL CUSTOMER
Premium Aasam Tea 250gm,Rakesh Khanna,Amritsar,Punjab,5,"The flavour is quite balanced for regular cooking. The tea has a bold flavour and works well for everyday chai. Overall, happy with the purchase.",SYNTHETIC SAMPLE — FICTIONAL REVIEW / NOT A REAL CUSTOMER
Premium Aasam Tea 250gm,Rohit Joshi,Kanpur,Uttar Pradesh,5,"Ordered this recently and the overall quality felt good. The aroma is fresh and the brew comes out nicely. So far, a good experience.",SYNTHETIC SAMPLE — FICTIONAL REVIEW / NOT A REAL CUSTOMER
Premium Aasam Tea 250gm,Varun Sen,Bhopal,Madhya Pradesh,5,"The flavour is quite balanced for regular cooking. The tea has a bold flavour and works well for everyday chai. Overall, happy with the purchase.",SYNTHETIC SAMPLE — FICTIONAL REVIEW / NOT A REAL CUSTOMER
Premium Aasam Tea 250gm,Nikhil Sen,Vijayawada,Andhra Pradesh,4,This has been useful for my everyday kitchen routine. Nice size to try before buying a larger pack. It has become one of the regular items in my kitchen.,SYNTHETIC SAMPLE — FICTIONAL REVIEW / NOT A REAL CUSTOMER
Premium Aasam Tea 250gm,Harish Pillai,Jaipur,Rajasthan,5,"Ordered this recently and the overall quality felt good. Good balance of colour and strength for milk tea. So far, a good experience.",SYNTHETIC SAMPLE — FICTIONAL REVIEW / NOT A REAL CUSTOMER
Premium Aasam Tea 250gm,Raj Oberoi,Mumbai,Maharashtra,5,"I liked the freshness more than I expected. The tea has a bold flavour and works well for everyday chai. So far, a good experience.",SYNTHETIC SAMPLE — FICTIONAL REVIEW / NOT A REAL CUSTOMER
Premium Aasam Tea 250gm,Srishti Kapoor,Hyderabad,Telangana,5,Ordered this recently and the overall quality felt good. The aroma is fresh and the brew comes out nicely. I would buy it again.,SYNTHETIC SAMPLE — FICTIONAL REVIEW / NOT A REAL CUSTOMER
Premium Aasam Tea 250gm,Rajat Jain,Patiala,Punjab,5,The pack arrived sealed and in good condition. The tea has a bold flavour and works well for everyday chai. It has become one of the regular items in my kitchen.,SYNTHETIC SAMPLE — FICTIONAL REVIEW / NOT A REAL CUSTOMER
Premium Aasam Tea 250gm,Jatin Menon,Shimla,Himachal Pradesh,5,The aroma was noticeable when I opened the pack. The tea has a bold flavour and works well for everyday chai. No complaints so far.,SYNTHETIC SAMPLE — FICTIONAL REVIEW / NOT A REAL CUSTOMER
Premium Aasam Tea 250gm,Arjun Shetty,Ranchi,Jharkhand,4,Ordered this recently and the overall quality felt good. The aroma is fresh and the brew comes out nicely. Would consider adding it to my next order.,SYNTHETIC SAMPLE — FICTIONAL REVIEW / NOT A REAL CUSTOMER
Premium Aasam Tea 250gm,Sunil Hegde,Raipur,Chhattisgarh,5,The aroma was noticeable when I opened the pack. Nice size to try before buying a larger pack. I would buy it again.,SYNTHETIC SAMPLE — FICTIONAL REVIEW / NOT A REAL CUSTOMER
Premium Aasam Tea 250gm,Yash Das,Lucknow,Uttar Pradesh,5,"This has been useful for my everyday kitchen routine. Nice size to try before buying a larger pack. So far, a good experience.",SYNTHETIC SAMPLE — FICTIONAL REVIEW / NOT A REAL CUSTOMER
Premium Aasam Tea 250gm,Rakesh Yadav,Nashik,Maharashtra,4,"Tried this after seeing the product online and liked the first experience. Nice size to try before buying a larger pack. Overall, happy with the purchase.",SYNTHETIC SAMPLE — FICTIONAL REVIEW / NOT A REAL CUSTOMER
Premium Aasam Tea 250gm,Sanjana Sandhu,Kochi,Kerala,5,"This has been useful for my everyday kitchen routine. The aroma is fresh and the brew comes out nicely. So far, a good experience.",SYNTHETIC SAMPLE — FICTIONAL REVIEW / NOT A REAL CUSTOMER
Premium Aasam Tea 250gm,Sameer Kapoor,Gurugram,Haryana,5,The aroma was noticeable when I opened the pack. The tea has a bold flavour and works well for everyday chai. Would consider adding it to my next order.,SYNTHETIC SAMPLE — FICTIONAL REVIEW / NOT A REAL CUSTOMER
Premium Aasam Tea 250gm,Rahul Arora,Surat,Gujarat,5,I liked the freshness more than I expected. The aroma is fresh and the brew comes out nicely. It has become one of the regular items in my kitchen.,SYNTHETIC SAMPLE — FICTIONAL REVIEW / NOT A REAL CUSTOMER
Classic Tea 500gm,Divya Gill,Kota,Rajasthan,5,"The pack arrived sealed and in good condition. Makes a good strong cup without needing a lot of tea leaves. So far, a good experience.",SYNTHETIC SAMPLE — FICTIONAL REVIEW / NOT A REAL CUSTOMER
Classic Tea 500gm,Arpita Kaur,Nagpur,Maharashtra,5,"The flavour is quite balanced for regular cooking. I liked it for regular family tea because the flavour is easy to drink. Overall, happy with the purchase.",SYNTHETIC SAMPLE — FICTIONAL REVIEW / NOT A REAL CUSTOMER
Classic Tea 500gm,Amit Malhotra,Coimbatore,Tamil Nadu,5,This has been useful for my everyday kitchen routine. I liked it for regular family tea because the flavour is easy to drink. Would consider adding it to my next order.,SYNTHETIC SAMPLE — FICTIONAL REVIEW / NOT A REAL CUSTOMER
Classic Tea 500gm,Varun Menon,New Delhi,Delhi,5,The flavour is quite balanced for regular cooking. The brew has a nice colour and a comfortable everyday taste. I would buy it again.,SYNTHETIC SAMPLE — FICTIONAL REVIEW / NOT A REAL CUSTOMER
Classic Tea 500gm,Vikas Malhotra,Ahmedabad,Gujarat,4,Tried this after seeing the product online and liked the first experience. Makes a good strong cup without needing a lot of tea leaves. I would buy it again.,SYNTHETIC SAMPLE — FICTIONAL REVIEW / NOT A REAL CUSTOMER
Classic Tea 500gm,Tanya Yadav,Guwahati,Assam,5,The aroma was noticeable when I opened the pack. I liked it for regular family tea because the flavour is easy to drink. Would consider adding it to my next order.,SYNTHETIC SAMPLE — FICTIONAL REVIEW / NOT A REAL CUSTOMER
Classic Tea 500gm,Rhea Malhotra,Amritsar,Punjab,5,Tried this after seeing the product online and liked the first experience. The brew has a nice colour and a comfortable everyday taste. No complaints so far.,SYNTHETIC SAMPLE — FICTIONAL REVIEW / NOT A REAL CUSTOMER
Classic Tea 500gm,Rajat Chatterjee,Kanpur,Uttar Pradesh,5,Ordered this recently and the overall quality felt good. I liked it for regular family tea because the flavour is easy to drink. I would buy it again.,SYNTHETIC SAMPLE — FICTIONAL REVIEW / NOT A REAL CUSTOMER
Classic Tea 500gm,Ashish Arora,Bhopal,Madhya Pradesh,5,Tried this after seeing the product online and liked the first experience. I liked it for regular family tea because the flavour is easy to drink. I am satisfied with the first order.,SYNTHETIC SAMPLE — FICTIONAL REVIEW / NOT A REAL CUSTOMER
Classic Tea 500gm,Sanjay Tiwari,Vijayawada,Andhra Pradesh,5,Tried this after seeing the product online and liked the first experience. I liked it for regular family tea because the flavour is easy to drink. No complaints so far.,SYNTHETIC SAMPLE — FICTIONAL REVIEW / NOT A REAL CUSTOMER
Classic Tea 500gm,Rashi Mishra,Jaipur,Rajasthan,5,The flavour is quite balanced for regular cooking. Makes a good strong cup without needing a lot of tea leaves. I am satisfied with the first order.,SYNTHETIC SAMPLE — FICTIONAL REVIEW / NOT A REAL CUSTOMER
Classic Tea 500gm,Rhea Dutta,Mumbai,Maharashtra,5,The aroma was noticeable when I opened the pack. A straightforward everyday tea with a familiar chai taste. Would consider adding it to my next order.,SYNTHETIC SAMPLE — FICTIONAL REVIEW / NOT A REAL CUSTOMER
Classic Tea 500gm,Manish Tripathi,Hyderabad,Telangana,5,Good first impression and the delivery was smooth. The brew has a nice colour and a comfortable everyday taste. It has become one of the regular items in my kitchen.,SYNTHETIC SAMPLE — FICTIONAL REVIEW / NOT A REAL CUSTOMER
Classic Tea 500gm,Ashish Kapoor,Patiala,Punjab,3,I bought this for regular home use and have been using it quite often. I liked it for regular family tea because the flavour is easy to drink. I would buy it again.,SYNTHETIC SAMPLE — FICTIONAL REVIEW / NOT A REAL CUSTOMER
Classic Tea 500gm,Vikram Bisht,Shimla,Himachal Pradesh,5,"I bought this for regular home use and have been using it quite often. Makes a good strong cup without needing a lot of tea leaves. Overall, happy with the purchase.",SYNTHETIC SAMPLE — FICTIONAL REVIEW / NOT A REAL CUSTOMER
Classic Tea 500gm,Bhavna Ghosh,Ranchi,Jharkhand,5,This has been useful for my everyday kitchen routine. Makes a good strong cup without needing a lot of tea leaves. Good value for regular home use.,SYNTHETIC SAMPLE — FICTIONAL REVIEW / NOT A REAL CUSTOMER
Classic Tea 500gm,Dev Shah,Raipur,Chhattisgarh,5,The pack arrived sealed and in good condition. The brew has a nice colour and a comfortable everyday taste. Would consider adding it to my next order.,SYNTHETIC SAMPLE — FICTIONAL REVIEW / NOT A REAL CUSTOMER
Classic Tea 500gm,Meena Tripathi,Lucknow,Uttar Pradesh,5,Good first impression and the delivery was smooth. Makes a good strong cup without needing a lot of tea leaves. Good value for regular home use.,SYNTHETIC SAMPLE — FICTIONAL REVIEW / NOT A REAL CUSTOMER
Classic Tea 500gm,Tanya Bansal,Nashik,Maharashtra,5,Ordered this recently and the overall quality felt good. A straightforward everyday tea with a familiar chai taste. Good value for regular home use.,SYNTHETIC SAMPLE — FICTIONAL REVIEW / NOT A REAL CUSTOMER
Classic Tea 500gm,Chetan Kaur,Kochi,Kerala,5,Good first impression and the delivery was smooth. The brew has a nice colour and a comfortable everyday taste. It has become one of the regular items in my kitchen.,SYNTHETIC SAMPLE — FICTIONAL REVIEW / NOT A REAL CUSTOMER
Classic Tea 500gm,Naveen Arora,Gurugram,Haryana,4,The pack arrived sealed and in good condition. The brew has a nice colour and a comfortable everyday taste. Would consider adding it to my next order.,SYNTHETIC SAMPLE — FICTIONAL REVIEW / NOT A REAL CUSTOMER
Classic Tea 500gm,Gaurav Shah,Surat,Gujarat,5,The pack arrived sealed and in good condition. Makes a good strong cup without needing a lot of tea leaves. Good value for regular home use.,SYNTHETIC SAMPLE — FICTIONAL REVIEW / NOT A REAL CUSTOMER
Classic Tea 500gm,Sanjay Kulkarni,Bengaluru,Karnataka,5,I bought this for regular home use and have been using it quite often. A straightforward everyday tea with a familiar chai taste. I would buy it again.,SYNTHETIC SAMPLE — FICTIONAL REVIEW / NOT A REAL CUSTOMER
Classic Tea 500gm,Naveen Deshmukh,Ludhiana,Punjab,5,This has been useful for my everyday kitchen routine. A straightforward everyday tea with a familiar chai taste. No complaints so far.,SYNTHETIC SAMPLE — FICTIONAL REVIEW / NOT A REAL CUSTOMER
Classic Tea 500gm,Megha Pawar,Varanasi,Uttar Pradesh,5,The aroma was noticeable when I opened the pack. A straightforward everyday tea with a familiar chai taste. No complaints so far.,SYNTHETIC SAMPLE — FICTIONAL REVIEW / NOT A REAL CUSTOMER
Classic Tea 500gm,Sanjay Agarwal,Kolkata,West Bengal,5,"Tried this after seeing the product online and liked the first experience. Makes a good strong cup without needing a lot of tea leaves. So far, a good experience.",SYNTHETIC SAMPLE — FICTIONAL REVIEW / NOT A REAL CUSTOMER
Classic Tea 500gm,Harpreet Rao,Visakhapatnam,Andhra Pradesh,5,I liked the freshness more than I expected. Makes a good strong cup without needing a lot of tea leaves. It has become one of the regular items in my kitchen.,SYNTHETIC SAMPLE — FICTIONAL REVIEW / NOT A REAL CUSTOMER
Classic Tea 500gm,Sunil Tiwari,Jodhpur,Rajasthan,5,The pack arrived sealed and in good condition. I liked it for regular family tea because the flavour is easy to drink. It has become one of the regular items in my kitchen.,SYNTHETIC SAMPLE — FICTIONAL REVIEW / NOT A REAL CUSTOMER
Classic Tea 500gm,Kavita Bhattacharya,Pune,Maharashtra,4,"I liked the freshness more than I expected. I liked it for regular family tea because the flavour is easy to drink. Overall, happy with the purchase.",SYNTHETIC SAMPLE — FICTIONAL REVIEW / NOT A REAL CUSTOMER
Classic Tea 500gm,Varun Patil,Chennai,Tamil Nadu,5,I bought this for regular home use and have been using it quite often. I liked it for regular family tea because the flavour is easy to drink. I am satisfied with the first order.,SYNTHETIC SAMPLE — FICTIONAL REVIEW / NOT A REAL CUSTOMER
Classic Tea 500gm,Aishwarya Rawat,Chandigarh,Chandigarh,5,The flavour is quite balanced for regular cooking. A straightforward everyday tea with a familiar chai taste. I would buy it again.,SYNTHETIC SAMPLE — FICTIONAL REVIEW / NOT A REAL CUSTOMER
Classic Tea 500gm,Ananya Patel,Jammu,Jammu & Kashmir,5,The pack arrived sealed and in good condition. Makes a good strong cup without needing a lot of tea leaves. I would buy it again.,SYNTHETIC SAMPLE — FICTIONAL REVIEW / NOT A REAL CUSTOMER
Classic Tea 500gm,Aditi Arora,Patna,Bihar,5,Tried this after seeing the product online and liked the first experience. Makes a good strong cup without needing a lot of tea leaves. Good value for regular home use.,SYNTHETIC SAMPLE — FICTIONAL REVIEW / NOT A REAL CUSTOMER
Classic Tea 500gm,Neha Kohli,Bengaluru,Karnataka,5,"This has been useful for my everyday kitchen routine. The brew has a nice colour and a comfortable everyday taste. Overall, happy with the purchase.",SYNTHETIC SAMPLE — FICTIONAL REVIEW / NOT A REAL CUSTOMER
Classic Tea 500gm,Priya Sandhu,Noida,Uttar Pradesh,4,The flavour is quite balanced for regular cooking. A straightforward everyday tea with a familiar chai taste. I would buy it again.,SYNTHETIC SAMPLE — FICTIONAL REVIEW / NOT A REAL CUSTOMER
Classic Tea 500gm,Akash Kohli,Indore,Madhya Pradesh,5,Good first impression and the delivery was smooth. The brew has a nice colour and a comfortable everyday taste. I would buy it again.,SYNTHETIC SAMPLE — FICTIONAL REVIEW / NOT A REAL CUSTOMER
Classic Tea 500gm,Manish Rao,Thiruvananthapuram,Kerala,5,"Tried this after seeing the product online and liked the first experience. Makes a good strong cup without needing a lot of tea leaves. So far, a good experience.",SYNTHETIC SAMPLE — FICTIONAL REVIEW / NOT A REAL CUSTOMER
Classic Tea 500gm,Rishi Bhattacharya,Faridabad,Haryana,5,"I liked the freshness more than I expected. Makes a good strong cup without needing a lot of tea leaves. Overall, happy with the purchase.",SYNTHETIC SAMPLE — FICTIONAL REVIEW / NOT A REAL CUSTOMER
Classic Tea 500gm,Naveen Hegde,Vadodara,Gujarat,5,The packaging was neat and the product looked fresh. I liked it for regular family tea because the flavour is easy to drink. I would buy it again.,SYNTHETIC SAMPLE — FICTIONAL REVIEW / NOT A REAL CUSTOMER
Classic Tea 500gm,Dev Pawar,Mysuru,Karnataka,5,"Ordered this recently and the overall quality felt good. The brew has a nice colour and a comfortable everyday taste. So far, a good experience.",SYNTHETIC SAMPLE — FICTIONAL REVIEW / NOT A REAL CUSTOMER
Classic Tea 500gm,Shalini Sharma,Jalandhar,Punjab,5,"I liked the freshness more than I expected. A straightforward everyday tea with a familiar chai taste. So far, a good experience.",SYNTHETIC SAMPLE — FICTIONAL REVIEW / NOT A REAL CUSTOMER
Classic Tea 500gm,Rohit Hegde,Dehradun,Uttarakhand,5,The aroma was noticeable when I opened the pack. I liked it for regular family tea because the flavour is easy to drink. I am satisfied with the first order.,SYNTHETIC SAMPLE — FICTIONAL REVIEW / NOT A REAL CUSTOMER
Classic Tea 500gm,Bharat Joshi,Bhubaneswar,Odisha,5,I bought this for regular home use and have been using it quite often. A straightforward everyday tea with a familiar chai taste. Good value for regular home use.,SYNTHETIC SAMPLE — FICTIONAL REVIEW / NOT A REAL CUSTOMER
Classic Tea 500gm,Ankit Kohli,Goa,Goa,5,Ordered this recently and the overall quality felt good. Makes a good strong cup without needing a lot of tea leaves. I would buy it again.,SYNTHETIC SAMPLE — FICTIONAL REVIEW / NOT A REAL CUSTOMER
Classic Tea 500gm,Sunil Dutta,Kota,Rajasthan,5,"The packaging was neat and the product looked fresh. The brew has a nice colour and a comfortable everyday taste. Overall, happy with the purchase.",SYNTHETIC SAMPLE — FICTIONAL REVIEW / NOT A REAL CUSTOMER
Classic Tea 500gm,Sameer Sinha,Nagpur,Maharashtra,5,Ordered this recently and the overall quality felt good. The brew has a nice colour and a comfortable everyday taste. No complaints so far.,SYNTHETIC SAMPLE — FICTIONAL REVIEW / NOT A REAL CUSTOMER
Classic Tea 500gm,Pradeep Chopra,Coimbatore,Tamil Nadu,5,Ordered this recently and the overall quality felt good. I liked it for regular family tea because the flavour is easy to drink. Would consider adding it to my next order.,SYNTHETIC SAMPLE — FICTIONAL REVIEW / NOT A REAL CUSTOMER
Classic Tea 500gm,Sanjay Mishra,New Delhi,Delhi,5,The aroma was noticeable when I opened the pack. The brew has a nice colour and a comfortable everyday taste. No complaints so far.,SYNTHETIC SAMPLE — FICTIONAL REVIEW / NOT A REAL CUSTOMER
Classic Tea 500gm,Arpita Mukherjee,Ahmedabad,Gujarat,5,Good first impression and the delivery was smooth. Makes a good strong cup without needing a lot of tea leaves. I am satisfied with the first order.,SYNTHETIC SAMPLE — FICTIONAL REVIEW / NOT A REAL CUSTOMER
Classic Tea 500gm,Aarav Menon,Guwahati,Assam,5,"I liked the freshness more than I expected. Makes a good strong cup without needing a lot of tea leaves. So far, a good experience.",SYNTHETIC SAMPLE — FICTIONAL REVIEW / NOT A REAL CUSTOMER
Classic Tea 500gm,Bharat Arora,Amritsar,Punjab,5,This has been useful for my everyday kitchen routine. The brew has a nice colour and a comfortable everyday taste. I would buy it again.,SYNTHETIC SAMPLE — FICTIONAL REVIEW / NOT A REAL CUSTOMER
Classic Tea 500gm,Simran Mukherjee,Kanpur,Uttar Pradesh,5,Good first impression and the delivery was smooth. Makes a good strong cup without needing a lot of tea leaves. I am satisfied with the first order.,SYNTHETIC SAMPLE — FICTIONAL REVIEW / NOT A REAL CUSTOMER
Classic Tea 500gm,Sourav Patil,Bhopal,Madhya Pradesh,4,This has been useful for my everyday kitchen routine. I liked it for regular family tea because the flavour is easy to drink. No complaints so far.,SYNTHETIC SAMPLE — FICTIONAL REVIEW / NOT A REAL CUSTOMER
Classic Tea 500gm,Ashish Tripathi,Vijayawada,Andhra Pradesh,5,I liked the freshness more than I expected. Makes a good strong cup without needing a lot of tea leaves. I am satisfied with the first order.,SYNTHETIC SAMPLE — FICTIONAL REVIEW / NOT A REAL CUSTOMER
Classic Tea 500gm,Pradeep Mukherjee,Jaipur,Rajasthan,5,I liked the freshness more than I expected. Makes a good strong cup without needing a lot of tea leaves. Good value for regular home use.,SYNTHETIC SAMPLE — FICTIONAL REVIEW / NOT A REAL CUSTOMER
Classic Tea 500gm,Rhea Tiwari,Mumbai,Maharashtra,5,"Ordered this recently and the overall quality felt good. The brew has a nice colour and a comfortable everyday taste. Overall, happy with the purchase.",SYNTHETIC SAMPLE — FICTIONAL REVIEW / NOT A REAL CUSTOMER
Classic Tea 500gm,Simran Jain,Hyderabad,Telangana,5,The aroma was noticeable when I opened the pack. I liked it for regular family tea because the flavour is easy to drink. Good value for regular home use.,SYNTHETIC SAMPLE — FICTIONAL REVIEW / NOT A REAL CUSTOMER
Classic Tea 500gm,Shalini Sodhi,Patiala,Punjab,4,I liked the freshness more than I expected. The brew has a nice colour and a comfortable everyday taste. I would buy it again.,SYNTHETIC SAMPLE — FICTIONAL REVIEW / NOT A REAL CUSTOMER
Classic Tea 500gm,Tarun Mukherjee,Shimla,Himachal Pradesh,5,The pack arrived sealed and in good condition. Makes a good strong cup without needing a lot of tea leaves. I am satisfied with the first order.,SYNTHETIC SAMPLE — FICTIONAL REVIEW / NOT A REAL CUSTOMER
Classic Tea 500gm,Simran Dutta,Ranchi,Jharkhand,5,The flavour is quite balanced for regular cooking. A straightforward everyday tea with a familiar chai taste. Good value for regular home use.,SYNTHETIC SAMPLE — FICTIONAL REVIEW / NOT A REAL CUSTOMER
Classic Tea 500gm,Chetan Ghosh,Raipur,Chhattisgarh,5,"The packaging was neat and the product looked fresh. A straightforward everyday tea with a familiar chai taste. So far, a good experience.",SYNTHETIC SAMPLE — FICTIONAL REVIEW / NOT A REAL CUSTOMER
Classic Tea 500gm,Sunil Rao,Lucknow,Uttar Pradesh,5,The flavour is quite balanced for regular cooking. A straightforward everyday tea with a familiar chai taste. Good value for regular home use.,SYNTHETIC SAMPLE — FICTIONAL REVIEW / NOT A REAL CUSTOMER
Classic Tea 500gm,Manish Mishra,Nashik,Maharashtra,3,Good first impression and the delivery was smooth. A straightforward everyday tea with a familiar chai taste. I am satisfied with the first order.,SYNTHETIC SAMPLE — FICTIONAL REVIEW / NOT A REAL CUSTOMER
Classic Tea 500gm,Deepak Yadav,Kochi,Kerala,4,Tried this after seeing the product online and liked the first experience. Makes a good strong cup without needing a lot of tea leaves. I would buy it again.,SYNTHETIC SAMPLE — FICTIONAL REVIEW / NOT A REAL CUSTOMER
Classic Tea 500gm,Varun Iyer,Gurugram,Haryana,4,"The aroma was noticeable when I opened the pack. A straightforward everyday tea with a familiar chai taste. Overall, happy with the purchase.",SYNTHETIC SAMPLE — FICTIONAL REVIEW / NOT A REAL CUSTOMER
Classic Tea 500gm,Arjun Pillai,Surat,Gujarat,5,I bought this for regular home use and have been using it quite often. A straightforward everyday tea with a familiar chai taste. Would consider adding it to my next order.,SYNTHETIC SAMPLE — FICTIONAL REVIEW / NOT A REAL CUSTOMER
Classic Tea 500gm,Simran Oberoi,Bengaluru,Karnataka,5,I liked the freshness more than I expected. A straightforward everyday tea with a familiar chai taste. No complaints so far.,SYNTHETIC SAMPLE — FICTIONAL REVIEW / NOT A REAL CUSTOMER
Classic Tea 500gm,Harish Mishra,Ludhiana,Punjab,5,The pack arrived sealed and in good condition. Makes a good strong cup without needing a lot of tea leaves. I am satisfied with the first order.,SYNTHETIC SAMPLE — FICTIONAL REVIEW / NOT A REAL CUSTOMER
Classic Tea 500gm,Aarav Mehta,Varanasi,Uttar Pradesh,5,I liked the freshness more than I expected. Makes a good strong cup without needing a lot of tea leaves. It has become one of the regular items in my kitchen.,SYNTHETIC SAMPLE — FICTIONAL REVIEW / NOT A REAL CUSTOMER
Classic Tea 500gm,Amrita Roy,Kolkata,West Bengal,5,"The pack arrived sealed and in good condition. Makes a good strong cup without needing a lot of tea leaves. So far, a good experience.",SYNTHETIC SAMPLE — FICTIONAL REVIEW / NOT A REAL CUSTOMER
Classic Tea 500gm,Aditya Deshmukh,Visakhapatnam,Andhra Pradesh,3,Tried this after seeing the product online and liked the first experience. A straightforward everyday tea with a familiar chai taste. I would buy it again.,SYNTHETIC SAMPLE — FICTIONAL REVIEW / NOT A REAL CUSTOMER
Classic Tea 500gm,Pooja Ghosh,Jodhpur,Rajasthan,5,Ordered this recently and the overall quality felt good. A straightforward everyday tea with a familiar chai taste. Good value for regular home use.,SYNTHETIC SAMPLE — FICTIONAL REVIEW / NOT A REAL CUSTOMER
Classic Tea 500gm,Rhea Shah,Pune,Maharashtra,5,The pack arrived sealed and in good condition. I liked it for regular family tea because the flavour is easy to drink. I am satisfied with the first order.,SYNTHETIC SAMPLE — FICTIONAL REVIEW / NOT A REAL CUSTOMER
Classic Tea 500gm,Amrita Pandey,Chennai,Tamil Nadu,5,"Good first impression and the delivery was smooth. I liked it for regular family tea because the flavour is easy to drink. Overall, happy with the purchase.",SYNTHETIC SAMPLE — FICTIONAL REVIEW / NOT A REAL CUSTOMER
Classic Tea 500gm,Anjali Verma,Chandigarh,Chandigarh,5,I bought this for regular home use and have been using it quite often. The brew has a nice colour and a comfortable everyday taste. No complaints so far.,SYNTHETIC SAMPLE — FICTIONAL REVIEW / NOT A REAL CUSTOMER
Classic Tea 500gm,Nikhil Thakur,Jammu,Jammu & Kashmir,5,Good first impression and the delivery was smooth. I liked it for regular family tea because the flavour is easy to drink. It has become one of the regular items in my kitchen.,SYNTHETIC SAMPLE — FICTIONAL REVIEW / NOT A REAL CUSTOMER
Classic Tea 500gm,Saurabh Sethi,Patna,Bihar,5,This has been useful for my everyday kitchen routine. Makes a good strong cup without needing a lot of tea leaves. No complaints so far.,SYNTHETIC SAMPLE — FICTIONAL REVIEW / NOT A REAL CUSTOMER
Classic Tea 500gm,Aditi Nair,Bengaluru,Karnataka,5,Good first impression and the delivery was smooth. A straightforward everyday tea with a familiar chai taste. No complaints so far.,SYNTHETIC SAMPLE — FICTIONAL REVIEW / NOT A REAL CUSTOMER
Classic Tea 500gm,Deepika Chopra,Noida,Uttar Pradesh,5,Ordered this recently and the overall quality felt good. I liked it for regular family tea because the flavour is easy to drink. I would buy it again.,SYNTHETIC SAMPLE — FICTIONAL REVIEW / NOT A REAL CUSTOMER
Classic Tea 500gm,Priya Iyer,Indore,Madhya Pradesh,5,The packaging was neat and the product looked fresh. Makes a good strong cup without needing a lot of tea leaves. No complaints so far.,SYNTHETIC SAMPLE — FICTIONAL REVIEW / NOT A REAL CUSTOMER
Classic Tea 500gm,Sonam Shetty,Thiruvananthapuram,Kerala,5,The packaging was neat and the product looked fresh. The brew has a nice colour and a comfortable everyday taste. Good value for regular home use.,SYNTHETIC SAMPLE — FICTIONAL REVIEW / NOT A REAL CUSTOMER
Classic Tea 500gm,Arjun Malhotra,Faridabad,Haryana,3,I bought this for regular home use and have been using it quite often. Makes a good strong cup without needing a lot of tea leaves. I would buy it again.,SYNTHETIC SAMPLE — FICTIONAL REVIEW / NOT A REAL CUSTOMER
Classic Tea 500gm,Pallavi Kaur,Vadodara,Gujarat,5,Good first impression and the delivery was smooth. Makes a good strong cup without needing a lot of tea leaves. Good value for regular home use.,SYNTHETIC SAMPLE — FICTIONAL REVIEW / NOT A REAL CUSTOMER
Classic Tea 500gm,Isha Jain,Mysuru,Karnataka,5,The aroma was noticeable when I opened the pack. The brew has a nice colour and a comfortable everyday taste. It has become one of the regular items in my kitchen.,SYNTHETIC SAMPLE — FICTIONAL REVIEW / NOT A REAL CUSTOMER
Classic Tea 500gm,Sneha Patel,Jalandhar,Punjab,5,I liked the freshness more than I expected. The brew has a nice colour and a comfortable everyday taste. It has become one of the regular items in my kitchen.,SYNTHETIC SAMPLE — FICTIONAL REVIEW / NOT A REAL CUSTOMER
Classic Tea 500gm,Naveen Pandey,Dehradun,Uttarakhand,4,Ordered this recently and the overall quality felt good. I liked it for regular family tea because the flavour is easy to drink. It has become one of the regular items in my kitchen.,SYNTHETIC SAMPLE — FICTIONAL REVIEW / NOT A REAL CUSTOMER
Classic Tea 500gm,Akash Pandey,Bhubaneswar,Odisha,5,The flavour is quite balanced for regular cooking. A straightforward everyday tea with a familiar chai taste. Would consider adding it to my next order.,SYNTHETIC SAMPLE — FICTIONAL REVIEW / NOT A REAL CUSTOMER
Classic Tea 500gm,Ashish Agarwal,Goa,Goa,5,Ordered this recently and the overall quality felt good. A straightforward everyday tea with a familiar chai taste. No complaints so far.,SYNTHETIC SAMPLE — FICTIONAL REVIEW / NOT A REAL CUSTOMER
Classic Tea 500gm,Aman Joshi,Kota,Rajasthan,5,The pack arrived sealed and in good condition. The brew has a nice colour and a comfortable everyday taste. Good value for regular home use.,SYNTHETIC SAMPLE — FICTIONAL REVIEW / NOT A REAL CUSTOMER
Classic Tea 500gm,Jatin Shah,Nagpur,Maharashtra,5,Ordered this recently and the overall quality felt good. I liked it for regular family tea because the flavour is easy to drink. Would consider adding it to my next order.,SYNTHETIC SAMPLE — FICTIONAL REVIEW / NOT A REAL CUSTOMER
Classic Tea 500gm,Shalini Kulkarni,Coimbatore,Tamil Nadu,5,I liked the freshness more than I expected. I liked it for regular family tea because the flavour is easy to drink. I am satisfied with the first order.,SYNTHETIC SAMPLE — FICTIONAL REVIEW / NOT A REAL CUSTOMER
Classic Tea 500gm,Rishi Gill,New Delhi,Delhi,4,"I bought this for regular home use and have been using it quite often. I liked it for regular family tea because the flavour is easy to drink. Overall, happy with the purchase.",SYNTHETIC SAMPLE — FICTIONAL REVIEW / NOT A REAL CUSTOMER
Classic Tea 500gm,Nisha Kohli,Ahmedabad,Gujarat,5,This has been useful for my everyday kitchen routine. Makes a good strong cup without needing a lot of tea leaves. It has become one of the regular items in my kitchen.,SYNTHETIC SAMPLE — FICTIONAL REVIEW / NOT A REAL CUSTOMER
Red Chilli Powder,Monika Ghosh,Dehradun,Uttarakhand,4,"Tried this after seeing the product online and liked the first experience. It adds both colour and a noticeable kick to curries. Overall, happy with the purchase.",SYNTHETIC SAMPLE — FICTIONAL REVIEW / NOT A REAL CUSTOMER
Red Chilli Powder,Anil Dhillon,Bhubaneswar,Odisha,5,"This has been useful for my everyday kitchen routine. Used it in tadka, paneer and sabzi; the spice level worked well. No complaints so far.",SYNTHETIC SAMPLE — FICTIONAL REVIEW / NOT A REAL CUSTOMER
Red Chilli Powder,Sourav Thakur,Goa,Goa,5,Tried this after seeing the product online and liked the first experience. The powder looked fresh and mixed easily into gravy. Good value for regular home use.,SYNTHETIC SAMPLE — FICTIONAL REVIEW / NOT A REAL CUSTOMER
Red Chilli Powder,Rishi Sodhi,Kota,Rajasthan,5,Good first impression and the delivery was smooth. The colour is good and the heat is suitable for normal Indian cooking. I would buy it again.,SYNTHETIC SAMPLE — FICTIONAL REVIEW / NOT A REAL CUSTOMER
Red Chilli Powder,Rahul Joshi,Nagpur,Maharashtra,4,Tried this after seeing the product online and liked the first experience. The powder looked fresh and mixed easily into gravy. No complaints so far.,SYNTHETIC SAMPLE — FICTIONAL REVIEW / NOT A REAL CUSTOMER
Red Chilli Powder,Rahul Pandey,Coimbatore,Tamil Nadu,5,"Ordered this recently and the overall quality felt good. Used it in tadka, paneer and sabzi; the spice level worked well. Overall, happy with the purchase.",SYNTHETIC SAMPLE — FICTIONAL REVIEW / NOT A REAL CUSTOMER
Red Chilli Powder,Ravi Chatterjee,New Delhi,Delhi,5,I bought this for regular home use and have been using it quite often. The powder looked fresh and mixed easily into gravy. No complaints so far.,SYNTHETIC SAMPLE — FICTIONAL REVIEW / NOT A REAL CUSTOMER
Red Chilli Powder,Ashish Tiwari,Ahmedabad,Gujarat,5,The packaging was neat and the product looked fresh. The colour is good and the heat is suitable for normal Indian cooking. I am satisfied with the first order.,SYNTHETIC SAMPLE — FICTIONAL REVIEW / NOT A REAL CUSTOMER
Red Chilli Powder,Bharat Verma,Guwahati,Assam,5,"The flavour is quite balanced for regular cooking. Used it in tadka, paneer and sabzi; the spice level worked well. Good value for regular home use.",SYNTHETIC SAMPLE — FICTIONAL REVIEW / NOT A REAL CUSTOMER
Red Chilli Powder,Aditi Sodhi,Amritsar,Punjab,3,The flavour is quite balanced for regular cooking. The colour is good and the heat is suitable for normal Indian cooking. I would buy it again.,SYNTHETIC SAMPLE — FICTIONAL REVIEW / NOT A REAL CUSTOMER
Red Chilli Powder,Megha Hegde,Kanpur,Uttar Pradesh,5,I bought this for regular home use and have been using it quite often. The colour is good and the heat is suitable for normal Indian cooking. No complaints so far.,SYNTHETIC SAMPLE — FICTIONAL REVIEW / NOT A REAL CUSTOMER
Red Chilli Powder,Ashish Bhattacharya,Bhopal,Madhya Pradesh,4,"This has been useful for my everyday kitchen routine. Used it in tadka, paneer and sabzi; the spice level worked well. Good value for regular home use.",SYNTHETIC SAMPLE — FICTIONAL REVIEW / NOT A REAL CUSTOMER
Red Chilli Powder,Sameer Pillai,Vijayawada,Andhra Pradesh,4,The flavour is quite balanced for regular cooking. The colour is good and the heat is suitable for normal Indian cooking. It has become one of the regular items in my kitchen.,SYNTHETIC SAMPLE — FICTIONAL REVIEW / NOT A REAL CUSTOMER
Red Chilli Powder,Vikas Pawar,Jaipur,Rajasthan,5,"The aroma was noticeable when I opened the pack. Used it in tadka, paneer and sabzi; the spice level worked well. I would buy it again.",SYNTHETIC SAMPLE — FICTIONAL REVIEW / NOT A REAL CUSTOMER
Red Chilli Powder,Ankit Sandhu,Mumbai,Maharashtra,5,"Tried this after seeing the product online and liked the first experience. The powder looked fresh and mixed easily into gravy. So far, a good experience.",SYNTHETIC SAMPLE — FICTIONAL REVIEW / NOT A REAL CUSTOMER
Red Chilli Powder,Vikas Sharma,Hyderabad,Telangana,5,Good first impression and the delivery was smooth. It adds both colour and a noticeable kick to curries. Good value for regular home use.,SYNTHETIC SAMPLE — FICTIONAL REVIEW / NOT A REAL CUSTOMER
Red Chilli Powder,Sanjana Mukherjee,Patiala,Punjab,5,"Tried this after seeing the product online and liked the first experience. The colour is good and the heat is suitable for normal Indian cooking. Overall, happy with the purchase.",SYNTHETIC SAMPLE — FICTIONAL REVIEW / NOT A REAL CUSTOMER
Red Chilli Powder,Ankit Ghosh,Shimla,Himachal Pradesh,5,"The flavour is quite balanced for regular cooking. The colour is good and the heat is suitable for normal Indian cooking. So far, a good experience.",SYNTHETIC SAMPLE — FICTIONAL REVIEW / NOT A REAL CUSTOMER
Red Chilli Powder,Aman Sodhi,Ranchi,Jharkhand,5,This has been useful for my everyday kitchen routine. It adds both colour and a noticeable kick to curries. I would buy it again.,SYNTHETIC SAMPLE — FICTIONAL REVIEW / NOT A REAL CUSTOMER
Red Chilli Powder,Amrita Tiwari,Raipur,Chhattisgarh,5,"The flavour is quite balanced for regular cooking. The colour is good and the heat is suitable for normal Indian cooking. Overall, happy with the purchase.",SYNTHETIC SAMPLE — FICTIONAL REVIEW / NOT A REAL CUSTOMER
Red Chilli Powder,Aman Gill,Lucknow,Uttar Pradesh,5,"I bought this for regular home use and have been using it quite often. Used it in tadka, paneer and sabzi; the spice level worked well. It has become one of the regular items in my kitchen.",SYNTHETIC SAMPLE — FICTIONAL REVIEW / NOT A REAL CUSTOMER
Red Chilli Powder,Jatin Bedi,Nashik,Maharashtra,5,"Good first impression and the delivery was smooth. It adds both colour and a noticeable kick to curries. Overall, happy with the purchase.",SYNTHETIC SAMPLE — FICTIONAL REVIEW / NOT A REAL CUSTOMER
Red Chilli Powder,Aarav Banerjee,Kochi,Kerala,5,Good first impression and the delivery was smooth. The colour is good and the heat is suitable for normal Indian cooking. I would buy it again.,SYNTHETIC SAMPLE — FICTIONAL REVIEW / NOT A REAL CUSTOMER
Red Chilli Powder,Nikhil Sodhi,Gurugram,Haryana,5,"I liked the freshness more than I expected. The colour is good and the heat is suitable for normal Indian cooking. Overall, happy with the purchase.",SYNTHETIC SAMPLE — FICTIONAL REVIEW / NOT A REAL CUSTOMER
Red Chilli Powder,Karan Sethi,Surat,Gujarat,5,The pack arrived sealed and in good condition. The powder looked fresh and mixed easily into gravy. Would consider adding it to my next order.,SYNTHETIC SAMPLE — FICTIONAL REVIEW / NOT A REAL CUSTOMER
Red Chilli Powder,Vinay Kumar,Bengaluru,Karnataka,4,The flavour is quite balanced for regular cooking. It adds both colour and a noticeable kick to curries. No complaints so far.,SYNTHETIC SAMPLE — FICTIONAL REVIEW / NOT A REAL CUSTOMER
Red Chilli Powder,Rashi Naik,Ludhiana,Punjab,5,Tried this after seeing the product online and liked the first experience. The colour is good and the heat is suitable for normal Indian cooking. Good value for regular home use.,SYNTHETIC SAMPLE — FICTIONAL REVIEW / NOT A REAL CUSTOMER
Red Chilli Powder,Vikram Banerjee,Varanasi,Uttar Pradesh,5,"Good first impression and the delivery was smooth. Used it in tadka, paneer and sabzi; the spice level worked well. It has become one of the regular items in my kitchen.",SYNTHETIC SAMPLE — FICTIONAL REVIEW / NOT A REAL CUSTOMER
Red Chilli Powder,Anjali Banerjee,Kolkata,West Bengal,5,Ordered this recently and the overall quality felt good. It adds both colour and a noticeable kick to curries. Good value for regular home use.,SYNTHETIC SAMPLE — FICTIONAL REVIEW / NOT A REAL CUSTOMER
Red Chilli Powder,Raj Mukherjee,Visakhapatnam,Andhra Pradesh,4,"The flavour is quite balanced for regular cooking. The powder looked fresh and mixed easily into gravy. Overall, happy with the purchase.",SYNTHETIC SAMPLE — FICTIONAL REVIEW / NOT A REAL CUSTOMER
Red Chilli Powder,Reena Rao,Jodhpur,Rajasthan,5,I liked the freshness more than I expected. It adds both colour and a noticeable kick to curries. Would consider adding it to my next order.,SYNTHETIC SAMPLE — FICTIONAL REVIEW / NOT A REAL CUSTOMER
Red Chilli Powder,Jatin Dutta,Pune,Maharashtra,5,"The flavour is quite balanced for regular cooking. Used it in tadka, paneer and sabzi; the spice level worked well. I am satisfied with the first order.",SYNTHETIC SAMPLE — FICTIONAL REVIEW / NOT A REAL CUSTOMER
Red Chilli Powder,Jatin Mukherjee,Chennai,Tamil Nadu,5,"Ordered this recently and the overall quality felt good. The powder looked fresh and mixed easily into gravy. So far, a good experience.",SYNTHETIC SAMPLE — FICTIONAL REVIEW / NOT A REAL CUSTOMER
Red Chilli Powder,Kriti Sen,Chandigarh,Chandigarh,4,"This has been useful for my everyday kitchen routine. The powder looked fresh and mixed easily into gravy. So far, a good experience.",SYNTHETIC SAMPLE — FICTIONAL REVIEW / NOT A REAL CUSTOMER
Red Chilli Powder,Isha Dhillon,Jammu,Jammu & Kashmir,5,This has been useful for my everyday kitchen routine. The powder looked fresh and mixed easily into gravy. It has become one of the regular items in my kitchen.,SYNTHETIC SAMPLE — FICTIONAL REVIEW / NOT A REAL CUSTOMER
Red Chilli Powder,Sourav Naik,Patna,Bihar,5,Ordered this recently and the overall quality felt good. The powder looked fresh and mixed easily into gravy. I am satisfied with the first order.,SYNTHETIC SAMPLE — FICTIONAL REVIEW / NOT A REAL CUSTOMER
Red Chilli Powder,Priya Mukherjee,Bengaluru,Karnataka,3,Tried this after seeing the product online and liked the first experience. The colour is good and the heat is suitable for normal Indian cooking. Good value for regular home use.,SYNTHETIC SAMPLE — FICTIONAL REVIEW / NOT A REAL CUSTOMER
Red Chilli Powder,Aarav Joshi,Noida,Uttar Pradesh,4,"Good first impression and the delivery was smooth. Used it in tadka, paneer and sabzi; the spice level worked well. Would consider adding it to my next order.",SYNTHETIC SAMPLE — FICTIONAL REVIEW / NOT A REAL CUSTOMER
Red Chilli Powder,Bharat Bedi,Indore,Madhya Pradesh,4,The pack arrived sealed and in good condition. It adds both colour and a noticeable kick to curries. Good value for regular home use.,SYNTHETIC SAMPLE — FICTIONAL REVIEW / NOT A REAL CUSTOMER
Red Chilli Powder,Sana Iyer,Thiruvananthapuram,Kerala,4,"The pack arrived sealed and in good condition. Used it in tadka, paneer and sabzi; the spice level worked well. I would buy it again.",SYNTHETIC SAMPLE — FICTIONAL REVIEW / NOT A REAL CUSTOMER
Red Chilli Powder,Harish Agarwal,Faridabad,Haryana,5,"I bought this for regular home use and have been using it quite often. Used it in tadka, paneer and sabzi; the spice level worked well. No complaints so far.",SYNTHETIC SAMPLE — FICTIONAL REVIEW / NOT A REAL CUSTOMER
Red Chilli Powder,Arjun Kumar,Vadodara,Gujarat,4,"Tried this after seeing the product online and liked the first experience. The powder looked fresh and mixed easily into gravy. Overall, happy with the purchase.",SYNTHETIC SAMPLE — FICTIONAL REVIEW / NOT A REAL CUSTOMER
Red Chilli Powder,Vinay Ghosh,Mysuru,Karnataka,5,The flavour is quite balanced for regular cooking. The colour is good and the heat is suitable for normal Indian cooking. It has become one of the regular items in my kitchen.,SYNTHETIC SAMPLE — FICTIONAL REVIEW / NOT A REAL CUSTOMER
Red Chilli Powder,Tanya Mukherjee,Jalandhar,Punjab,5,Tried this after seeing the product online and liked the first experience. It adds both colour and a noticeable kick to curries. It has become one of the regular items in my kitchen.,SYNTHETIC SAMPLE — FICTIONAL REVIEW / NOT A REAL CUSTOMER
Red Chilli Powder,Zoya Patil,Dehradun,Uttarakhand,5,"The packaging was neat and the product looked fresh. It adds both colour and a noticeable kick to curries. Overall, happy with the purchase.",SYNTHETIC SAMPLE — FICTIONAL REVIEW / NOT A REAL CUSTOMER
Red Chilli Powder,Isha Oberoi,Bhubaneswar,Odisha,5,"I bought this for regular home use and have been using it quite often. Used it in tadka, paneer and sabzi; the spice level worked well. Good value for regular home use.",SYNTHETIC SAMPLE — FICTIONAL REVIEW / NOT A REAL CUSTOMER
Red Chilli Powder,Megha Malhotra,Goa,Goa,5,Ordered this recently and the overall quality felt good. The colour is good and the heat is suitable for normal Indian cooking. I would buy it again.,SYNTHETIC SAMPLE — FICTIONAL REVIEW / NOT A REAL CUSTOMER
Red Chilli Powder,Zoya Mehta,Kota,Rajasthan,5,"The pack arrived sealed and in good condition. The powder looked fresh and mixed easily into gravy. Overall, happy with the purchase.",SYNTHETIC SAMPLE — FICTIONAL REVIEW / NOT A REAL CUSTOMER
Red Chilli Powder,Sakshi Sethi,Nagpur,Maharashtra,5,"Good first impression and the delivery was smooth. Used it in tadka, paneer and sabzi; the spice level worked well. So far, a good experience.",SYNTHETIC SAMPLE — FICTIONAL REVIEW / NOT A REAL CUSTOMER
Red Chilli Powder,Anil Shah,Coimbatore,Tamil Nadu,5,I bought this for regular home use and have been using it quite often. It adds both colour and a noticeable kick to curries. It has become one of the regular items in my kitchen.,SYNTHETIC SAMPLE — FICTIONAL REVIEW / NOT A REAL CUSTOMER
Red Chilli Powder,Ravi Rawat,New Delhi,Delhi,5,"Tried this after seeing the product online and liked the first experience. The powder looked fresh and mixed easily into gravy. Overall, happy with the purchase.",SYNTHETIC SAMPLE — FICTIONAL REVIEW / NOT A REAL CUSTOMER
Red Chilli Powder,Tanya Pillai,Ahmedabad,Gujarat,5,Tried this after seeing the product online and liked the first experience. It adds both colour and a noticeable kick to curries. It has become one of the regular items in my kitchen.,SYNTHETIC SAMPLE — FICTIONAL REVIEW / NOT A REAL CUSTOMER
Red Chilli Powder,Harish Joshi,Guwahati,Assam,4,"The flavour is quite balanced for regular cooking. The colour is good and the heat is suitable for normal Indian cooking. So far, a good experience.",SYNTHETIC SAMPLE — FICTIONAL REVIEW / NOT A REAL CUSTOMER
Red Chilli Powder,Priya Bhattacharya,Amritsar,Punjab,5,This has been useful for my everyday kitchen routine. The colour is good and the heat is suitable for normal Indian cooking. I am satisfied with the first order.,SYNTHETIC SAMPLE — FICTIONAL REVIEW / NOT A REAL CUSTOMER
Red Chilli Powder,Mohit Sinha,Kanpur,Uttar Pradesh,5,This has been useful for my everyday kitchen routine. The colour is good and the heat is suitable for normal Indian cooking. I am satisfied with the first order.,SYNTHETIC SAMPLE — FICTIONAL REVIEW / NOT A REAL CUSTOMER
Red Chilli Powder,Raj Patil,Bhopal,Madhya Pradesh,5,The aroma was noticeable when I opened the pack. The colour is good and the heat is suitable for normal Indian cooking. It has become one of the regular items in my kitchen.,SYNTHETIC SAMPLE — FICTIONAL REVIEW / NOT A REAL CUSTOMER
Red Chilli Powder,Akash Jain,Vijayawada,Andhra Pradesh,5,Tried this after seeing the product online and liked the first experience. It adds both colour and a noticeable kick to curries. I am satisfied with the first order.,SYNTHETIC SAMPLE — FICTIONAL REVIEW / NOT A REAL CUSTOMER
Garam Masala Powder,Raj Chaudhary,Vadodara,Gujarat,5,"Ordered this recently and the overall quality felt good. Works well as a finishing masala for curries and sabzi. So far, a good experience.",SYNTHETIC SAMPLE — FICTIONAL REVIEW / NOT A REAL CUSTOMER
Garam Masala Powder,Deepak Mukherjee,Mysuru,Karnataka,5,Good first impression and the delivery was smooth. The blend gives a nice homestyle North Indian flavour. No complaints so far.,SYNTHETIC SAMPLE — FICTIONAL REVIEW / NOT A REAL CUSTOMER
Garam Masala Powder,Reena Roy,Jalandhar,Punjab,5,The packaging was neat and the product looked fresh. Added it to rajma and paneer and the aroma came through nicely. I am satisfied with the first order.,SYNTHETIC SAMPLE — FICTIONAL REVIEW / NOT A REAL CUSTOMER
Garam Masala Powder,Sneha Jain,Dehradun,Uttarakhand,3,"This has been useful for my everyday kitchen routine. Added it to rajma and paneer and the aroma came through nicely. Overall, happy with the purchase.",SYNTHETIC SAMPLE — FICTIONAL REVIEW / NOT A REAL CUSTOMER
Garam Masala Powder,Shalini Banerjee,Bhubaneswar,Odisha,5,The pack arrived sealed and in good condition. The blend gives a nice homestyle North Indian flavour. No complaints so far.,SYNTHETIC SAMPLE — FICTIONAL REVIEW / NOT A REAL CUSTOMER
Garam Masala Powder,Gauri Sharma,Goa,Goa,5,"This has been useful for my everyday kitchen routine. Added it to rajma and paneer and the aroma came through nicely. So far, a good experience.",SYNTHETIC SAMPLE — FICTIONAL REVIEW / NOT A REAL CUSTOMER
Garam Masala Powder,Gaurav Sharma,Kota,Rajasthan,5,The packaging was neat and the product looked fresh. The blend gives a nice homestyle North Indian flavour. Would consider adding it to my next order.,SYNTHETIC SAMPLE — FICTIONAL REVIEW / NOT A REAL CUSTOMER
Garam Masala Powder,Rajat Kumar,Nagpur,Maharashtra,5,I liked the freshness more than I expected. Added it to rajma and paneer and the aroma came through nicely. Would consider adding it to my next order.,SYNTHETIC SAMPLE — FICTIONAL REVIEW / NOT A REAL CUSTOMER
Garam Masala Powder,Rishi Srivastava,Coimbatore,Tamil Nadu,5,Tried this after seeing the product online and liked the first experience. The blend gives a nice homestyle North Indian flavour. No complaints so far.,SYNTHETIC SAMPLE — FICTIONAL REVIEW / NOT A REAL CUSTOMER
Garam Masala Powder,Sourav Kohli,New Delhi,Delhi,5,"This has been useful for my everyday kitchen routine. Warm, aromatic flavour without making the dish taste too heavy. It has become one of the regular items in my kitchen.",SYNTHETIC SAMPLE — FICTIONAL REVIEW / NOT A REAL CUSTOMER
Garam Masala Powder,Pallavi Tiwari,Ahmedabad,Gujarat,5,This has been useful for my everyday kitchen routine. Works well as a finishing masala for curries and sabzi. I am satisfied with the first order.,SYNTHETIC SAMPLE — FICTIONAL REVIEW / NOT A REAL CUSTOMER
Garam Masala Powder,Deepak Tripathi,Guwahati,Assam,5,Ordered this recently and the overall quality felt good. The blend gives a nice homestyle North Indian flavour. It has become one of the regular items in my kitchen.,SYNTHETIC SAMPLE — FICTIONAL REVIEW / NOT A REAL CUSTOMER
Garam Masala Powder,Sakshi Rao,Amritsar,Punjab,4,The aroma was noticeable when I opened the pack. The blend gives a nice homestyle North Indian flavour. It has become one of the regular items in my kitchen.,SYNTHETIC SAMPLE — FICTIONAL REVIEW / NOT A REAL CUSTOMER
Garam Masala Powder,Jatin Tripathi,Kanpur,Uttar Pradesh,5,"Tried this after seeing the product online and liked the first experience. Warm, aromatic flavour without making the dish taste too heavy. I would buy it again.",SYNTHETIC SAMPLE — FICTIONAL REVIEW / NOT A REAL CUSTOMER
Garam Masala Powder,Aman Nair,Bhopal,Madhya Pradesh,3,I liked the freshness more than I expected. The blend gives a nice homestyle North Indian flavour. No complaints so far.,SYNTHETIC SAMPLE — FICTIONAL REVIEW / NOT A REAL CUSTOMER
Garam Masala Powder,Monika Rawat,Vijayawada,Andhra Pradesh,4,The packaging was neat and the product looked fresh. The blend gives a nice homestyle North Indian flavour. I am satisfied with the first order.,SYNTHETIC SAMPLE — FICTIONAL REVIEW / NOT A REAL CUSTOMER
Garam Masala Powder,Sourav Deshmukh,Jaipur,Rajasthan,5,Ordered this recently and the overall quality felt good. Added it to rajma and paneer and the aroma came through nicely. It has become one of the regular items in my kitchen.,SYNTHETIC SAMPLE — FICTIONAL REVIEW / NOT A REAL CUSTOMER
Garam Masala Powder,Deepak Nair,Mumbai,Maharashtra,5,The packaging was neat and the product looked fresh. Works well as a finishing masala for curries and sabzi. It has become one of the regular items in my kitchen.,SYNTHETIC SAMPLE — FICTIONAL REVIEW / NOT A REAL CUSTOMER
Garam Masala Powder,Sneha Ghosh,Hyderabad,Telangana,5,The packaging was neat and the product looked fresh. Works well as a finishing masala for curries and sabzi. Good value for regular home use.,SYNTHETIC SAMPLE — FICTIONAL REVIEW / NOT A REAL CUSTOMER
Garam Masala Powder,Shivam Pillai,Patiala,Punjab,5,"The packaging was neat and the product looked fresh. Added it to rajma and paneer and the aroma came through nicely. Overall, happy with the purchase.",SYNTHETIC SAMPLE — FICTIONAL REVIEW / NOT A REAL CUSTOMER
Garam Masala Powder,Priya Roy,Shimla,Himachal Pradesh,4,"Tried this after seeing the product online and liked the first experience. Warm, aromatic flavour without making the dish taste too heavy. No complaints so far.",SYNTHETIC SAMPLE — FICTIONAL REVIEW / NOT A REAL CUSTOMER
Garam Masala Powder,Tarun Sharma,Ranchi,Jharkhand,5,Tried this after seeing the product online and liked the first experience. Added it to rajma and paneer and the aroma came through nicely. Would consider adding it to my next order.,SYNTHETIC SAMPLE — FICTIONAL REVIEW / NOT A REAL CUSTOMER
Garam Masala Powder,Amrita Kohli,Raipur,Chhattisgarh,4,"The pack arrived sealed and in good condition. Warm, aromatic flavour without making the dish taste too heavy. Would consider adding it to my next order.",SYNTHETIC SAMPLE — FICTIONAL REVIEW / NOT A REAL CUSTOMER
Garam Masala Powder,Aishwarya Tiwari,Lucknow,Uttar Pradesh,5,I bought this for regular home use and have been using it quite often. Works well as a finishing masala for curries and sabzi. Good value for regular home use.,SYNTHETIC SAMPLE — FICTIONAL REVIEW / NOT A REAL CUSTOMER
Garam Masala Powder,Vinay Rawat,Nashik,Maharashtra,3,The packaging was neat and the product looked fresh. Added it to rajma and paneer and the aroma came through nicely. Would consider adding it to my next order.,SYNTHETIC SAMPLE — FICTIONAL REVIEW / NOT A REAL CUSTOMER
Garam Masala Powder,Vikas Gupta,Kochi,Kerala,5,"The pack arrived sealed and in good condition. Warm, aromatic flavour without making the dish taste too heavy. Would consider adding it to my next order.",SYNTHETIC SAMPLE — FICTIONAL REVIEW / NOT A REAL CUSTOMER
Garam Masala Powder,Chetan Reddy,Gurugram,Haryana,5,"The flavour is quite balanced for regular cooking. Warm, aromatic flavour without making the dish taste too heavy. Would consider adding it to my next order.",SYNTHETIC SAMPLE — FICTIONAL REVIEW / NOT A REAL CUSTOMER
Garam Masala Powder,Nisha Bansal,Surat,Gujarat,4,"The pack arrived sealed and in good condition. The blend gives a nice homestyle North Indian flavour. So far, a good experience.",SYNTHETIC SAMPLE — FICTIONAL REVIEW / NOT A REAL CUSTOMER
Garam Masala Powder,Mohit Bedi,Bengaluru,Karnataka,5,This has been useful for my everyday kitchen routine. Added it to rajma and paneer and the aroma came through nicely. I would buy it again.,SYNTHETIC SAMPLE — FICTIONAL REVIEW / NOT A REAL CUSTOMER
Garam Masala Powder,Anil Bisht,Ludhiana,Punjab,5,Tried this after seeing the product online and liked the first experience. Added it to rajma and paneer and the aroma came through nicely. No complaints so far.,SYNTHETIC SAMPLE — FICTIONAL REVIEW / NOT A REAL CUSTOMER
Garam Masala Powder,Chetan Roy,Varanasi,Uttar Pradesh,5,The pack arrived sealed and in good condition. Added it to rajma and paneer and the aroma came through nicely. Would consider adding it to my next order.,SYNTHETIC SAMPLE — FICTIONAL REVIEW / NOT A REAL CUSTOMER
Garam Masala Powder,Akash Joshi,Kolkata,West Bengal,5,"The packaging was neat and the product looked fresh. Added it to rajma and paneer and the aroma came through nicely. Overall, happy with the purchase.",SYNTHETIC SAMPLE — FICTIONAL REVIEW / NOT A REAL CUSTOMER
Garam Masala Powder,Dev Nair,Visakhapatnam,Andhra Pradesh,5,"Ordered this recently and the overall quality felt good. Added it to rajma and paneer and the aroma came through nicely. So far, a good experience.",SYNTHETIC SAMPLE — FICTIONAL REVIEW / NOT A REAL CUSTOMER
Garam Masala Powder,Vinay Roy,Jodhpur,Rajasthan,5,I bought this for regular home use and have been using it quite often. Added it to rajma and paneer and the aroma came through nicely. It has become one of the regular items in my kitchen.,SYNTHETIC SAMPLE — FICTIONAL REVIEW / NOT A REAL CUSTOMER
Garam Masala Powder,Simran Verma,Pune,Maharashtra,5,"Ordered this recently and the overall quality felt good. Works well as a finishing masala for curries and sabzi. So far, a good experience.",SYNTHETIC SAMPLE — FICTIONAL REVIEW / NOT A REAL CUSTOMER
Garam Masala Powder,Rahul Sen,Chennai,Tamil Nadu,4,The aroma was noticeable when I opened the pack. Works well as a finishing masala for curries and sabzi. I am satisfied with the first order.,SYNTHETIC SAMPLE — FICTIONAL REVIEW / NOT A REAL CUSTOMER
Garam Masala Powder,Pankaj Chatterjee,Chandigarh,Chandigarh,5,Ordered this recently and the overall quality felt good. The blend gives a nice homestyle North Indian flavour. I would buy it again.,SYNTHETIC SAMPLE — FICTIONAL REVIEW / NOT A REAL CUSTOMER
Garam Masala Powder,Aditi Dutta,Jammu,Jammu & Kashmir,5,"The aroma was noticeable when I opened the pack. The blend gives a nice homestyle North Indian flavour. So far, a good experience.",SYNTHETIC SAMPLE — FICTIONAL REVIEW / NOT A REAL CUSTOMER
Garam Masala Powder,Rajat Shah,Patna,Bihar,4,This has been useful for my everyday kitchen routine. The blend gives a nice homestyle North Indian flavour. Good value for regular home use.,SYNTHETIC SAMPLE — FICTIONAL REVIEW / NOT A REAL CUSTOMER
Garam Masala Powder,Sakshi Kulkarni,Bengaluru,Karnataka,5,I bought this for regular home use and have been using it quite often. Added it to rajma and paneer and the aroma came through nicely. No complaints so far.,SYNTHETIC SAMPLE — FICTIONAL REVIEW / NOT A REAL CUSTOMER
Garam Masala Powder,Anjali Rao,Noida,Uttar Pradesh,5,This has been useful for my everyday kitchen routine. The blend gives a nice homestyle North Indian flavour. Would consider adding it to my next order.,SYNTHETIC SAMPLE — FICTIONAL REVIEW / NOT A REAL CUSTOMER
Garam Masala Powder,Deepika Kaur,Indore,Madhya Pradesh,4,The packaging was neat and the product looked fresh. The blend gives a nice homestyle North Indian flavour. It has become one of the regular items in my kitchen.,SYNTHETIC SAMPLE — FICTIONAL REVIEW / NOT A REAL CUSTOMER
Garam Masala Powder,Sneha Menon,Thiruvananthapuram,Kerala,5,"The packaging was neat and the product looked fresh. Warm, aromatic flavour without making the dish taste too heavy. I would buy it again.",SYNTHETIC SAMPLE — FICTIONAL REVIEW / NOT A REAL CUSTOMER
Garam Masala Powder,Pankaj Sodhi,Faridabad,Haryana,5,The flavour is quite balanced for regular cooking. Works well as a finishing masala for curries and sabzi. No complaints so far.,SYNTHETIC SAMPLE — FICTIONAL REVIEW / NOT A REAL CUSTOMER
Garam Masala Powder,Aishwarya Kohli,Vadodara,Gujarat,5,I bought this for regular home use and have been using it quite often. The blend gives a nice homestyle North Indian flavour. It has become one of the regular items in my kitchen.,SYNTHETIC SAMPLE — FICTIONAL REVIEW / NOT A REAL CUSTOMER
Garam Masala Powder,Pallavi Arora,Mysuru,Karnataka,5,The flavour is quite balanced for regular cooking. The blend gives a nice homestyle North Indian flavour. It has become one of the regular items in my kitchen.,SYNTHETIC SAMPLE — FICTIONAL REVIEW / NOT A REAL CUSTOMER
Garam Masala Powder,Pallavi Ghosh,Jalandhar,Punjab,5,"Ordered this recently and the overall quality felt good. Added it to rajma and paneer and the aroma came through nicely. So far, a good experience.",SYNTHETIC SAMPLE — FICTIONAL REVIEW / NOT A REAL CUSTOMER
Garam Masala Powder,Sanjana Sharma,Dehradun,Uttarakhand,4,"The packaging was neat and the product looked fresh. Added it to rajma and paneer and the aroma came through nicely. So far, a good experience.",SYNTHETIC SAMPLE — FICTIONAL REVIEW / NOT A REAL CUSTOMER
Garam Masala Powder,Deepika Jain,Bhubaneswar,Odisha,5,"I bought this for regular home use and have been using it quite often. Warm, aromatic flavour without making the dish taste too heavy. It has become one of the regular items in my kitchen.",SYNTHETIC SAMPLE — FICTIONAL REVIEW / NOT A REAL CUSTOMER
Garam Masala Powder,Sunil Patil,Goa,Goa,5,I liked the freshness more than I expected. The blend gives a nice homestyle North Indian flavour. Good value for regular home use.,SYNTHETIC SAMPLE — FICTIONAL REVIEW / NOT A REAL CUSTOMER
Garam Masala Powder,Sanjana Tiwari,Kota,Rajasthan,5,The flavour is quite balanced for regular cooking. The blend gives a nice homestyle North Indian flavour. No complaints so far.,SYNTHETIC SAMPLE — FICTIONAL REVIEW / NOT A REAL CUSTOMER
Garam Masala Powder,Shivam Singh,Nagpur,Maharashtra,3,"I liked the freshness more than I expected. The blend gives a nice homestyle North Indian flavour. So far, a good experience.",SYNTHETIC SAMPLE — FICTIONAL REVIEW / NOT A REAL CUSTOMER
Garam Masala Powder,Pankaj Khanna,Coimbatore,Tamil Nadu,5,This has been useful for my everyday kitchen routine. Works well as a finishing masala for curries and sabzi. Good value for regular home use.,SYNTHETIC SAMPLE — FICTIONAL REVIEW / NOT A REAL CUSTOMER
Garam Masala Powder,Aishwarya Kulkarni,New Delhi,Delhi,5,Tried this after seeing the product online and liked the first experience. Works well as a finishing masala for curries and sabzi. It has become one of the regular items in my kitchen.,SYNTHETIC SAMPLE — FICTIONAL REVIEW / NOT A REAL CUSTOMER
Garam Masala Powder,Rahul Kaur,Ahmedabad,Gujarat,5,This has been useful for my everyday kitchen routine. Added it to rajma and paneer and the aroma came through nicely. Would consider adding it to my next order.,SYNTHETIC SAMPLE — FICTIONAL REVIEW / NOT A REAL CUSTOMER
Garam Masala Powder,Harish Nair,Guwahati,Assam,5,"I liked the freshness more than I expected. Added it to rajma and paneer and the aroma came through nicely. Overall, happy with the purchase.",SYNTHETIC SAMPLE — FICTIONAL REVIEW / NOT A REAL CUSTOMER
Garam Masala Powder,Bhavna Deshmukh,Amritsar,Punjab,5,The pack arrived sealed and in good condition. The blend gives a nice homestyle North Indian flavour. I would buy it again.,SYNTHETIC SAMPLE — FICTIONAL REVIEW / NOT A REAL CUSTOMER
Garam Masala Powder,Ananya Singh,Kanpur,Uttar Pradesh,4,"This has been useful for my everyday kitchen routine. Warm, aromatic flavour without making the dish taste too heavy. I am satisfied with the first order.",SYNTHETIC SAMPLE — FICTIONAL REVIEW / NOT A REAL CUSTOMER
Garam Masala Powder,Reena Gupta,Bhopal,Madhya Pradesh,4,"Tried this after seeing the product online and liked the first experience. Warm, aromatic flavour without making the dish taste too heavy. So far, a good experience.",SYNTHETIC SAMPLE — FICTIONAL REVIEW / NOT A REAL CUSTOMER
Garam Masala Powder,Pooja Dhillon,Vijayawada,Andhra Pradesh,5,"The flavour is quite balanced for regular cooking. The blend gives a nice homestyle North Indian flavour. So far, a good experience.",SYNTHETIC SAMPLE — FICTIONAL REVIEW / NOT A REAL CUSTOMER
Garam Masala Powder,Manish Menon,Jaipur,Rajasthan,4,"This has been useful for my everyday kitchen routine. Warm, aromatic flavour without making the dish taste too heavy. It has become one of the regular items in my kitchen.",SYNTHETIC SAMPLE — FICTIONAL REVIEW / NOT A REAL CUSTOMER
Garam Masala Powder,Megha Rao,Mumbai,Maharashtra,5,"I liked the freshness more than I expected. Added it to rajma and paneer and the aroma came through nicely. Overall, happy with the purchase.",SYNTHETIC SAMPLE — FICTIONAL REVIEW / NOT A REAL CUSTOMER
Garam Masala Powder,Mohit Patel,Hyderabad,Telangana,4,"Ordered this recently and the overall quality felt good. Warm, aromatic flavour without making the dish taste too heavy. I would buy it again.",SYNTHETIC SAMPLE — FICTIONAL REVIEW / NOT A REAL CUSTOMER
Garam Masala Powder,Ravi Bisht,Patiala,Punjab,5,"Ordered this recently and the overall quality felt good. Warm, aromatic flavour without making the dish taste too heavy. I am satisfied with the first order.",SYNTHETIC SAMPLE — FICTIONAL REVIEW / NOT A REAL CUSTOMER
Garam Masala Powder,Shalini Agarwal,Shimla,Himachal Pradesh,5,Ordered this recently and the overall quality felt good. The blend gives a nice homestyle North Indian flavour. Would consider adding it to my next order.,SYNTHETIC SAMPLE — FICTIONAL REVIEW / NOT A REAL CUSTOMER
Garam Masala Powder,Vikram Sodhi,Ranchi,Jharkhand,4,The flavour is quite balanced for regular cooking. The blend gives a nice homestyle North Indian flavour. Would consider adding it to my next order.,SYNTHETIC SAMPLE — FICTIONAL REVIEW / NOT A REAL CUSTOMER
Garam Masala Powder,Gaurav Sen,Raipur,Chhattisgarh,5,"The pack arrived sealed and in good condition. Added it to rajma and paneer and the aroma came through nicely. So far, a good experience.",SYNTHETIC SAMPLE — FICTIONAL REVIEW / NOT A REAL CUSTOMER
Garam Masala Powder,Monika Patel,Lucknow,Uttar Pradesh,4,"Good first impression and the delivery was smooth. Warm, aromatic flavour without making the dish taste too heavy. I would buy it again.",SYNTHETIC SAMPLE — FICTIONAL REVIEW / NOT A REAL CUSTOMER
Garam Masala Powder,Tanya Chaudhary,Nashik,Maharashtra,5,The packaging was neat and the product looked fresh. Added it to rajma and paneer and the aroma came through nicely. No complaints so far.,SYNTHETIC SAMPLE — FICTIONAL REVIEW / NOT A REAL CUSTOMER
Garam Masala Powder,Isha Verma,Kochi,Kerala,5,"The flavour is quite balanced for regular cooking. Added it to rajma and paneer and the aroma came through nicely. Overall, happy with the purchase.",SYNTHETIC SAMPLE — FICTIONAL REVIEW / NOT A REAL CUSTOMER
Garam Masala Powder,Pradeep Iyer,Gurugram,Haryana,5,I liked the freshness more than I expected. The blend gives a nice homestyle North Indian flavour. No complaints so far.,SYNTHETIC SAMPLE — FICTIONAL REVIEW / NOT A REAL CUSTOMER
Garam Masala Powder,Ankit Mukherjee,Surat,Gujarat,5,"Ordered this recently and the overall quality felt good. Warm, aromatic flavour without making the dish taste too heavy. Overall, happy with the purchase.",SYNTHETIC SAMPLE — FICTIONAL REVIEW / NOT A REAL CUSTOMER
Garam Masala Powder,Yash Singh,Bengaluru,Karnataka,4,The pack arrived sealed and in good condition. Works well as a finishing masala for curries and sabzi. I would buy it again.,SYNTHETIC SAMPLE — FICTIONAL REVIEW / NOT A REAL CUSTOMER
Garam Masala Powder,Sanjana Sinha,Ludhiana,Punjab,5,"I liked the freshness more than I expected. Works well as a finishing masala for curries and sabzi. Overall, happy with the purchase.",SYNTHETIC SAMPLE — FICTIONAL REVIEW / NOT A REAL CUSTOMER
Garam Masala Powder,Aarav Mukherjee,Varanasi,Uttar Pradesh,3,"The aroma was noticeable when I opened the pack. Warm, aromatic flavour without making the dish taste too heavy. No complaints so far.",SYNTHETIC SAMPLE — FICTIONAL REVIEW / NOT A REAL CUSTOMER
Garam Masala Powder,Ashish Yadav,Kolkata,West Bengal,4,The aroma was noticeable when I opened the pack. The blend gives a nice homestyle North Indian flavour. No complaints so far.,SYNTHETIC SAMPLE — FICTIONAL REVIEW / NOT A REAL CUSTOMER
Garam Masala Powder,Kriti Bhattacharya,Visakhapatnam,Andhra Pradesh,5,Tried this after seeing the product online and liked the first experience. Works well as a finishing masala for curries and sabzi. Good value for regular home use.,SYNTHETIC SAMPLE — FICTIONAL REVIEW / NOT A REAL CUSTOMER
Garam Masala Powder,Akash Shah,Jodhpur,Rajasthan,5,Ordered this recently and the overall quality felt good. Added it to rajma and paneer and the aroma came through nicely. It has become one of the regular items in my kitchen.,SYNTHETIC SAMPLE — FICTIONAL REVIEW / NOT A REAL CUSTOMER
Garam Masala Powder,Swati Malhotra,Pune,Maharashtra,5,The aroma was noticeable when I opened the pack. Added it to rajma and paneer and the aroma came through nicely. Good value for regular home use.,SYNTHETIC SAMPLE — FICTIONAL REVIEW / NOT A REAL CUSTOMER
Garam Masala Powder,Akash Gill,Chennai,Tamil Nadu,5,The pack arrived sealed and in good condition. Works well as a finishing masala for curries and sabzi. I would buy it again.,SYNTHETIC SAMPLE — FICTIONAL REVIEW / NOT A REAL CUSTOMER
Garam Masala Powder,Amrita Patil,Chandigarh,Chandigarh,5,Good first impression and the delivery was smooth. Added it to rajma and paneer and the aroma came through nicely. It has become one of the regular items in my kitchen.,SYNTHETIC SAMPLE — FICTIONAL REVIEW / NOT A REAL CUSTOMER
Garam Masala Powder,Arpita Verma,Jammu,Jammu & Kashmir,5,The flavour is quite balanced for regular cooking. Added it to rajma and paneer and the aroma came through nicely. I would buy it again.,SYNTHETIC SAMPLE — FICTIONAL REVIEW / NOT A REAL CUSTOMER
Garam Masala Powder,Pooja Sharma,Patna,Bihar,5,"The packaging was neat and the product looked fresh. Warm, aromatic flavour without making the dish taste too heavy. So far, a good experience.",SYNTHETIC SAMPLE — FICTIONAL REVIEW / NOT A REAL CUSTOMER
Garam Masala Powder,Akash Rao,Bengaluru,Karnataka,4,"The flavour is quite balanced for regular cooking. Works well as a finishing masala for curries and sabzi. So far, a good experience.",SYNTHETIC SAMPLE — FICTIONAL REVIEW / NOT A REAL CUSTOMER
Garam Masala Powder,Ananya Sodhi,Noida,Uttar Pradesh,5,Good first impression and the delivery was smooth. Added it to rajma and paneer and the aroma came through nicely. No complaints so far.,SYNTHETIC SAMPLE — FICTIONAL REVIEW / NOT A REAL CUSTOMER
Garam Masala Powder,Manish Verma,Indore,Madhya Pradesh,5,This has been useful for my everyday kitchen routine. The blend gives a nice homestyle North Indian flavour. No complaints so far.,SYNTHETIC SAMPLE — FICTIONAL REVIEW / NOT A REAL CUSTOMER
Garam Masala Powder,Anil Khanna,Thiruvananthapuram,Kerala,5,"Ordered this recently and the overall quality felt good. The blend gives a nice homestyle North Indian flavour. Overall, happy with the purchase.",SYNTHETIC SAMPLE — FICTIONAL REVIEW / NOT A REAL CUSTOMER
Garam Masala Powder,Kriti Patel,Faridabad,Haryana,5,"This has been useful for my everyday kitchen routine. Added it to rajma and paneer and the aroma came through nicely. So far, a good experience.",SYNTHETIC SAMPLE — FICTIONAL REVIEW / NOT A REAL CUSTOMER
Garam Masala Powder,Rajat Rawat,Vadodara,Gujarat,4,"I bought this for regular home use and have been using it quite often. Works well as a finishing masala for curries and sabzi. Overall, happy with the purchase.",SYNTHETIC SAMPLE — FICTIONAL REVIEW / NOT A REAL CUSTOMER
Garam Masala Powder,Bhavna Mehta,Mysuru,Karnataka,4,"The aroma was noticeable when I opened the pack. Warm, aromatic flavour without making the dish taste too heavy. Would consider adding it to my next order.",SYNTHETIC SAMPLE — FICTIONAL REVIEW / NOT A REAL CUSTOMER
Garam Masala Powder,Naveen Shetty,Jalandhar,Punjab,5,The flavour is quite balanced for regular cooking. Added it to rajma and paneer and the aroma came through nicely. Would consider adding it to my next order.,SYNTHETIC SAMPLE — FICTIONAL REVIEW / NOT A REAL CUSTOMER
Garam Masala Powder,Yash Rawat,Dehradun,Uttarakhand,5,"The packaging was neat and the product looked fresh. The blend gives a nice homestyle North Indian flavour. Overall, happy with the purchase.",SYNTHETIC SAMPLE — FICTIONAL REVIEW / NOT A REAL CUSTOMER
Coriander Powder,Aditya Gill,Indore,Madhya Pradesh,5,Tried this after seeing the product online and liked the first experience. Used it in dal and sabzi and liked the fresh coriander note. It has become one of the regular items in my kitchen.,SYNTHETIC SAMPLE — FICTIONAL REVIEW / NOT A REAL CUSTOMER
Coriander Powder,Pooja Kulkarni,Thiruvananthapuram,Kerala,3,I bought this for regular home use and have been using it quite often. The powder mixes well and doesn't dominate the dish. I would buy it again.,SYNTHETIC SAMPLE — FICTIONAL REVIEW / NOT A REAL CUSTOMER
Coriander Powder,Naveen Sinha,Faridabad,Haryana,5,The flavour is quite balanced for regular cooking. It has a mild earthy aroma and blends easily into gravy. I would buy it again.,SYNTHETIC SAMPLE — FICTIONAL REVIEW / NOT A REAL CUSTOMER
Coriander Powder,Rishi Chopra,Vadodara,Gujarat,5,Tried this after seeing the product online and liked the first experience. The powder mixes well and doesn't dominate the dish. Would consider adding it to my next order.,SYNTHETIC SAMPLE — FICTIONAL REVIEW / NOT A REAL CUSTOMER
Coriander Powder,Sameer Tripathi,Mysuru,Karnataka,4,The packaging was neat and the product looked fresh. Used it in dal and sabzi and liked the fresh coriander note. I would buy it again.,SYNTHETIC SAMPLE — FICTIONAL REVIEW / NOT A REAL CUSTOMER
Coriander Powder,Sonam Patil,Jalandhar,Punjab,5,"The aroma was noticeable when I opened the pack. A useful everyday spice for curry bases. Overall, happy with the purchase.",SYNTHETIC SAMPLE — FICTIONAL REVIEW / NOT A REAL CUSTOMER
Coriander Powder,Deepika Srivastava,Dehradun,Uttarakhand,4,Good first impression and the delivery was smooth. Used it in dal and sabzi and liked the fresh coriander note. Would consider adding it to my next order.,SYNTHETIC SAMPLE — FICTIONAL REVIEW / NOT A REAL CUSTOMER
Coriander Powder,Rajat Kulkarni,Bhubaneswar,Odisha,5,Good first impression and the delivery was smooth. A useful everyday spice for curry bases. It has become one of the regular items in my kitchen.,SYNTHETIC SAMPLE — FICTIONAL REVIEW / NOT A REAL CUSTOMER
Coriander Powder,Pankaj Kumar,Goa,Goa,5,Good first impression and the delivery was smooth. Used it in dal and sabzi and liked the fresh coriander note. No complaints so far.,SYNTHETIC SAMPLE — FICTIONAL REVIEW / NOT A REAL CUSTOMER
Coriander Powder,Raj Srivastava,Kota,Rajasthan,5,Tried this after seeing the product online and liked the first experience. It has a mild earthy aroma and blends easily into gravy. Would consider adding it to my next order.,SYNTHETIC SAMPLE — FICTIONAL REVIEW / NOT A REAL CUSTOMER
Coriander Powder,Sunil Pandey,Nagpur,Maharashtra,4,The flavour is quite balanced for regular cooking. The powder mixes well and doesn't dominate the dish. It has become one of the regular items in my kitchen.,SYNTHETIC SAMPLE — FICTIONAL REVIEW / NOT A REAL CUSTOMER
Coriander Powder,Rohit Arora,Coimbatore,Tamil Nadu,5,I liked the freshness more than I expected. The powder mixes well and doesn't dominate the dish. Good value for regular home use.,SYNTHETIC SAMPLE — FICTIONAL REVIEW / NOT A REAL CUSTOMER
Coriander Powder,Nisha Shah,New Delhi,Delhi,5,Tried this after seeing the product online and liked the first experience. A useful everyday spice for curry bases. It has become one of the regular items in my kitchen.,SYNTHETIC SAMPLE — FICTIONAL REVIEW / NOT A REAL CUSTOMER
Coriander Powder,Vikas Sodhi,Ahmedabad,Gujarat,5,The pack arrived sealed and in good condition. It has a mild earthy aroma and blends easily into gravy. I am satisfied with the first order.,SYNTHETIC SAMPLE — FICTIONAL REVIEW / NOT A REAL CUSTOMER
Coriander Powder,Ananya Pillai,Guwahati,Assam,5,Good first impression and the delivery was smooth. Used it in dal and sabzi and liked the fresh coriander note. Good value for regular home use.,SYNTHETIC SAMPLE — FICTIONAL REVIEW / NOT A REAL CUSTOMER
Coriander Powder,Neha Chatterjee,Amritsar,Punjab,3,"I bought this for regular home use and have been using it quite often. A useful everyday spice for curry bases. So far, a good experience.",SYNTHETIC SAMPLE — FICTIONAL REVIEW / NOT A REAL CUSTOMER
Coriander Powder,Gauri Malhotra,Kanpur,Uttar Pradesh,5,I liked the freshness more than I expected. It has a mild earthy aroma and blends easily into gravy. Would consider adding it to my next order.,SYNTHETIC SAMPLE — FICTIONAL REVIEW / NOT A REAL CUSTOMER
Coriander Powder,Aditi Das,Bhopal,Madhya Pradesh,5,This has been useful for my everyday kitchen routine. It has a mild earthy aroma and blends easily into gravy. It has become one of the regular items in my kitchen.,SYNTHETIC SAMPLE — FICTIONAL REVIEW / NOT A REAL CUSTOMER
Coriander Powder,Srishti Chatterjee,Vijayawada,Andhra Pradesh,5,I bought this for regular home use and have been using it quite often. The powder mixes well and doesn't dominate the dish. Good value for regular home use.,SYNTHETIC SAMPLE — FICTIONAL REVIEW / NOT A REAL CUSTOMER
Coriander Powder,Srishti Bisht,Jaipur,Rajasthan,5,"Good first impression and the delivery was smooth. A useful everyday spice for curry bases. So far, a good experience.",SYNTHETIC SAMPLE — FICTIONAL REVIEW / NOT A REAL CUSTOMER
Coriander Powder,Sameer Sharma,Mumbai,Maharashtra,3,Good first impression and the delivery was smooth. The powder mixes well and doesn't dominate the dish. Would consider adding it to my next order.,SYNTHETIC SAMPLE — FICTIONAL REVIEW / NOT A REAL CUSTOMER
Coriander Powder,Harpreet Malhotra,Hyderabad,Telangana,4,The flavour is quite balanced for regular cooking. Used it in dal and sabzi and liked the fresh coriander note. I am satisfied with the first order.,SYNTHETIC SAMPLE — FICTIONAL REVIEW / NOT A REAL CUSTOMER
Coriander Powder,Vikram Iyer,Patiala,Punjab,5,The packaging was neat and the product looked fresh. The powder mixes well and doesn't dominate the dish. Good value for regular home use.,SYNTHETIC SAMPLE — FICTIONAL REVIEW / NOT A REAL CUSTOMER
Coriander Powder,Dev Sinha,Shimla,Himachal Pradesh,5,"Good first impression and the delivery was smooth. The powder mixes well and doesn't dominate the dish. Overall, happy with the purchase.",SYNTHETIC SAMPLE — FICTIONAL REVIEW / NOT A REAL CUSTOMER
Coriander Powder,Aditya Chatterjee,Ranchi,Jharkhand,5,Tried this after seeing the product online and liked the first experience. The powder mixes well and doesn't dominate the dish. Would consider adding it to my next order.,SYNTHETIC SAMPLE — FICTIONAL REVIEW / NOT A REAL CUSTOMER
Coriander Powder,Reena Ghosh,Raipur,Chhattisgarh,5,I liked the freshness more than I expected. Used it in dal and sabzi and liked the fresh coriander note. I am satisfied with the first order.,SYNTHETIC SAMPLE — FICTIONAL REVIEW / NOT A REAL CUSTOMER
Coriander Powder,Bharat Pandey,Lucknow,Uttar Pradesh,5,The packaging was neat and the product looked fresh. Used it in dal and sabzi and liked the fresh coriander note. It has become one of the regular items in my kitchen.,SYNTHETIC SAMPLE — FICTIONAL REVIEW / NOT A REAL CUSTOMER
Coriander Powder,Sonam Sharma,Nashik,Maharashtra,5,Good first impression and the delivery was smooth. A useful everyday spice for curry bases. I am satisfied with the first order.,SYNTHETIC SAMPLE — FICTIONAL REVIEW / NOT A REAL CUSTOMER
Coriander Powder,Rohit Oberoi,Kochi,Kerala,4,"The packaging was neat and the product looked fresh. It has a mild earthy aroma and blends easily into gravy. Overall, happy with the purchase.",SYNTHETIC SAMPLE — FICTIONAL REVIEW / NOT A REAL CUSTOMER
Coriander Powder,Aishwarya Gill,Gurugram,Haryana,5,The aroma was noticeable when I opened the pack. Used it in dal and sabzi and liked the fresh coriander note. I am satisfied with the first order.,SYNTHETIC SAMPLE — FICTIONAL REVIEW / NOT A REAL CUSTOMER
Coriander Powder,Aman Menon,Surat,Gujarat,5,I bought this for regular home use and have been using it quite often. A useful everyday spice for curry bases. I would buy it again.,SYNTHETIC SAMPLE — FICTIONAL REVIEW / NOT A REAL CUSTOMER
Coriander Powder,Vinay Dhillon,Bengaluru,Karnataka,5,The flavour is quite balanced for regular cooking. Used it in dal and sabzi and liked the fresh coriander note. No complaints so far.,SYNTHETIC SAMPLE — FICTIONAL REVIEW / NOT A REAL CUSTOMER
Coriander Powder,Ankit Singh,Ludhiana,Punjab,5,"The pack arrived sealed and in good condition. Used it in dal and sabzi and liked the fresh coriander note. So far, a good experience.",SYNTHETIC SAMPLE — FICTIONAL REVIEW / NOT A REAL CUSTOMER
Coriander Powder,Anil Gupta,Varanasi,Uttar Pradesh,5,The aroma was noticeable when I opened the pack. It has a mild earthy aroma and blends easily into gravy. Good value for regular home use.,SYNTHETIC SAMPLE — FICTIONAL REVIEW / NOT A REAL CUSTOMER
Coriander Powder,Zoya Agarwal,Kolkata,West Bengal,5,The aroma was noticeable when I opened the pack. The powder mixes well and doesn't dominate the dish. I would buy it again.,SYNTHETIC SAMPLE — FICTIONAL REVIEW / NOT A REAL CUSTOMER
Coriander Powder,Srishti Khanna,Visakhapatnam,Andhra Pradesh,5,The pack arrived sealed and in good condition. It has a mild earthy aroma and blends easily into gravy. No complaints so far.,SYNTHETIC SAMPLE — FICTIONAL REVIEW / NOT A REAL CUSTOMER
Coriander Powder,Ankit Sharma,Jodhpur,Rajasthan,5,"Ordered this recently and the overall quality felt good. A useful everyday spice for curry bases. So far, a good experience.",SYNTHETIC SAMPLE — FICTIONAL REVIEW / NOT A REAL CUSTOMER
Coriander Powder,Deepika Singh,Pune,Maharashtra,4,The packaging was neat and the product looked fresh. A useful everyday spice for curry bases. No complaints so far.,SYNTHETIC SAMPLE — FICTIONAL REVIEW / NOT A REAL CUSTOMER
Coriander Powder,Sunil Yadav,Chennai,Tamil Nadu,4,Tried this after seeing the product online and liked the first experience. The powder mixes well and doesn't dominate the dish. Good value for regular home use.,SYNTHETIC SAMPLE — FICTIONAL REVIEW / NOT A REAL CUSTOMER
Coriander Powder,Ankit Nair,Chandigarh,Chandigarh,5,Good first impression and the delivery was smooth. It has a mild earthy aroma and blends easily into gravy. It has become one of the regular items in my kitchen.,SYNTHETIC SAMPLE — FICTIONAL REVIEW / NOT A REAL CUSTOMER
Coriander Powder,Rishi Sandhu,Jammu,Jammu & Kashmir,5,"I liked the freshness more than I expected. A useful everyday spice for curry bases. So far, a good experience.",SYNTHETIC SAMPLE — FICTIONAL REVIEW / NOT A REAL CUSTOMER
Coriander Powder,Srishti Chaudhary,Patna,Bihar,5,I bought this for regular home use and have been using it quite often. The powder mixes well and doesn't dominate the dish. I am satisfied with the first order.,SYNTHETIC SAMPLE — FICTIONAL REVIEW / NOT A REAL CUSTOMER
Coriander Powder,Zoya Gupta,Bengaluru,Karnataka,5,Good first impression and the delivery was smooth. The powder mixes well and doesn't dominate the dish. No complaints so far.,SYNTHETIC SAMPLE — FICTIONAL REVIEW / NOT A REAL CUSTOMER
Coriander Powder,Amrita Rao,Noida,Uttar Pradesh,5,The packaging was neat and the product looked fresh. A useful everyday spice for curry bases. I am satisfied with the first order.,SYNTHETIC SAMPLE — FICTIONAL REVIEW / NOT A REAL CUSTOMER
Coriander Powder,Ankit Chatterjee,Indore,Madhya Pradesh,4,I liked the freshness more than I expected. Used it in dal and sabzi and liked the fresh coriander note. I would buy it again.,SYNTHETIC SAMPLE — FICTIONAL REVIEW / NOT A REAL CUSTOMER
Coriander Powder,Ankit Bedi,Thiruvananthapuram,Kerala,4,Ordered this recently and the overall quality felt good. The powder mixes well and doesn't dominate the dish. I am satisfied with the first order.,SYNTHETIC SAMPLE — FICTIONAL REVIEW / NOT A REAL CUSTOMER
Coriander Powder,Divya Agarwal,Faridabad,Haryana,5,The packaging was neat and the product looked fresh. A useful everyday spice for curry bases. It has become one of the regular items in my kitchen.,SYNTHETIC SAMPLE — FICTIONAL REVIEW / NOT A REAL CUSTOMER
Coriander Powder,Vikram Yadav,Vadodara,Gujarat,5,The packaging was neat and the product looked fresh. Used it in dal and sabzi and liked the fresh coriander note. Would consider adding it to my next order.,SYNTHETIC SAMPLE — FICTIONAL REVIEW / NOT A REAL CUSTOMER
Coriander Powder,Shivam Khanna,Mysuru,Karnataka,5,The packaging was neat and the product looked fresh. The powder mixes well and doesn't dominate the dish. It has become one of the regular items in my kitchen.,SYNTHETIC SAMPLE — FICTIONAL REVIEW / NOT A REAL CUSTOMER
Coriander Powder,Pallavi Sodhi,Jalandhar,Punjab,5,Ordered this recently and the overall quality felt good. A useful everyday spice for curry bases. Would consider adding it to my next order.,SYNTHETIC SAMPLE — FICTIONAL REVIEW / NOT A REAL CUSTOMER
Coriander Powder,Yash Khanna,Dehradun,Uttarakhand,5,I liked the freshness more than I expected. Used it in dal and sabzi and liked the fresh coriander note. I would buy it again.,SYNTHETIC SAMPLE — FICTIONAL REVIEW / NOT A REAL CUSTOMER
Coriander Powder,Sakshi Ghosh,Bhubaneswar,Odisha,5,"This has been useful for my everyday kitchen routine. A useful everyday spice for curry bases. So far, a good experience.",SYNTHETIC SAMPLE — FICTIONAL REVIEW / NOT A REAL CUSTOMER
Coriander Powder,Shalini Sethi,Goa,Goa,4,"The flavour is quite balanced for regular cooking. Used it in dal and sabzi and liked the fresh coriander note. So far, a good experience.",SYNTHETIC SAMPLE — FICTIONAL REVIEW / NOT A REAL CUSTOMER
Coriander Powder,Rhea Oberoi,Kota,Rajasthan,5,The flavour is quite balanced for regular cooking. A useful everyday spice for curry bases. No complaints so far.,SYNTHETIC SAMPLE — FICTIONAL REVIEW / NOT A REAL CUSTOMER
Coriander Powder,Nikhil Bisht,Nagpur,Maharashtra,4,"The aroma was noticeable when I opened the pack. Used it in dal and sabzi and liked the fresh coriander note. So far, a good experience.",SYNTHETIC SAMPLE — FICTIONAL REVIEW / NOT A REAL CUSTOMER
Coriander Powder,Swati Sandhu,Coimbatore,Tamil Nadu,5,The flavour is quite balanced for regular cooking. A useful everyday spice for curry bases. No complaints so far.,SYNTHETIC SAMPLE — FICTIONAL REVIEW / NOT A REAL CUSTOMER
Coriander Powder,Amit Yadav,New Delhi,Delhi,5,The pack arrived sealed and in good condition. The powder mixes well and doesn't dominate the dish. Would consider adding it to my next order.,SYNTHETIC SAMPLE — FICTIONAL REVIEW / NOT A REAL CUSTOMER
Coriander Powder,Pradeep Kumar,Ahmedabad,Gujarat,4,The packaging was neat and the product looked fresh. The powder mixes well and doesn't dominate the dish. I am satisfied with the first order.,SYNTHETIC SAMPLE — FICTIONAL REVIEW / NOT A REAL CUSTOMER
Coriander Powder,Pankaj Rawat,Guwahati,Assam,5,I bought this for regular home use and have been using it quite often. The powder mixes well and doesn't dominate the dish. No complaints so far.,SYNTHETIC SAMPLE — FICTIONAL REVIEW / NOT A REAL CUSTOMER
Coriander Powder,Shivam Verma,Amritsar,Punjab,5,"Tried this after seeing the product online and liked the first experience. The powder mixes well and doesn't dominate the dish. So far, a good experience.",SYNTHETIC SAMPLE — FICTIONAL REVIEW / NOT A REAL CUSTOMER
Coriander Powder,Gaurav Shetty,Kanpur,Uttar Pradesh,5,"This has been useful for my everyday kitchen routine. A useful everyday spice for curry bases. So far, a good experience.",SYNTHETIC SAMPLE — FICTIONAL REVIEW / NOT A REAL CUSTOMER
Coriander Powder,Sneha Das,Bhopal,Madhya Pradesh,5,This has been useful for my everyday kitchen routine. Used it in dal and sabzi and liked the fresh coriander note. Would consider adding it to my next order.,SYNTHETIC SAMPLE — FICTIONAL REVIEW / NOT A REAL CUSTOMER
Coriander Powder,Sonam Kohli,Vijayawada,Andhra Pradesh,5,Tried this after seeing the product online and liked the first experience. It has a mild earthy aroma and blends easily into gravy. It has become one of the regular items in my kitchen.,SYNTHETIC SAMPLE — FICTIONAL REVIEW / NOT A REAL CUSTOMER
Coriander Powder,Ananya Chopra,Jaipur,Rajasthan,4,This has been useful for my everyday kitchen routine. The powder mixes well and doesn't dominate the dish. I would buy it again.,SYNTHETIC SAMPLE — FICTIONAL REVIEW / NOT A REAL CUSTOMER
Coriander Powder,Gauri Sen,Mumbai,Maharashtra,5,Good first impression and the delivery was smooth. The powder mixes well and doesn't dominate the dish. Would consider adding it to my next order.,SYNTHETIC SAMPLE — FICTIONAL REVIEW / NOT A REAL CUSTOMER
Coriander Powder,Pallavi Mishra,Hyderabad,Telangana,5,The pack arrived sealed and in good condition. A useful everyday spice for curry bases. It has become one of the regular items in my kitchen.,SYNTHETIC SAMPLE — FICTIONAL REVIEW / NOT A REAL CUSTOMER
Coriander Powder,Aman Deshmukh,Patiala,Punjab,5,The packaging was neat and the product looked fresh. Used it in dal and sabzi and liked the fresh coriander note. Good value for regular home use.,SYNTHETIC SAMPLE — FICTIONAL REVIEW / NOT A REAL CUSTOMER
Coriander Powder,Sanjay Ghosh,Shimla,Himachal Pradesh,5,I liked the freshness more than I expected. A useful everyday spice for curry bases. No complaints so far.,SYNTHETIC SAMPLE — FICTIONAL REVIEW / NOT A REAL CUSTOMER
Coriander Powder,Divya Bisht,Ranchi,Jharkhand,5,Ordered this recently and the overall quality felt good. A useful everyday spice for curry bases. I am satisfied with the first order.,SYNTHETIC SAMPLE — FICTIONAL REVIEW / NOT A REAL CUSTOMER
Coriander Powder,Raj Roy,Raipur,Chhattisgarh,5,The pack arrived sealed and in good condition. Used it in dal and sabzi and liked the fresh coriander note. It has become one of the regular items in my kitchen.,SYNTHETIC SAMPLE — FICTIONAL REVIEW / NOT A REAL CUSTOMER
Coriander Powder,Arjun Rawat,Lucknow,Uttar Pradesh,4,The pack arrived sealed and in good condition. Used it in dal and sabzi and liked the fresh coriander note. Good value for regular home use.,SYNTHETIC SAMPLE — FICTIONAL REVIEW / NOT A REAL CUSTOMER
Coriander Powder,Sakshi Mishra,Nashik,Maharashtra,5,Tried this after seeing the product online and liked the first experience. Used it in dal and sabzi and liked the fresh coriander note. I would buy it again.,SYNTHETIC SAMPLE — FICTIONAL REVIEW / NOT A REAL CUSTOMER
Coriander Powder,Deepak Malhotra,Kochi,Kerala,4,The packaging was neat and the product looked fresh. It has a mild earthy aroma and blends easily into gravy. Good value for regular home use.,SYNTHETIC SAMPLE — FICTIONAL REVIEW / NOT A REAL CUSTOMER
Coriander Powder,Arjun Verma,Gurugram,Haryana,5,The aroma was noticeable when I opened the pack. Used it in dal and sabzi and liked the fresh coriander note. Would consider adding it to my next order.,SYNTHETIC SAMPLE — FICTIONAL REVIEW / NOT A REAL CUSTOMER
Coriander Powder,Aman Rao,Surat,Gujarat,4,The aroma was noticeable when I opened the pack. It has a mild earthy aroma and blends easily into gravy. It has become one of the regular items in my kitchen.,SYNTHETIC SAMPLE — FICTIONAL REVIEW / NOT A REAL CUSTOMER
Coriander Powder,Srishti Shah,Bengaluru,Karnataka,5,Tried this after seeing the product online and liked the first experience. The powder mixes well and doesn't dominate the dish. It has become one of the regular items in my kitchen.,SYNTHETIC SAMPLE — FICTIONAL REVIEW / NOT A REAL CUSTOMER
Coriander Powder,Neha Dhillon,Ludhiana,Punjab,3,"I bought this for regular home use and have been using it quite often. The powder mixes well and doesn't dominate the dish. So far, a good experience.",SYNTHETIC SAMPLE — FICTIONAL REVIEW / NOT A REAL CUSTOMER
Coriander Powder,Amit Singh,Varanasi,Uttar Pradesh,5,The flavour is quite balanced for regular cooking. Used it in dal and sabzi and liked the fresh coriander note. Would consider adding it to my next order.,SYNTHETIC SAMPLE — FICTIONAL REVIEW / NOT A REAL CUSTOMER
Coriander Powder,Swati Verma,Kolkata,West Bengal,4,"I bought this for regular home use and have been using it quite often. A useful everyday spice for curry bases. So far, a good experience.",SYNTHETIC SAMPLE — FICTIONAL REVIEW / NOT A REAL CUSTOMER
Coriander Powder,Pradeep Yadav,Visakhapatnam,Andhra Pradesh,5,Tried this after seeing the product online and liked the first experience. It has a mild earthy aroma and blends easily into gravy. It has become one of the regular items in my kitchen.,SYNTHETIC SAMPLE — FICTIONAL REVIEW / NOT A REAL CUSTOMER
Coriander Powder,Arpita Sandhu,Jodhpur,Rajasthan,5,I bought this for regular home use and have been using it quite often. It has a mild earthy aroma and blends easily into gravy. I would buy it again.,SYNTHETIC SAMPLE — FICTIONAL REVIEW / NOT A REAL CUSTOMER
Black Pepper Powder,Sneha Yadav,Patna,Bihar,4,"The aroma was noticeable when I opened the pack. I used it in soup, eggs and curries and liked the flavour. It has become one of the regular items in my kitchen.",SYNTHETIC SAMPLE — FICTIONAL REVIEW / NOT A REAL CUSTOMER
Black Pepper Powder,Naveen Mehta,Bengaluru,Karnataka,5,"The packaging was neat and the product looked fresh. The pepper has a clean, sharp aroma and a good kick. Good value for regular home use.",SYNTHETIC SAMPLE — FICTIONAL REVIEW / NOT A REAL CUSTOMER
Black Pepper Powder,Zoya Srivastava,Noida,Uttar Pradesh,5,"This has been useful for my everyday kitchen routine. I used it in soup, eggs and curries and liked the flavour. So far, a good experience.",SYNTHETIC SAMPLE — FICTIONAL REVIEW / NOT A REAL CUSTOMER
Black Pepper Powder,Bharat Gupta,Indore,Madhya Pradesh,5,"The packaging was neat and the product looked fresh. I used it in soup, eggs and curries and liked the flavour. I would buy it again.",SYNTHETIC SAMPLE — FICTIONAL REVIEW / NOT A REAL CUSTOMER
Black Pepper Powder,Sneha Sodhi,Thiruvananthapuram,Kerala,5,"The aroma was noticeable when I opened the pack. I used it in soup, eggs and curries and liked the flavour. Would consider adding it to my next order.",SYNTHETIC SAMPLE — FICTIONAL REVIEW / NOT A REAL CUSTOMER
Black Pepper Powder,Jatin Malhotra,Faridabad,Haryana,4,Ordered this recently and the overall quality felt good. Good everyday pepper for cooking and finishing dishes. I am satisfied with the first order.,SYNTHETIC SAMPLE — FICTIONAL REVIEW / NOT A REAL CUSTOMER
Black Pepper Powder,Pallavi Kumar,Vadodara,Gujarat,5,Ordered this recently and the overall quality felt good. Good everyday pepper for cooking and finishing dishes. I would buy it again.,SYNTHETIC SAMPLE — FICTIONAL REVIEW / NOT A REAL CUSTOMER
Black Pepper Powder,Kavita Reddy,Mysuru,Karnataka,5,Good first impression and the delivery was smooth. Good everyday pepper for cooking and finishing dishes. No complaints so far.,SYNTHETIC SAMPLE — FICTIONAL REVIEW / NOT A REAL CUSTOMER
Black Pepper Powder,Saurabh Sinha,Jalandhar,Punjab,4,The flavour is quite balanced for regular cooking. Good everyday pepper for cooking and finishing dishes. It has become one of the regular items in my kitchen.,SYNTHETIC SAMPLE — FICTIONAL REVIEW / NOT A REAL CUSTOMER
Black Pepper Powder,Dev Kapoor,Dehradun,Uttarakhand,5,"Good first impression and the delivery was smooth. I used it in soup, eggs and curries and liked the flavour. Overall, happy with the purchase.",SYNTHETIC SAMPLE — FICTIONAL REVIEW / NOT A REAL CUSTOMER
Black Pepper Powder,Meena Sharma,Bhubaneswar,Odisha,5,I bought this for regular home use and have been using it quite often. Good everyday pepper for cooking and finishing dishes. Good value for regular home use.,SYNTHETIC SAMPLE — FICTIONAL REVIEW / NOT A REAL CUSTOMER
Black Pepper Powder,Shivam Srivastava,Goa,Goa,5,"This has been useful for my everyday kitchen routine. The pepper has a clean, sharp aroma and a good kick. Would consider adding it to my next order.",SYNTHETIC SAMPLE — FICTIONAL REVIEW / NOT A REAL CUSTOMER
Black Pepper Powder,Monika Pandey,Kota,Rajasthan,5,"This has been useful for my everyday kitchen routine. The pepper has a clean, sharp aroma and a good kick. Good value for regular home use.",SYNTHETIC SAMPLE — FICTIONAL REVIEW / NOT A REAL CUSTOMER
Black Pepper Powder,Rishi Gupta,Nagpur,Maharashtra,5,"The flavour is quite balanced for regular cooking. The pepper has a clean, sharp aroma and a good kick. Good value for regular home use.",SYNTHETIC SAMPLE — FICTIONAL REVIEW / NOT A REAL CUSTOMER
Black Pepper Powder,Priya Shah,Coimbatore,Tamil Nadu,5,"The aroma was noticeable when I opened the pack. The pepper has a clean, sharp aroma and a good kick. I would buy it again.",SYNTHETIC SAMPLE — FICTIONAL REVIEW / NOT A REAL CUSTOMER
Black Pepper Powder,Shalini Khanna,New Delhi,Delhi,4,"Tried this after seeing the product online and liked the first experience. The pepper has a clean, sharp aroma and a good kick. Good value for regular home use.",SYNTHETIC SAMPLE — FICTIONAL REVIEW / NOT A REAL CUSTOMER
Black Pepper Powder,Saurabh Reddy,Ahmedabad,Gujarat,5,"I bought this for regular home use and have been using it quite often. A little goes a long way, especially for peppery dishes. No complaints so far.",SYNTHETIC SAMPLE — FICTIONAL REVIEW / NOT A REAL CUSTOMER
Black Pepper Powder,Priya Agarwal,Guwahati,Assam,4,"I liked the freshness more than I expected. A little goes a long way, especially for peppery dishes. I am satisfied with the first order.",SYNTHETIC SAMPLE — FICTIONAL REVIEW / NOT A REAL CUSTOMER
Black Pepper Powder,Saurabh Sharma,Amritsar,Punjab,4,Good first impression and the delivery was smooth. Good everyday pepper for cooking and finishing dishes. Would consider adding it to my next order.,SYNTHETIC SAMPLE — FICTIONAL REVIEW / NOT A REAL CUSTOMER
Black Pepper Powder,Pankaj Chopra,Kanpur,Uttar Pradesh,5,"I liked the freshness more than I expected. A little goes a long way, especially for peppery dishes. Good value for regular home use.",SYNTHETIC SAMPLE — FICTIONAL REVIEW / NOT A REAL CUSTOMER
Black Pepper Powder,Kavita Nair,Bhopal,Madhya Pradesh,5,"The packaging was neat and the product looked fresh. A little goes a long way, especially for peppery dishes. It has become one of the regular items in my kitchen.",SYNTHETIC SAMPLE — FICTIONAL REVIEW / NOT A REAL CUSTOMER
Black Pepper Powder,Sanjana Naik,Vijayawada,Andhra Pradesh,4,"Tried this after seeing the product online and liked the first experience. The pepper has a clean, sharp aroma and a good kick. Overall, happy with the purchase.",SYNTHETIC SAMPLE — FICTIONAL REVIEW / NOT A REAL CUSTOMER
Black Pepper Powder,Ashish Das,Jaipur,Rajasthan,4,Good first impression and the delivery was smooth. Good everyday pepper for cooking and finishing dishes. No complaints so far.,SYNTHETIC SAMPLE — FICTIONAL REVIEW / NOT A REAL CUSTOMER
Black Pepper Powder,Naveen Kulkarni,Mumbai,Maharashtra,5,"The pack arrived sealed and in good condition. A little goes a long way, especially for peppery dishes. No complaints so far.",SYNTHETIC SAMPLE — FICTIONAL REVIEW / NOT A REAL CUSTOMER
Black Pepper Powder,Isha Pandey,Hyderabad,Telangana,4,"Tried this after seeing the product online and liked the first experience. The pepper has a clean, sharp aroma and a good kick. It has become one of the regular items in my kitchen.",SYNTHETIC SAMPLE — FICTIONAL REVIEW / NOT A REAL CUSTOMER
Black Pepper Powder,Nikhil Tiwari,Patiala,Punjab,5,"This has been useful for my everyday kitchen routine. The pepper has a clean, sharp aroma and a good kick. Would consider adding it to my next order.",SYNTHETIC SAMPLE — FICTIONAL REVIEW / NOT A REAL CUSTOMER
Black Pepper Powder,Ashish Sharma,Shimla,Himachal Pradesh,3,"I liked the freshness more than I expected. The pepper has a clean, sharp aroma and a good kick. No complaints so far.",SYNTHETIC SAMPLE — FICTIONAL REVIEW / NOT A REAL CUSTOMER
Black Pepper Powder,Shalini Iyer,Ranchi,Jharkhand,5,"This has been useful for my everyday kitchen routine. A little goes a long way, especially for peppery dishes. Good value for regular home use.",SYNTHETIC SAMPLE — FICTIONAL REVIEW / NOT A REAL CUSTOMER
Black Pepper Powder,Harpreet Chatterjee,Raipur,Chhattisgarh,5,"The packaging was neat and the product looked fresh. I used it in soup, eggs and curries and liked the flavour. So far, a good experience.",SYNTHETIC SAMPLE — FICTIONAL REVIEW / NOT A REAL CUSTOMER
Black Pepper Powder,Deepika Hegde,Lucknow,Uttar Pradesh,5,"The pack arrived sealed and in good condition. I used it in soup, eggs and curries and liked the flavour. Overall, happy with the purchase.",SYNTHETIC SAMPLE — FICTIONAL REVIEW / NOT A REAL CUSTOMER
Black Pepper Powder,Neha Bansal,Nashik,Maharashtra,5,"The flavour is quite balanced for regular cooking. I used it in soup, eggs and curries and liked the flavour. So far, a good experience.",SYNTHETIC SAMPLE — FICTIONAL REVIEW / NOT A REAL CUSTOMER
Black Pepper Powder,Swati Chopra,Kochi,Kerala,5,"I liked the freshness more than I expected. I used it in soup, eggs and curries and liked the flavour. No complaints so far.",SYNTHETIC SAMPLE — FICTIONAL REVIEW / NOT A REAL CUSTOMER
Black Pepper Powder,Priya Singh,Gurugram,Haryana,5,The pack arrived sealed and in good condition. Good everyday pepper for cooking and finishing dishes. I am satisfied with the first order.,SYNTHETIC SAMPLE — FICTIONAL REVIEW / NOT A REAL CUSTOMER
Black Pepper Powder,Gaurav Mukherjee,Surat,Gujarat,5,"This has been useful for my everyday kitchen routine. I used it in soup, eggs and curries and liked the flavour. It has become one of the regular items in my kitchen.",SYNTHETIC SAMPLE — FICTIONAL REVIEW / NOT A REAL CUSTOMER
Black Pepper Powder,Rhea Deshmukh,Bengaluru,Karnataka,5,"Ordered this recently and the overall quality felt good. I used it in soup, eggs and curries and liked the flavour. I am satisfied with the first order.",SYNTHETIC SAMPLE — FICTIONAL REVIEW / NOT A REAL CUSTOMER
Black Pepper Powder,Tanya Pandey,Ludhiana,Punjab,5,"Ordered this recently and the overall quality felt good. A little goes a long way, especially for peppery dishes. Overall, happy with the purchase.",SYNTHETIC SAMPLE — FICTIONAL REVIEW / NOT A REAL CUSTOMER
Black Pepper Powder,Manish Mehta,Varanasi,Uttar Pradesh,5,"The flavour is quite balanced for regular cooking. A little goes a long way, especially for peppery dishes. I would buy it again.",SYNTHETIC SAMPLE — FICTIONAL REVIEW / NOT A REAL CUSTOMER
Black Pepper Powder,Aman Sethi,Kolkata,West Bengal,5,The flavour is quite balanced for regular cooking. Good everyday pepper for cooking and finishing dishes. It has become one of the regular items in my kitchen.,SYNTHETIC SAMPLE — FICTIONAL REVIEW / NOT A REAL CUSTOMER
Black Pepper Powder,Bhavna Kohli,Visakhapatnam,Andhra Pradesh,5,"Tried this after seeing the product online and liked the first experience. A little goes a long way, especially for peppery dishes. Would consider adding it to my next order.",SYNTHETIC SAMPLE — FICTIONAL REVIEW / NOT A REAL CUSTOMER
Black Pepper Powder,Rashi Tiwari,Jodhpur,Rajasthan,5,"Good first impression and the delivery was smooth. The pepper has a clean, sharp aroma and a good kick. I am satisfied with the first order.",SYNTHETIC SAMPLE — FICTIONAL REVIEW / NOT A REAL CUSTOMER
Black Pepper Powder,Rhea Thakur,Pune,Maharashtra,5,"This has been useful for my everyday kitchen routine. A little goes a long way, especially for peppery dishes. It has become one of the regular items in my kitchen.",SYNTHETIC SAMPLE — FICTIONAL REVIEW / NOT A REAL CUSTOMER
Black Pepper Powder,Chetan Pillai,Chennai,Tamil Nadu,5,"Tried this after seeing the product online and liked the first experience. The pepper has a clean, sharp aroma and a good kick. I would buy it again.",SYNTHETIC SAMPLE — FICTIONAL REVIEW / NOT A REAL CUSTOMER
Black Pepper Powder,Bharat Jain,Chandigarh,Chandigarh,5,"I bought this for regular home use and have been using it quite often. A little goes a long way, especially for peppery dishes. It has become one of the regular items in my kitchen.",SYNTHETIC SAMPLE — FICTIONAL REVIEW / NOT A REAL CUSTOMER
Black Pepper Powder,Monika Shah,Jammu,Jammu & Kashmir,5,"This has been useful for my everyday kitchen routine. The pepper has a clean, sharp aroma and a good kick. So far, a good experience.",SYNTHETIC SAMPLE — FICTIONAL REVIEW / NOT A REAL CUSTOMER
Black Pepper Powder,Amit Pawar,Patna,Bihar,5,"I liked the freshness more than I expected. I used it in soup, eggs and curries and liked the flavour. So far, a good experience.",SYNTHETIC SAMPLE — FICTIONAL REVIEW / NOT A REAL CUSTOMER
Black Pepper Powder,Rohit Roy,Bengaluru,Karnataka,5,"The pack arrived sealed and in good condition. I used it in soup, eggs and curries and liked the flavour. It has become one of the regular items in my kitchen.",SYNTHETIC SAMPLE — FICTIONAL REVIEW / NOT A REAL CUSTOMER
Black Pepper Powder,Rishi Mishra,Noida,Uttar Pradesh,4,Ordered this recently and the overall quality felt good. Good everyday pepper for cooking and finishing dishes. Good value for regular home use.,SYNTHETIC SAMPLE — FICTIONAL REVIEW / NOT A REAL CUSTOMER
Black Pepper Powder,Sameer Patil,Indore,Madhya Pradesh,5,"Tried this after seeing the product online and liked the first experience. The pepper has a clean, sharp aroma and a good kick. Would consider adding it to my next order.",SYNTHETIC SAMPLE — FICTIONAL REVIEW / NOT A REAL CUSTOMER
Black Pepper Powder,Nikhil Pandey,Thiruvananthapuram,Kerala,5,"I liked the freshness more than I expected. A little goes a long way, especially for peppery dishes. It has become one of the regular items in my kitchen.",SYNTHETIC SAMPLE — FICTIONAL REVIEW / NOT A REAL CUSTOMER
Black Pepper Powder,Jatin Bhattacharya,Faridabad,Haryana,5,"This has been useful for my everyday kitchen routine. I used it in soup, eggs and curries and liked the flavour. I am satisfied with the first order.",SYNTHETIC SAMPLE — FICTIONAL REVIEW / NOT A REAL CUSTOMER
Black Pepper Powder,Harish Roy,Vadodara,Gujarat,5,"I liked the freshness more than I expected. I used it in soup, eggs and curries and liked the flavour. Overall, happy with the purchase.",SYNTHETIC SAMPLE — FICTIONAL REVIEW / NOT A REAL CUSTOMER
Black Pepper Powder,Isha Deshmukh,Mysuru,Karnataka,5,"The packaging was neat and the product looked fresh. The pepper has a clean, sharp aroma and a good kick. I would buy it again.",SYNTHETIC SAMPLE — FICTIONAL REVIEW / NOT A REAL CUSTOMER
Black Pepper Powder,Divya Dhillon,Jalandhar,Punjab,3,"I bought this for regular home use and have been using it quite often. A little goes a long way, especially for peppery dishes. It has become one of the regular items in my kitchen.",SYNTHETIC SAMPLE — FICTIONAL REVIEW / NOT A REAL CUSTOMER
Black Pepper Powder,Rohit Thakur,Dehradun,Uttarakhand,5,The flavour is quite balanced for regular cooking. Good everyday pepper for cooking and finishing dishes. Good value for regular home use.,SYNTHETIC SAMPLE — FICTIONAL REVIEW / NOT A REAL CUSTOMER
Black Pepper Powder,Sanjay Sharma,Bhubaneswar,Odisha,5,"Tried this after seeing the product online and liked the first experience. I used it in soup, eggs and curries and liked the flavour. It has become one of the regular items in my kitchen.",SYNTHETIC SAMPLE — FICTIONAL REVIEW / NOT A REAL CUSTOMER
Black Pepper Powder,Gaurav Bisht,Goa,Goa,5,"I bought this for regular home use and have been using it quite often. I used it in soup, eggs and curries and liked the flavour. Would consider adding it to my next order.",SYNTHETIC SAMPLE — FICTIONAL REVIEW / NOT A REAL CUSTOMER
Black Pepper Powder,Pallavi Bedi,Kota,Rajasthan,5,"The packaging was neat and the product looked fresh. I used it in soup, eggs and curries and liked the flavour. No complaints so far.",SYNTHETIC SAMPLE — FICTIONAL REVIEW / NOT A REAL CUSTOMER
Black Pepper Powder,Sonam Sinha,Nagpur,Maharashtra,5,"This has been useful for my everyday kitchen routine. A little goes a long way, especially for peppery dishes. I would buy it again.",SYNTHETIC SAMPLE — FICTIONAL REVIEW / NOT A REAL CUSTOMER
Black Pepper Powder,Rishi Sinha,Coimbatore,Tamil Nadu,5,The flavour is quite balanced for regular cooking. Good everyday pepper for cooking and finishing dishes. It has become one of the regular items in my kitchen.,SYNTHETIC SAMPLE — FICTIONAL REVIEW / NOT A REAL CUSTOMER
Black Pepper Powder,Reena Patil,New Delhi,Delhi,5,"Ordered this recently and the overall quality felt good. A little goes a long way, especially for peppery dishes. I am satisfied with the first order.",SYNTHETIC SAMPLE — FICTIONAL REVIEW / NOT A REAL CUSTOMER
Black Pepper Powder,Jatin Patil,Ahmedabad,Gujarat,4,"The aroma was noticeable when I opened the pack. Good everyday pepper for cooking and finishing dishes. So far, a good experience.",SYNTHETIC SAMPLE — FICTIONAL REVIEW / NOT A REAL CUSTOMER
Black Pepper Powder,Sana Pandey,Guwahati,Assam,5,"This has been useful for my everyday kitchen routine. A little goes a long way, especially for peppery dishes. I would buy it again.",SYNTHETIC SAMPLE — FICTIONAL REVIEW / NOT A REAL CUSTOMER
Black Pepper Powder,Aishwarya Khanna,Amritsar,Punjab,5,"The flavour is quite balanced for regular cooking. Good everyday pepper for cooking and finishing dishes. So far, a good experience.",SYNTHETIC SAMPLE — FICTIONAL REVIEW / NOT A REAL CUSTOMER
Black Pepper Powder,Rishi Hegde,Kanpur,Uttar Pradesh,5,The pack arrived sealed and in good condition. Good everyday pepper for cooking and finishing dishes. Would consider adding it to my next order.,SYNTHETIC SAMPLE — FICTIONAL REVIEW / NOT A REAL CUSTOMER
Black Pepper Powder,Ashish Patil,Bhopal,Madhya Pradesh,4,"The packaging was neat and the product looked fresh. Good everyday pepper for cooking and finishing dishes. So far, a good experience.",SYNTHETIC SAMPLE — FICTIONAL REVIEW / NOT A REAL CUSTOMER
Black Pepper Powder,Deepika Kapoor,Vijayawada,Andhra Pradesh,5,"The aroma was noticeable when I opened the pack. The pepper has a clean, sharp aroma and a good kick. So far, a good experience.",SYNTHETIC SAMPLE — FICTIONAL REVIEW / NOT A REAL CUSTOMER
Black Pepper Powder,Deepak Khanna,Jaipur,Rajasthan,5,"I liked the freshness more than I expected. The pepper has a clean, sharp aroma and a good kick. Would consider adding it to my next order.",SYNTHETIC SAMPLE — FICTIONAL REVIEW / NOT A REAL CUSTOMER
Black Pepper Powder,Srishti Patil,Mumbai,Maharashtra,4,"The packaging was neat and the product looked fresh. Good everyday pepper for cooking and finishing dishes. So far, a good experience.",SYNTHETIC SAMPLE — FICTIONAL REVIEW / NOT A REAL CUSTOMER
Black Pepper Powder,Aditya Das,Hyderabad,Telangana,5,"Good first impression and the delivery was smooth. The pepper has a clean, sharp aroma and a good kick. I would buy it again.",SYNTHETIC SAMPLE — FICTIONAL REVIEW / NOT A REAL CUSTOMER
Black Pepper Powder,Gaurav Deshmukh,Patiala,Punjab,5,"Good first impression and the delivery was smooth. I used it in soup, eggs and curries and liked the flavour. So far, a good experience.",SYNTHETIC SAMPLE — FICTIONAL REVIEW / NOT A REAL CUSTOMER
Black Pepper Powder,Naveen Rawat,Shimla,Himachal Pradesh,5,"I liked the freshness more than I expected. I used it in soup, eggs and curries and liked the flavour. So far, a good experience.",SYNTHETIC SAMPLE — FICTIONAL REVIEW / NOT A REAL CUSTOMER
Black Pepper Powder,Aditi Naik,Ranchi,Jharkhand,5,"Ordered this recently and the overall quality felt good. The pepper has a clean, sharp aroma and a good kick. Good value for regular home use.",SYNTHETIC SAMPLE — FICTIONAL REVIEW / NOT A REAL CUSTOMER
Black Pepper Powder,Priya Sharma,Raipur,Chhattisgarh,5,"The flavour is quite balanced for regular cooking. A little goes a long way, especially for peppery dishes. It has become one of the regular items in my kitchen.",SYNTHETIC SAMPLE — FICTIONAL REVIEW / NOT A REAL CUSTOMER
Black Pepper Powder,Pankaj Verma,Lucknow,Uttar Pradesh,5,"I bought this for regular home use and have been using it quite often. The pepper has a clean, sharp aroma and a good kick. Overall, happy with the purchase.",SYNTHETIC SAMPLE — FICTIONAL REVIEW / NOT A REAL CUSTOMER
Black Pepper Powder,Deepak Bisht,Nashik,Maharashtra,5,"Tried this after seeing the product online and liked the first experience. I used it in soup, eggs and curries and liked the flavour. Good value for regular home use.",SYNTHETIC SAMPLE — FICTIONAL REVIEW / NOT A REAL CUSTOMER
Black Pepper Powder,Akash Sen,Kochi,Kerala,5,This has been useful for my everyday kitchen routine. Good everyday pepper for cooking and finishing dishes. Good value for regular home use.,SYNTHETIC SAMPLE — FICTIONAL REVIEW / NOT A REAL CUSTOMER
Turmeric Powder (Haldi Powder),Nisha Deshmukh,Chennai,Tamil Nadu,4,I bought this for regular home use and have been using it quite often. The colour is bright and it mixes nicely into dal and sabzi. I would buy it again.,SYNTHETIC SAMPLE — FICTIONAL REVIEW / NOT A REAL CUSTOMER
Turmeric Powder (Haldi Powder),Anil Sethi,Chandigarh,Chandigarh,5,Ordered this recently and the overall quality felt good. It gives dishes a familiar earthy turmeric aroma. Would consider adding it to my next order.,SYNTHETIC SAMPLE — FICTIONAL REVIEW / NOT A REAL CUSTOMER
Turmeric Powder (Haldi Powder),Pallavi Srivastava,Jammu,Jammu & Kashmir,5,I liked the freshness more than I expected. The colour is bright and it mixes nicely into dal and sabzi. No complaints so far.,SYNTHETIC SAMPLE — FICTIONAL REVIEW / NOT A REAL CUSTOMER
Turmeric Powder (Haldi Powder),Ananya Oberoi,Patna,Bihar,5,Tried this after seeing the product online and liked the first experience. The powder looks clean and the colour is quite vibrant. I am satisfied with the first order.,SYNTHETIC SAMPLE — FICTIONAL REVIEW / NOT A REAL CUSTOMER
Turmeric Powder (Haldi Powder),Shalini Kohli,Bengaluru,Karnataka,4,The aroma was noticeable when I opened the pack. It gives dishes a familiar earthy turmeric aroma. I would buy it again.,SYNTHETIC SAMPLE — FICTIONAL REVIEW / NOT A REAL CUSTOMER
Turmeric Powder (Haldi Powder),Jatin Hegde,Noida,Uttar Pradesh,5,The packaging was neat and the product looked fresh. The colour is bright and it mixes nicely into dal and sabzi. Good value for regular home use.,SYNTHETIC SAMPLE — FICTIONAL REVIEW / NOT A REAL CUSTOMER
Turmeric Powder (Haldi Powder),Raj Tripathi,Indore,Madhya Pradesh,5,The pack arrived sealed and in good condition. The colour is bright and it mixes nicely into dal and sabzi. No complaints so far.,SYNTHETIC SAMPLE — FICTIONAL REVIEW / NOT A REAL CUSTOMER
Turmeric Powder (Haldi Powder),Ashish Shah,Thiruvananthapuram,Kerala,5,"This has been useful for my everyday kitchen routine. The powder looks clean and the colour is quite vibrant. Overall, happy with the purchase.",SYNTHETIC SAMPLE — FICTIONAL REVIEW / NOT A REAL CUSTOMER
Turmeric Powder (Haldi Powder),Sonam Pandey,Faridabad,Haryana,5,"Tried this after seeing the product online and liked the first experience. The colour is bright and it mixes nicely into dal and sabzi. Overall, happy with the purchase.",SYNTHETIC SAMPLE — FICTIONAL REVIEW / NOT A REAL CUSTOMER
Turmeric Powder (Haldi Powder),Pooja Naik,Vadodara,Gujarat,5,The flavour is quite balanced for regular cooking. It gives dishes a familiar earthy turmeric aroma. Good value for regular home use.,SYNTHETIC SAMPLE — FICTIONAL REVIEW / NOT A REAL CUSTOMER
Turmeric Powder (Haldi Powder),Sanjay Kapoor,Mysuru,Karnataka,5,"Tried this after seeing the product online and liked the first experience. I use turmeric almost daily, so freshness matters and this worked well. No complaints so far.",SYNTHETIC SAMPLE — FICTIONAL REVIEW / NOT A REAL CUSTOMER
Turmeric Powder (Haldi Powder),Kriti Naik,Jalandhar,Punjab,5,The flavour is quite balanced for regular cooking. The powder looks clean and the colour is quite vibrant. Good value for regular home use.,SYNTHETIC SAMPLE — FICTIONAL REVIEW / NOT A REAL CUSTOMER
Turmeric Powder (Haldi Powder),Shalini Jain,Dehradun,Uttarakhand,5,"I liked the freshness more than I expected. The powder looks clean and the colour is quite vibrant. Overall, happy with the purchase.",SYNTHETIC SAMPLE — FICTIONAL REVIEW / NOT A REAL CUSTOMER
Turmeric Powder (Haldi Powder),Monika Sodhi,Bhubaneswar,Odisha,5,Tried this after seeing the product online and liked the first experience. The colour is bright and it mixes nicely into dal and sabzi. Would consider adding it to my next order.,SYNTHETIC SAMPLE — FICTIONAL REVIEW / NOT A REAL CUSTOMER
Turmeric Powder (Haldi Powder),Sanjana Iyer,Goa,Goa,5,"I liked the freshness more than I expected. I use turmeric almost daily, so freshness matters and this worked well. I would buy it again.",SYNTHETIC SAMPLE — FICTIONAL REVIEW / NOT A REAL CUSTOMER
Turmeric Powder (Haldi Powder),Simran Kohli,Kota,Rajasthan,5,"Ordered this recently and the overall quality felt good. The colour is bright and it mixes nicely into dal and sabzi. Overall, happy with the purchase.",SYNTHETIC SAMPLE — FICTIONAL REVIEW / NOT A REAL CUSTOMER
Turmeric Powder (Haldi Powder),Nikhil Rawat,Nagpur,Maharashtra,5,The packaging was neat and the product looked fresh. The colour is bright and it mixes nicely into dal and sabzi. No complaints so far.,SYNTHETIC SAMPLE — FICTIONAL REVIEW / NOT A REAL CUSTOMER
Turmeric Powder (Haldi Powder),Vikas Dhillon,Coimbatore,Tamil Nadu,5,The flavour is quite balanced for regular cooking. It gives dishes a familiar earthy turmeric aroma. It has become one of the regular items in my kitchen.,SYNTHETIC SAMPLE — FICTIONAL REVIEW / NOT A REAL CUSTOMER
Turmeric Powder (Haldi Powder),Ashish Chaudhary,New Delhi,Delhi,5,"This has been useful for my everyday kitchen routine. I use turmeric almost daily, so freshness matters and this worked well. Overall, happy with the purchase.",SYNTHETIC SAMPLE — FICTIONAL REVIEW / NOT A REAL CUSTOMER
Turmeric Powder (Haldi Powder),Meena Sandhu,Ahmedabad,Gujarat,4,The packaging was neat and the product looked fresh. It gives dishes a familiar earthy turmeric aroma. I would buy it again.,SYNTHETIC SAMPLE — FICTIONAL REVIEW / NOT A REAL CUSTOMER
Turmeric Powder (Haldi Powder),Shalini Bedi,Guwahati,Assam,3,"Ordered this recently and the overall quality felt good. I use turmeric almost daily, so freshness matters and this worked well. Good value for regular home use.",SYNTHETIC SAMPLE — FICTIONAL REVIEW / NOT A REAL CUSTOMER
Turmeric Powder (Haldi Powder),Aditya Mukherjee,Amritsar,Punjab,5,"This has been useful for my everyday kitchen routine. It gives dishes a familiar earthy turmeric aroma. Overall, happy with the purchase.",SYNTHETIC SAMPLE — FICTIONAL REVIEW / NOT A REAL CUSTOMER
Turmeric Powder (Haldi Powder),Pooja Thakur,Kanpur,Uttar Pradesh,5,Good first impression and the delivery was smooth. It gives dishes a familiar earthy turmeric aroma. Good value for regular home use.,SYNTHETIC SAMPLE — FICTIONAL REVIEW / NOT A REAL CUSTOMER
Turmeric Powder (Haldi Powder),Neha Rawat,Bhopal,Madhya Pradesh,5,The flavour is quite balanced for regular cooking. The powder looks clean and the colour is quite vibrant. I am satisfied with the first order.,SYNTHETIC SAMPLE — FICTIONAL REVIEW / NOT A REAL CUSTOMER
Turmeric Powder (Haldi Powder),Vikram Thakur,Vijayawada,Andhra Pradesh,3,Ordered this recently and the overall quality felt good. It gives dishes a familiar earthy turmeric aroma. I would buy it again.,SYNTHETIC SAMPLE — FICTIONAL REVIEW / NOT A REAL CUSTOMER
Turmeric Powder (Haldi Powder),Nikhil Khanna,Jaipur,Rajasthan,5,"Ordered this recently and the overall quality felt good. I use turmeric almost daily, so freshness matters and this worked well. Good value for regular home use.",SYNTHETIC SAMPLE — FICTIONAL REVIEW / NOT A REAL CUSTOMER
Turmeric Powder (Haldi Powder),Aishwarya Pawar,Mumbai,Maharashtra,5,Ordered this recently and the overall quality felt good. The colour is bright and it mixes nicely into dal and sabzi. I am satisfied with the first order.,SYNTHETIC SAMPLE — FICTIONAL REVIEW / NOT A REAL CUSTOMER
Turmeric Powder (Haldi Powder),Meena Sodhi,Hyderabad,Telangana,4,The aroma was noticeable when I opened the pack. It gives dishes a familiar earthy turmeric aroma. I would buy it again.,SYNTHETIC SAMPLE — FICTIONAL REVIEW / NOT A REAL CUSTOMER
Turmeric Powder (Haldi Powder),Reena Joshi,Patiala,Punjab,5,"Good first impression and the delivery was smooth. I use turmeric almost daily, so freshness matters and this worked well. It has become one of the regular items in my kitchen.",SYNTHETIC SAMPLE — FICTIONAL REVIEW / NOT A REAL CUSTOMER
Turmeric Powder (Haldi Powder),Swati Mishra,Shimla,Himachal Pradesh,4,I liked the freshness more than I expected. The colour is bright and it mixes nicely into dal and sabzi. I would buy it again.,SYNTHETIC SAMPLE — FICTIONAL REVIEW / NOT A REAL CUSTOMER
Turmeric Powder (Haldi Powder),Simran Gill,Ranchi,Jharkhand,5,"Tried this after seeing the product online and liked the first experience. It gives dishes a familiar earthy turmeric aroma. Overall, happy with the purchase.",SYNTHETIC SAMPLE — FICTIONAL REVIEW / NOT A REAL CUSTOMER
Turmeric Powder (Haldi Powder),Aditi Shetty,Raipur,Chhattisgarh,4,The packaging was neat and the product looked fresh. The powder looks clean and the colour is quite vibrant. It has become one of the regular items in my kitchen.,SYNTHETIC SAMPLE — FICTIONAL REVIEW / NOT A REAL CUSTOMER
Turmeric Powder (Haldi Powder),Meena Patel,Lucknow,Uttar Pradesh,5,"Good first impression and the delivery was smooth. It gives dishes a familiar earthy turmeric aroma. So far, a good experience.",SYNTHETIC SAMPLE — FICTIONAL REVIEW / NOT A REAL CUSTOMER
Turmeric Powder (Haldi Powder),Shivam Shah,Nashik,Maharashtra,5,Ordered this recently and the overall quality felt good. The colour is bright and it mixes nicely into dal and sabzi. It has become one of the regular items in my kitchen.,SYNTHETIC SAMPLE — FICTIONAL REVIEW / NOT A REAL CUSTOMER
Turmeric Powder (Haldi Powder),Sakshi Pillai,Kochi,Kerala,5,The packaging was neat and the product looked fresh. The colour is bright and it mixes nicely into dal and sabzi. No complaints so far.,SYNTHETIC SAMPLE — FICTIONAL REVIEW / NOT A REAL CUSTOMER
Turmeric Powder (Haldi Powder),Aditya Joshi,Gurugram,Haryana,5,Tried this after seeing the product online and liked the first experience. It gives dishes a familiar earthy turmeric aroma. Good value for regular home use.,SYNTHETIC SAMPLE — FICTIONAL REVIEW / NOT A REAL CUSTOMER
Turmeric Powder (Haldi Powder),Aarav Agarwal,Surat,Gujarat,5,"The flavour is quite balanced for regular cooking. The colour is bright and it mixes nicely into dal and sabzi. Overall, happy with the purchase.",SYNTHETIC SAMPLE — FICTIONAL REVIEW / NOT A REAL CUSTOMER
Turmeric Powder (Haldi Powder),Tanya Sen,Bengaluru,Karnataka,5,The pack arrived sealed and in good condition. The powder looks clean and the colour is quite vibrant. No complaints so far.,SYNTHETIC SAMPLE — FICTIONAL REVIEW / NOT A REAL CUSTOMER
Turmeric Powder (Haldi Powder),Saurabh Bisht,Ludhiana,Punjab,5,Good first impression and the delivery was smooth. The powder looks clean and the colour is quite vibrant. Good value for regular home use.,SYNTHETIC SAMPLE — FICTIONAL REVIEW / NOT A REAL CUSTOMER
Turmeric Powder (Haldi Powder),Rakesh Mehta,Varanasi,Uttar Pradesh,5,"The pack arrived sealed and in good condition. I use turmeric almost daily, so freshness matters and this worked well. I am satisfied with the first order.",SYNTHETIC SAMPLE — FICTIONAL REVIEW / NOT A REAL CUSTOMER
Turmeric Powder (Haldi Powder),Isha Sharma,Kolkata,West Bengal,4,"Good first impression and the delivery was smooth. It gives dishes a familiar earthy turmeric aroma. Overall, happy with the purchase.",SYNTHETIC SAMPLE — FICTIONAL REVIEW / NOT A REAL CUSTOMER
Turmeric Powder (Haldi Powder),Akash Srivastava,Visakhapatnam,Andhra Pradesh,5,"The flavour is quite balanced for regular cooking. I use turmeric almost daily, so freshness matters and this worked well. Would consider adding it to my next order.",SYNTHETIC SAMPLE — FICTIONAL REVIEW / NOT A REAL CUSTOMER
Turmeric Powder (Haldi Powder),Sameer Sodhi,Jodhpur,Rajasthan,5,"I liked the freshness more than I expected. The powder looks clean and the colour is quite vibrant. So far, a good experience.",SYNTHETIC SAMPLE — FICTIONAL REVIEW / NOT A REAL CUSTOMER
Turmeric Powder (Haldi Powder),Srishti Shetty,Pune,Maharashtra,5,"The flavour is quite balanced for regular cooking. I use turmeric almost daily, so freshness matters and this worked well. No complaints so far.",SYNTHETIC SAMPLE — FICTIONAL REVIEW / NOT A REAL CUSTOMER
Turmeric Powder (Haldi Powder),Ankit Sodhi,Chennai,Tamil Nadu,4,"Tried this after seeing the product online and liked the first experience. I use turmeric almost daily, so freshness matters and this worked well. No complaints so far.",SYNTHETIC SAMPLE — FICTIONAL REVIEW / NOT A REAL CUSTOMER
Turmeric Powder (Haldi Powder),Arjun Shah,Chandigarh,Chandigarh,5,I bought this for regular home use and have been using it quite often. The colour is bright and it mixes nicely into dal and sabzi. It has become one of the regular items in my kitchen.,SYNTHETIC SAMPLE — FICTIONAL REVIEW / NOT A REAL CUSTOMER
Turmeric Powder (Haldi Powder),Aditya Pillai,Jammu,Jammu & Kashmir,5,"I bought this for regular home use and have been using it quite often. I use turmeric almost daily, so freshness matters and this worked well. I would buy it again.",SYNTHETIC SAMPLE — FICTIONAL REVIEW / NOT A REAL CUSTOMER
Turmeric Powder (Haldi Powder),Megha Menon,Patna,Bihar,5,Tried this after seeing the product online and liked the first experience. The powder looks clean and the colour is quite vibrant. Good value for regular home use.,SYNTHETIC SAMPLE — FICTIONAL REVIEW / NOT A REAL CUSTOMER
Turmeric Powder (Haldi Powder),Shivam Gupta,Bengaluru,Karnataka,5,"The packaging was neat and the product looked fresh. The colour is bright and it mixes nicely into dal and sabzi. So far, a good experience.",SYNTHETIC SAMPLE — FICTIONAL REVIEW / NOT A REAL CUSTOMER
Turmeric Powder (Haldi Powder),Kavita Chaudhary,Noida,Uttar Pradesh,5,This has been useful for my everyday kitchen routine. The colour is bright and it mixes nicely into dal and sabzi. It has become one of the regular items in my kitchen.,SYNTHETIC SAMPLE — FICTIONAL REVIEW / NOT A REAL CUSTOMER
Turmeric Powder (Haldi Powder),Bhavna Kumar,Indore,Madhya Pradesh,5,"Good first impression and the delivery was smooth. The powder looks clean and the colour is quite vibrant. So far, a good experience.",SYNTHETIC SAMPLE — FICTIONAL REVIEW / NOT A REAL CUSTOMER
Turmeric Powder (Haldi Powder),Jatin Oberoi,Thiruvananthapuram,Kerala,5,"I liked the freshness more than I expected. I use turmeric almost daily, so freshness matters and this worked well. Good value for regular home use.",SYNTHETIC SAMPLE — FICTIONAL REVIEW / NOT A REAL CUSTOMER
Turmeric Powder (Haldi Powder),Ashish Naik,Faridabad,Haryana,5,Ordered this recently and the overall quality felt good. The powder looks clean and the colour is quite vibrant. I am satisfied with the first order.,SYNTHETIC SAMPLE — FICTIONAL REVIEW / NOT A REAL CUSTOMER
Turmeric Powder (Haldi Powder),Tarun Joshi,Vadodara,Gujarat,4,Good first impression and the delivery was smooth. It gives dishes a familiar earthy turmeric aroma. Good value for regular home use.,SYNTHETIC SAMPLE — FICTIONAL REVIEW / NOT A REAL CUSTOMER
Turmeric Powder (Haldi Powder),Naveen Sen,Mysuru,Karnataka,5,"Good first impression and the delivery was smooth. The powder looks clean and the colour is quite vibrant. So far, a good experience.",SYNTHETIC SAMPLE — FICTIONAL REVIEW / NOT A REAL CUSTOMER
Turmeric Powder (Haldi Powder),Ravi Sinha,Jalandhar,Punjab,5,"The flavour is quite balanced for regular cooking. I use turmeric almost daily, so freshness matters and this worked well. Good value for regular home use.",SYNTHETIC SAMPLE — FICTIONAL REVIEW / NOT A REAL CUSTOMER
Turmeric Powder (Haldi Powder),Sakshi Iyer,Dehradun,Uttarakhand,5,"This has been useful for my everyday kitchen routine. I use turmeric almost daily, so freshness matters and this worked well. Overall, happy with the purchase.",SYNTHETIC SAMPLE — FICTIONAL REVIEW / NOT A REAL CUSTOMER
Turmeric Powder (Haldi Powder),Pallavi Chatterjee,Bhubaneswar,Odisha,5,The aroma was noticeable when I opened the pack. The powder looks clean and the colour is quite vibrant. It has become one of the regular items in my kitchen.,SYNTHETIC SAMPLE — FICTIONAL REVIEW / NOT A REAL CUSTOMER
Turmeric Powder (Haldi Powder),Priya Banerjee,Goa,Goa,5,This has been useful for my everyday kitchen routine. It gives dishes a familiar earthy turmeric aroma. I would buy it again.,SYNTHETIC SAMPLE — FICTIONAL REVIEW / NOT A REAL CUSTOMER
Turmeric Powder (Haldi Powder),Aman Malhotra,Kota,Rajasthan,5,"The packaging was neat and the product looked fresh. I use turmeric almost daily, so freshness matters and this worked well. No complaints so far.",SYNTHETIC SAMPLE — FICTIONAL REVIEW / NOT A REAL CUSTOMER
Turmeric Powder (Haldi Powder),Nikhil Agarwal,Nagpur,Maharashtra,5,The aroma was noticeable when I opened the pack. It gives dishes a familiar earthy turmeric aroma. Would consider adding it to my next order.,SYNTHETIC SAMPLE — FICTIONAL REVIEW / NOT A REAL CUSTOMER
Turmeric Powder (Haldi Powder),Sourav Arora,Coimbatore,Tamil Nadu,4,"Ordered this recently and the overall quality felt good. The powder looks clean and the colour is quite vibrant. So far, a good experience.",SYNTHETIC SAMPLE — FICTIONAL REVIEW / NOT A REAL CUSTOMER
Turmeric Powder (Haldi Powder),Shalini Bisht,New Delhi,Delhi,5,"Ordered this recently and the overall quality felt good. It gives dishes a familiar earthy turmeric aroma. Overall, happy with the purchase.",SYNTHETIC SAMPLE — FICTIONAL REVIEW / NOT A REAL CUSTOMER
Turmeric Powder (Haldi Powder),Sourav Bisht,Ahmedabad,Gujarat,5,Tried this after seeing the product online and liked the first experience. The powder looks clean and the colour is quite vibrant. Good value for regular home use.,SYNTHETIC SAMPLE — FICTIONAL REVIEW / NOT A REAL CUSTOMER
Turmeric Powder (Haldi Powder),Harish Sen,Guwahati,Assam,5,The flavour is quite balanced for regular cooking. The colour is bright and it mixes nicely into dal and sabzi. It has become one of the regular items in my kitchen.,SYNTHETIC SAMPLE — FICTIONAL REVIEW / NOT A REAL CUSTOMER
Turmeric Powder (Haldi Powder),Nisha Rawat,Amritsar,Punjab,5,Ordered this recently and the overall quality felt good. The colour is bright and it mixes nicely into dal and sabzi. Would consider adding it to my next order.,SYNTHETIC SAMPLE — FICTIONAL REVIEW / NOT A REAL CUSTOMER
Turmeric Powder (Haldi Powder),Amit Shetty,Kanpur,Uttar Pradesh,5,I bought this for regular home use and have been using it quite often. The powder looks clean and the colour is quite vibrant. I would buy it again.,SYNTHETIC SAMPLE — FICTIONAL REVIEW / NOT A REAL CUSTOMER
Turmeric Powder (Haldi Powder),Ananya Malhotra,Bhopal,Madhya Pradesh,5,The pack arrived sealed and in good condition. The powder looks clean and the colour is quite vibrant. It has become one of the regular items in my kitchen.,SYNTHETIC SAMPLE — FICTIONAL REVIEW / NOT A REAL CUSTOMER
Turmeric Powder (Haldi Powder),Pankaj Kapoor,Vijayawada,Andhra Pradesh,5,The packaging was neat and the product looked fresh. The colour is bright and it mixes nicely into dal and sabzi. No complaints so far.,SYNTHETIC SAMPLE — FICTIONAL REVIEW / NOT A REAL CUSTOMER
Turmeric Powder (Haldi Powder),Pooja Pillai,Jaipur,Rajasthan,4,"Good first impression and the delivery was smooth. I use turmeric almost daily, so freshness matters and this worked well. Would consider adding it to my next order.",SYNTHETIC SAMPLE — FICTIONAL REVIEW / NOT A REAL CUSTOMER
Turmeric Powder (Haldi Powder),Sneha Pawar,Mumbai,Maharashtra,5,Ordered this recently and the overall quality felt good. It gives dishes a familiar earthy turmeric aroma. Would consider adding it to my next order.,SYNTHETIC SAMPLE — FICTIONAL REVIEW / NOT A REAL CUSTOMER
Turmeric Powder (Haldi Powder),Sanjay Bhattacharya,Hyderabad,Telangana,5,"The aroma was noticeable when I opened the pack. I use turmeric almost daily, so freshness matters and this worked well. It has become one of the regular items in my kitchen.",SYNTHETIC SAMPLE — FICTIONAL REVIEW / NOT A REAL CUSTOMER
Turmeric Powder (Haldi Powder),Varun Gill,Patiala,Punjab,5,Ordered this recently and the overall quality felt good. The colour is bright and it mixes nicely into dal and sabzi. I would buy it again.,SYNTHETIC SAMPLE — FICTIONAL REVIEW / NOT A REAL CUSTOMER
Turmeric Powder (Haldi Powder),Sanjana Pillai,Shimla,Himachal Pradesh,5,This has been useful for my everyday kitchen routine. The powder looks clean and the colour is quite vibrant. Would consider adding it to my next order.,SYNTHETIC SAMPLE — FICTIONAL REVIEW / NOT A REAL CUSTOMER
Turmeric Powder (Haldi Powder),Rashi Malhotra,Ranchi,Jharkhand,4,"The packaging was neat and the product looked fresh. It gives dishes a familiar earthy turmeric aroma. So far, a good experience.",SYNTHETIC SAMPLE — FICTIONAL REVIEW / NOT A REAL CUSTOMER
Turmeric Powder (Haldi Powder),Dev Tiwari,Raipur,Chhattisgarh,5,The aroma was noticeable when I opened the pack. The colour is bright and it mixes nicely into dal and sabzi. I would buy it again.,SYNTHETIC SAMPLE — FICTIONAL REVIEW / NOT A REAL CUSTOMER
Turmeric Powder (Haldi Powder),Rohit Rao,Lucknow,Uttar Pradesh,5,"The aroma was noticeable when I opened the pack. The colour is bright and it mixes nicely into dal and sabzi. Overall, happy with the purchase.",SYNTHETIC SAMPLE — FICTIONAL REVIEW / NOT A REAL CUSTOMER
Turmeric Powder (Haldi Powder),Gauri Sandhu,Nashik,Maharashtra,4,"I liked the freshness more than I expected. I use turmeric almost daily, so freshness matters and this worked well. I would buy it again.",SYNTHETIC SAMPLE — FICTIONAL REVIEW / NOT A REAL CUSTOMER
Turmeric Powder (Haldi Powder),Bharat Oberoi,Kochi,Kerala,5,"Good first impression and the delivery was smooth. I use turmeric almost daily, so freshness matters and this worked well. It has become one of the regular items in my kitchen.",SYNTHETIC SAMPLE — FICTIONAL REVIEW / NOT A REAL CUSTOMER
Turmeric Powder (Haldi Powder),Arpita Dhillon,Gurugram,Haryana,5,"I liked the freshness more than I expected. I use turmeric almost daily, so freshness matters and this worked well. No complaints so far.",SYNTHETIC SAMPLE — FICTIONAL REVIEW / NOT A REAL CUSTOMER
Turmeric Powder (Haldi Powder),Sonam Reddy,Surat,Gujarat,5,Good first impression and the delivery was smooth. The powder looks clean and the colour is quite vibrant. Would consider adding it to my next order.,SYNTHETIC SAMPLE — FICTIONAL REVIEW / NOT A REAL CUSTOMER
Turmeric Powder (Haldi Powder),Gauri Roy,Bengaluru,Karnataka,5,"I liked the freshness more than I expected. I use turmeric almost daily, so freshness matters and this worked well. Good value for regular home use.",SYNTHETIC SAMPLE — FICTIONAL REVIEW / NOT A REAL CUSTOMER
Turmeric Powder (Haldi Powder),Ananya Mukherjee,Ludhiana,Punjab,5,"The aroma was noticeable when I opened the pack. The colour is bright and it mixes nicely into dal and sabzi. So far, a good experience.",SYNTHETIC SAMPLE — FICTIONAL REVIEW / NOT A REAL CUSTOMER
Turmeric Powder (Haldi Powder),Sourav Chopra,Varanasi,Uttar Pradesh,5,"Ordered this recently and the overall quality felt good. I use turmeric almost daily, so freshness matters and this worked well. So far, a good experience.",SYNTHETIC SAMPLE — FICTIONAL REVIEW / NOT A REAL CUSTOMER
Turmeric Powder (Haldi Powder),Arjun Kulkarni,Kolkata,West Bengal,5,I liked the freshness more than I expected. It gives dishes a familiar earthy turmeric aroma. It has become one of the regular items in my kitchen.,SYNTHETIC SAMPLE — FICTIONAL REVIEW / NOT A REAL CUSTOMER
Turmeric Powder (Haldi Powder),Shivam Mishra,Visakhapatnam,Andhra Pradesh,5,"This has been useful for my everyday kitchen routine. It gives dishes a familiar earthy turmeric aroma. Overall, happy with the purchase.",SYNTHETIC SAMPLE — FICTIONAL REVIEW / NOT A REAL CUSTOMER
Turmeric Powder (Haldi Powder),Deepika Sen,Jodhpur,Rajasthan,4,"Ordered this recently and the overall quality felt good. I use turmeric almost daily, so freshness matters and this worked well. Would consider adding it to my next order.",SYNTHETIC SAMPLE — FICTIONAL REVIEW / NOT A REAL CUSTOMER
Turmeric Powder (Haldi Powder),Sonam Singh,Pune,Maharashtra,5,The flavour is quite balanced for regular cooking. The powder looks clean and the colour is quite vibrant. Would consider adding it to my next order.,SYNTHETIC SAMPLE — FICTIONAL REVIEW / NOT A REAL CUSTOMER
Turmeric Powder (Haldi Powder),Zoya Patel,Chennai,Tamil Nadu,3,Ordered this recently and the overall quality felt good. The colour is bright and it mixes nicely into dal and sabzi. It has become one of the regular items in my kitchen.,SYNTHETIC SAMPLE — FICTIONAL REVIEW / NOT A REAL CUSTOMER
Turmeric Powder (Haldi Powder),Manish Oberoi,Chandigarh,Chandigarh,5,"Good first impression and the delivery was smooth. I use turmeric almost daily, so freshness matters and this worked well. No complaints so far.",SYNTHETIC SAMPLE — FICTIONAL REVIEW / NOT A REAL CUSTOMER
Turmeric Powder (Haldi Powder),Kavita Iyer,Jammu,Jammu & Kashmir,5,"Tried this after seeing the product online and liked the first experience. It gives dishes a familiar earthy turmeric aroma. So far, a good experience.",SYNTHETIC SAMPLE — FICTIONAL REVIEW / NOT A REAL CUSTOMER
Turmeric Powder (Haldi Powder),Pankaj Bisht,Patna,Bihar,5,The aroma was noticeable when I opened the pack. The colour is bright and it mixes nicely into dal and sabzi. Would consider adding it to my next order.,SYNTHETIC SAMPLE — FICTIONAL REVIEW / NOT A REAL CUSTOMER
Turmeric Powder (Haldi Powder),Vikram Pillai,Bengaluru,Karnataka,4,Good first impression and the delivery was smooth. The colour is bright and it mixes nicely into dal and sabzi. No complaints so far.,SYNTHETIC SAMPLE — FICTIONAL REVIEW / NOT A REAL CUSTOMER
Turmeric Powder (Haldi Powder),Sonam Menon,Noida,Uttar Pradesh,5,"This has been useful for my everyday kitchen routine. It gives dishes a familiar earthy turmeric aroma. Overall, happy with the purchase.",SYNTHETIC SAMPLE — FICTIONAL REVIEW / NOT A REAL CUSTOMER
Garam Masala + Black Pepper,Rakesh Reddy,Visakhapatnam,Andhra Pradesh,5,This has been useful for my everyday kitchen routine. I have used both in curries and marinades with good results. It has become one of the regular items in my kitchen.,SYNTHETIC SAMPLE — FICTIONAL REVIEW / NOT A REAL CUSTOMER
Garam Masala + Black Pepper,Aditya Hegde,Jodhpur,Rajasthan,5,The packaging was neat and the product looked fresh. The warm masala and pepper complement each other nicely. No complaints so far.,SYNTHETIC SAMPLE — FICTIONAL REVIEW / NOT A REAL CUSTOMER
Garam Masala + Black Pepper,Rishi Reddy,Pune,Maharashtra,5,"The aroma was noticeable when I opened the pack. Useful combination for paneer, pulao and everyday gravies. I am satisfied with the first order.",SYNTHETIC SAMPLE — FICTIONAL REVIEW / NOT A REAL CUSTOMER
Garam Masala + Black Pepper,Amit Oberoi,Chennai,Tamil Nadu,3,I liked the freshness more than I expected. I have used both in curries and marinades with good results. It has become one of the regular items in my kitchen.,SYNTHETIC SAMPLE — FICTIONAL REVIEW / NOT A REAL CUSTOMER
Garam Masala + Black Pepper,Gaurav Banerjee,Chandigarh,Chandigarh,4,I liked the freshness more than I expected. The warm masala and pepper complement each other nicely. Good value for regular home use.,SYNTHETIC SAMPLE — FICTIONAL REVIEW / NOT A REAL CUSTOMER
Garam Masala + Black Pepper,Bhavna Sethi,Jammu,Jammu & Kashmir,5,"The pack arrived sealed and in good condition. Useful combination for paneer, pulao and everyday gravies. It has become one of the regular items in my kitchen.",SYNTHETIC SAMPLE — FICTIONAL REVIEW / NOT A REAL CUSTOMER
Garam Masala + Black Pepper,Isha Shetty,Patna,Bihar,5,"The pack arrived sealed and in good condition. Convenient combo when I want extra flavour without opening several packs. Overall, happy with the purchase.",SYNTHETIC SAMPLE — FICTIONAL REVIEW / NOT A REAL CUSTOMER
Garam Masala + Black Pepper,Naveen Dhillon,Bengaluru,Karnataka,5,"The aroma was noticeable when I opened the pack. I have used both in curries and marinades with good results. Overall, happy with the purchase.",SYNTHETIC SAMPLE — FICTIONAL REVIEW / NOT A REAL CUSTOMER
Garam Masala + Black Pepper,Aman Mukherjee,Noida,Uttar Pradesh,5,I liked the freshness more than I expected. Convenient combo when I want extra flavour without opening several packs. Good value for regular home use.,SYNTHETIC SAMPLE — FICTIONAL REVIEW / NOT A REAL CUSTOMER
Garam Masala + Black Pepper,Swati Pawar,Indore,Madhya Pradesh,4,I liked the freshness more than I expected. I have used both in curries and marinades with good results. I am satisfied with the first order.,SYNTHETIC SAMPLE — FICTIONAL REVIEW / NOT A REAL CUSTOMER
Garam Masala + Black Pepper,Arjun Chopra,Thiruvananthapuram,Kerala,5,"Ordered this recently and the overall quality felt good. Useful combination for paneer, pulao and everyday gravies. I would buy it again.",SYNTHETIC SAMPLE — FICTIONAL REVIEW / NOT A REAL CUSTOMER
Garam Masala + Black Pepper,Aishwarya Kapoor,Faridabad,Haryana,5,Tried this after seeing the product online and liked the first experience. Convenient combo when I want extra flavour without opening several packs. I am satisfied with the first order.,SYNTHETIC SAMPLE — FICTIONAL REVIEW / NOT A REAL CUSTOMER
Garam Masala + Black Pepper,Ananya Agarwal,Vadodara,Gujarat,5,"Good first impression and the delivery was smooth. Useful combination for paneer, pulao and everyday gravies. No complaints so far.",SYNTHETIC SAMPLE — FICTIONAL REVIEW / NOT A REAL CUSTOMER
Garam Masala + Black Pepper,Sameer Mukherjee,Mysuru,Karnataka,3,"Ordered this recently and the overall quality felt good. Convenient combo when I want extra flavour without opening several packs. So far, a good experience.",SYNTHETIC SAMPLE — FICTIONAL REVIEW / NOT A REAL CUSTOMER
Garam Masala + Black Pepper,Bharat Sandhu,Jalandhar,Punjab,4,"I bought this for regular home use and have been using it quite often. The warm masala and pepper complement each other nicely. Overall, happy with the purchase.",SYNTHETIC SAMPLE — FICTIONAL REVIEW / NOT A REAL CUSTOMER
Garam Masala + Black Pepper,Ananya Sinha,Dehradun,Uttarakhand,5,"The flavour is quite balanced for regular cooking. Useful combination for paneer, pulao and everyday gravies. Would consider adding it to my next order.",SYNTHETIC SAMPLE — FICTIONAL REVIEW / NOT A REAL CUSTOMER
Garam Masala + Black Pepper,Anjali Chopra,Bhubaneswar,Odisha,5,"The aroma was noticeable when I opened the pack. Useful combination for paneer, pulao and everyday gravies. I would buy it again.",SYNTHETIC SAMPLE — FICTIONAL REVIEW / NOT A REAL CUSTOMER
Garam Masala + Black Pepper,Rakesh Kaur,Goa,Goa,5,"Tried this after seeing the product online and liked the first experience. I have used both in curries and marinades with good results. Overall, happy with the purchase.",SYNTHETIC SAMPLE — FICTIONAL REVIEW / NOT A REAL CUSTOMER
Garam Masala + Black Pepper,Shivam Sethi,Kota,Rajasthan,5,"The pack arrived sealed and in good condition. Useful combination for paneer, pulao and everyday gravies. I would buy it again.",SYNTHETIC SAMPLE — FICTIONAL REVIEW / NOT A REAL CUSTOMER
Garam Masala + Black Pepper,Saurabh Kulkarni,Nagpur,Maharashtra,5,Ordered this recently and the overall quality felt good. I have used both in curries and marinades with good results. Would consider adding it to my next order.,SYNTHETIC SAMPLE — FICTIONAL REVIEW / NOT A REAL CUSTOMER
Garam Masala + Black Pepper,Priya Chatterjee,Coimbatore,Tamil Nadu,5,The flavour is quite balanced for regular cooking. The warm masala and pepper complement each other nicely. I would buy it again.,SYNTHETIC SAMPLE — FICTIONAL REVIEW / NOT A REAL CUSTOMER
Garam Masala + Black Pepper,Deepak Menon,New Delhi,Delhi,5,The aroma was noticeable when I opened the pack. I have used both in curries and marinades with good results. I am satisfied with the first order.,SYNTHETIC SAMPLE — FICTIONAL REVIEW / NOT A REAL CUSTOMER
Garam Masala + Black Pepper,Chetan Oberoi,Ahmedabad,Gujarat,5,The packaging was neat and the product looked fresh. The warm masala and pepper complement each other nicely. I would buy it again.,SYNTHETIC SAMPLE — FICTIONAL REVIEW / NOT A REAL CUSTOMER
Garam Masala + Black Pepper,Simran Chopra,Guwahati,Assam,5,"I bought this for regular home use and have been using it quite often. Useful combination for paneer, pulao and everyday gravies. Good value for regular home use.",SYNTHETIC SAMPLE — FICTIONAL REVIEW / NOT A REAL CUSTOMER
Garam Masala + Black Pepper,Nisha Yadav,Amritsar,Punjab,5,The aroma was noticeable when I opened the pack. Convenient combo when I want extra flavour without opening several packs. I would buy it again.,SYNTHETIC SAMPLE — FICTIONAL REVIEW / NOT A REAL CUSTOMER
Garam Masala + Black Pepper,Raj Kumar,Kanpur,Uttar Pradesh,5,Tried this after seeing the product online and liked the first experience. I have used both in curries and marinades with good results. Good value for regular home use.,SYNTHETIC SAMPLE — FICTIONAL REVIEW / NOT A REAL CUSTOMER
Garam Masala + Black Pepper,Kavita Kumar,Bhopal,Madhya Pradesh,5,The packaging was neat and the product looked fresh. I have used both in curries and marinades with good results. Would consider adding it to my next order.,SYNTHETIC SAMPLE — FICTIONAL REVIEW / NOT A REAL CUSTOMER
Garam Masala + Black Pepper,Bhavna Kaur,Vijayawada,Andhra Pradesh,5,Ordered this recently and the overall quality felt good. Convenient combo when I want extra flavour without opening several packs. Would consider adding it to my next order.,SYNTHETIC SAMPLE — FICTIONAL REVIEW / NOT A REAL CUSTOMER
Garam Masala + Black Pepper,Varun Shetty,Jaipur,Rajasthan,5,The aroma was noticeable when I opened the pack. The warm masala and pepper complement each other nicely. Good value for regular home use.,SYNTHETIC SAMPLE — FICTIONAL REVIEW / NOT A REAL CUSTOMER
Garam Masala + Black Pepper,Ravi Khanna,Mumbai,Maharashtra,5,The flavour is quite balanced for regular cooking. The warm masala and pepper complement each other nicely. I am satisfied with the first order.,SYNTHETIC SAMPLE — FICTIONAL REVIEW / NOT A REAL CUSTOMER
Garam Masala + Black Pepper,Manish Sharma,Hyderabad,Telangana,5,The packaging was neat and the product looked fresh. I have used both in curries and marinades with good results. Good value for regular home use.,SYNTHETIC SAMPLE — FICTIONAL REVIEW / NOT A REAL CUSTOMER
Garam Masala + Black Pepper,Priya Pawar,Patiala,Punjab,5,I liked the freshness more than I expected. The warm masala and pepper complement each other nicely. It has become one of the regular items in my kitchen.,SYNTHETIC SAMPLE — FICTIONAL REVIEW / NOT A REAL CUSTOMER
Garam Masala + Black Pepper,Vikram Arora,Shimla,Himachal Pradesh,5,I bought this for regular home use and have been using it quite often. I have used both in curries and marinades with good results. I would buy it again.,SYNTHETIC SAMPLE — FICTIONAL REVIEW / NOT A REAL CUSTOMER
Garam Masala + Black Pepper,Meena Ghosh,Ranchi,Jharkhand,5,The packaging was neat and the product looked fresh. Convenient combo when I want extra flavour without opening several packs. Good value for regular home use.,SYNTHETIC SAMPLE — FICTIONAL REVIEW / NOT A REAL CUSTOMER
Garam Masala + Black Pepper,Meena Bisht,Raipur,Chhattisgarh,5,The packaging was neat and the product looked fresh. The warm masala and pepper complement each other nicely. No complaints so far.,SYNTHETIC SAMPLE — FICTIONAL REVIEW / NOT A REAL CUSTOMER
Garam Masala + Black Pepper,Meena Deshmukh,Lucknow,Uttar Pradesh,5,The aroma was noticeable when I opened the pack. The warm masala and pepper complement each other nicely. Good value for regular home use.,SYNTHETIC SAMPLE — FICTIONAL REVIEW / NOT A REAL CUSTOMER
Garam Masala + Black Pepper,Amrita Sen,Nashik,Maharashtra,4,"I bought this for regular home use and have been using it quite often. The warm masala and pepper complement each other nicely. Overall, happy with the purchase.",SYNTHETIC SAMPLE — FICTIONAL REVIEW / NOT A REAL CUSTOMER
Garam Masala + Black Pepper,Varun Mishra,Kochi,Kerala,5,"Ordered this recently and the overall quality felt good. I have used both in curries and marinades with good results. So far, a good experience.",SYNTHETIC SAMPLE — FICTIONAL REVIEW / NOT A REAL CUSTOMER
Garam Masala + Black Pepper,Megha Mehta,Gurugram,Haryana,5,Good first impression and the delivery was smooth. I have used both in curries and marinades with good results. Good value for regular home use.,SYNTHETIC SAMPLE — FICTIONAL REVIEW / NOT A REAL CUSTOMER
Garam Masala + Black Pepper,Yash Rao,Surat,Gujarat,4,"Good first impression and the delivery was smooth. Useful combination for paneer, pulao and everyday gravies. So far, a good experience.",SYNTHETIC SAMPLE — FICTIONAL REVIEW / NOT A REAL CUSTOMER
Garam Masala + Black Pepper,Gaurav Hegde,Bengaluru,Karnataka,5,Tried this after seeing the product online and liked the first experience. The warm masala and pepper complement each other nicely. No complaints so far.,SYNTHETIC SAMPLE — FICTIONAL REVIEW / NOT A REAL CUSTOMER
Garam Masala + Black Pepper,Monika Mukherjee,Ludhiana,Punjab,5,Ordered this recently and the overall quality felt good. I have used both in curries and marinades with good results. No complaints so far.,SYNTHETIC SAMPLE — FICTIONAL REVIEW / NOT A REAL CUSTOMER
Garam Masala + Black Pepper,Nikhil Sethi,Varanasi,Uttar Pradesh,5,"This has been useful for my everyday kitchen routine. Useful combination for paneer, pulao and everyday gravies. No complaints so far.",SYNTHETIC SAMPLE — FICTIONAL REVIEW / NOT A REAL CUSTOMER
Garam Masala + Black Pepper,Pooja Hegde,Kolkata,West Bengal,5,The packaging was neat and the product looked fresh. The warm masala and pepper complement each other nicely. I am satisfied with the first order.,SYNTHETIC SAMPLE — FICTIONAL REVIEW / NOT A REAL CUSTOMER
Garam Masala + Black Pepper,Varun Sodhi,Visakhapatnam,Andhra Pradesh,5,The pack arrived sealed and in good condition. I have used both in curries and marinades with good results. Would consider adding it to my next order.,SYNTHETIC SAMPLE — FICTIONAL REVIEW / NOT A REAL CUSTOMER
Garam Masala + Black Pepper,Sanjay Oberoi,Jodhpur,Rajasthan,4,"The aroma was noticeable when I opened the pack. Useful combination for paneer, pulao and everyday gravies. Good value for regular home use.",SYNTHETIC SAMPLE — FICTIONAL REVIEW / NOT A REAL CUSTOMER
Garam Masala + Black Pepper,Megha Dutta,Pune,Maharashtra,5,The pack arrived sealed and in good condition. Convenient combo when I want extra flavour without opening several packs. I am satisfied with the first order.,SYNTHETIC SAMPLE — FICTIONAL REVIEW / NOT A REAL CUSTOMER
Garam Masala + Black Pepper,Isha Gupta,Chennai,Tamil Nadu,5,The flavour is quite balanced for regular cooking. Convenient combo when I want extra flavour without opening several packs. Good value for regular home use.,SYNTHETIC SAMPLE — FICTIONAL REVIEW / NOT A REAL CUSTOMER
Garam Masala + Black Pepper,Rahul Malhotra,Chandigarh,Chandigarh,5,I liked the freshness more than I expected. I have used both in curries and marinades with good results. Good value for regular home use.,SYNTHETIC SAMPLE — FICTIONAL REVIEW / NOT A REAL CUSTOMER
Garam Masala + Black Pepper,Arpita Bisht,Jammu,Jammu & Kashmir,5,I liked the freshness more than I expected. The warm masala and pepper complement each other nicely. It has become one of the regular items in my kitchen.,SYNTHETIC SAMPLE — FICTIONAL REVIEW / NOT A REAL CUSTOMER
Garam Masala + Black Pepper,Rashi Thakur,Patna,Bihar,5,"The pack arrived sealed and in good condition. Useful combination for paneer, pulao and everyday gravies. It has become one of the regular items in my kitchen.",SYNTHETIC SAMPLE — FICTIONAL REVIEW / NOT A REAL CUSTOMER
Garam Masala + Black Pepper,Neha Mukherjee,Bengaluru,Karnataka,5,"The aroma was noticeable when I opened the pack. Useful combination for paneer, pulao and everyday gravies. I would buy it again.",SYNTHETIC SAMPLE — FICTIONAL REVIEW / NOT A REAL CUSTOMER
Garam Masala + Black Pepper,Aman Kumar,Noida,Uttar Pradesh,5,"The aroma was noticeable when I opened the pack. Useful combination for paneer, pulao and everyday gravies. So far, a good experience.",SYNTHETIC SAMPLE — FICTIONAL REVIEW / NOT A REAL CUSTOMER
Garam Masala + Black Pepper,Gauri Bhattacharya,Indore,Madhya Pradesh,5,The flavour is quite balanced for regular cooking. The warm masala and pepper complement each other nicely. Good value for regular home use.,SYNTHETIC SAMPLE — FICTIONAL REVIEW / NOT A REAL CUSTOMER
Garam Masala + Black Pepper,Rakesh Kapoor,Thiruvananthapuram,Kerala,5,"Tried this after seeing the product online and liked the first experience. I have used both in curries and marinades with good results. Overall, happy with the purchase.",SYNTHETIC SAMPLE — FICTIONAL REVIEW / NOT A REAL CUSTOMER
Garam Masala + Black Pepper,Reena Reddy,Faridabad,Haryana,5,This has been useful for my everyday kitchen routine. The warm masala and pepper complement each other nicely. Good value for regular home use.,SYNTHETIC SAMPLE — FICTIONAL REVIEW / NOT A REAL CUSTOMER
Garam Masala + Black Pepper,Neha Banerjee,Vadodara,Gujarat,5,I bought this for regular home use and have been using it quite often. I have used both in curries and marinades with good results. Good value for regular home use.,SYNTHETIC SAMPLE — FICTIONAL REVIEW / NOT A REAL CUSTOMER
Garam Masala + Black Pepper,Deepika Pandey,Mysuru,Karnataka,5,"Good first impression and the delivery was smooth. Useful combination for paneer, pulao and everyday gravies. I would buy it again.",SYNTHETIC SAMPLE — FICTIONAL REVIEW / NOT A REAL CUSTOMER
Garam Masala + Black Pepper,Sourav Kapoor,Jalandhar,Punjab,4,The aroma was noticeable when I opened the pack. Convenient combo when I want extra flavour without opening several packs. It has become one of the regular items in my kitchen.,SYNTHETIC SAMPLE — FICTIONAL REVIEW / NOT A REAL CUSTOMER
Garam Masala + Black Pepper,Yash Oberoi,Dehradun,Uttarakhand,4,"This has been useful for my everyday kitchen routine. Convenient combo when I want extra flavour without opening several packs. So far, a good experience.",SYNTHETIC SAMPLE — FICTIONAL REVIEW / NOT A REAL CUSTOMER
Garam Masala + Black Pepper,Anjali Iyer,Bhubaneswar,Odisha,4,Ordered this recently and the overall quality felt good. The warm masala and pepper complement each other nicely. I am satisfied with the first order.,SYNTHETIC SAMPLE — FICTIONAL REVIEW / NOT A REAL CUSTOMER
Garam Masala + Black Pepper,Amit Sen,Goa,Goa,5,"The pack arrived sealed and in good condition. Useful combination for paneer, pulao and everyday gravies. No complaints so far.",SYNTHETIC SAMPLE — FICTIONAL REVIEW / NOT A REAL CUSTOMER
Garam Masala + Black Pepper,Rajat Sharma,Kota,Rajasthan,5,"Tried this after seeing the product online and liked the first experience. Useful combination for paneer, pulao and everyday gravies. Would consider adding it to my next order.",SYNTHETIC SAMPLE — FICTIONAL REVIEW / NOT A REAL CUSTOMER
Garam Masala + Black Pepper,Amit Mishra,Nagpur,Maharashtra,5,The flavour is quite balanced for regular cooking. Convenient combo when I want extra flavour without opening several packs. Good value for regular home use.,SYNTHETIC SAMPLE — FICTIONAL REVIEW / NOT A REAL CUSTOMER
Garam Masala + Black Pepper,Harish Sinha,Coimbatore,Tamil Nadu,5,"The aroma was noticeable when I opened the pack. Useful combination for paneer, pulao and everyday gravies. It has become one of the regular items in my kitchen.",SYNTHETIC SAMPLE — FICTIONAL REVIEW / NOT A REAL CUSTOMER
Garam Masala + Black Pepper,Tarun Chaudhary,New Delhi,Delhi,5,"Ordered this recently and the overall quality felt good. Useful combination for paneer, pulao and everyday gravies. So far, a good experience.",SYNTHETIC SAMPLE — FICTIONAL REVIEW / NOT A REAL CUSTOMER
Garam Masala + Black Pepper,Zoya Sen,Ahmedabad,Gujarat,5,The pack arrived sealed and in good condition. I have used both in curries and marinades with good results. No complaints so far.,SYNTHETIC SAMPLE — FICTIONAL REVIEW / NOT A REAL CUSTOMER
Garam Masala + Black Pepper,Karan Kumar,Guwahati,Assam,5,"I liked the freshness more than I expected. The warm masala and pepper complement each other nicely. Overall, happy with the purchase.",SYNTHETIC SAMPLE — FICTIONAL REVIEW / NOT A REAL CUSTOMER
Garam Masala + Black Pepper,Sneha Hegde,Amritsar,Punjab,5,"The flavour is quite balanced for regular cooking. I have used both in curries and marinades with good results. So far, a good experience.",SYNTHETIC SAMPLE — FICTIONAL REVIEW / NOT A REAL CUSTOMER
Garam Masala + Black Pepper,Reena Arora,Kanpur,Uttar Pradesh,5,"I liked the freshness more than I expected. Useful combination for paneer, pulao and everyday gravies. I would buy it again.",SYNTHETIC SAMPLE — FICTIONAL REVIEW / NOT A REAL CUSTOMER
Garam Masala + Black Pepper,Gauri Mishra,Bhopal,Madhya Pradesh,5,This has been useful for my everyday kitchen routine. Convenient combo when I want extra flavour without opening several packs. Would consider adding it to my next order.,SYNTHETIC SAMPLE — FICTIONAL REVIEW / NOT A REAL CUSTOMER
Garam Masala + Black Pepper,Shalini Deshmukh,Vijayawada,Andhra Pradesh,5,"Good first impression and the delivery was smooth. Convenient combo when I want extra flavour without opening several packs. So far, a good experience.",SYNTHETIC SAMPLE — FICTIONAL REVIEW / NOT A REAL CUSTOMER
Garam Masala + Black Pepper,Pradeep Sharma,Jaipur,Rajasthan,5,"I liked the freshness more than I expected. The warm masala and pepper complement each other nicely. So far, a good experience.",SYNTHETIC SAMPLE — FICTIONAL REVIEW / NOT A REAL CUSTOMER
Garam Masala + Black Pepper,Rohit Pillai,Mumbai,Maharashtra,4,"Good first impression and the delivery was smooth. Useful combination for paneer, pulao and everyday gravies. Would consider adding it to my next order.",SYNTHETIC SAMPLE — FICTIONAL REVIEW / NOT A REAL CUSTOMER
Turmeric + Coriander,Akash Rawat,Ludhiana,Punjab,5,Ordered this recently and the overall quality felt good. Both powders blend easily and are used frequently in my kitchen. I would buy it again.,SYNTHETIC SAMPLE — FICTIONAL REVIEW / NOT A REAL CUSTOMER
Turmeric + Coriander,Bharat Sodhi,Varanasi,Uttar Pradesh,5,"Good first impression and the delivery was smooth. Convenient to have two everyday spices together. So far, a good experience.",SYNTHETIC SAMPLE — FICTIONAL REVIEW / NOT A REAL CUSTOMER
Turmeric + Coriander,Arjun Kohli,Kolkata,West Bengal,5,I liked the freshness more than I expected. Convenient to have two everyday spices together. I would buy it again.,SYNTHETIC SAMPLE — FICTIONAL REVIEW / NOT A REAL CUSTOMER
Turmeric + Coriander,Reena Sinha,Visakhapatnam,Andhra Pradesh,3,"I bought this for regular home use and have been using it quite often. Both powders blend easily and are used frequently in my kitchen. So far, a good experience.",SYNTHETIC SAMPLE — FICTIONAL REVIEW / NOT A REAL CUSTOMER
Turmeric + Coriander,Sourav Sandhu,Jodhpur,Rajasthan,5,The flavour is quite balanced for regular cooking. Both powders blend easily and are used frequently in my kitchen. Would consider adding it to my next order.,SYNTHETIC SAMPLE — FICTIONAL REVIEW / NOT A REAL CUSTOMER
Turmeric + Coriander,Priya Rao,Pune,Maharashtra,5,The flavour is quite balanced for regular cooking. Both powders blend easily and are used frequently in my kitchen. I am satisfied with the first order.,SYNTHETIC SAMPLE — FICTIONAL REVIEW / NOT A REAL CUSTOMER
Turmeric + Coriander,Sanjay Joshi,Chennai,Tamil Nadu,5,This has been useful for my everyday kitchen routine. Works nicely for simple home-style cooking. Good value for regular home use.,SYNTHETIC SAMPLE — FICTIONAL REVIEW / NOT A REAL CUSTOMER
Turmeric + Coriander,Akash Dutta,Chandigarh,Chandigarh,5,I bought this for regular home use and have been using it quite often. Both powders blend easily and are used frequently in my kitchen. I am satisfied with the first order.,SYNTHETIC SAMPLE — FICTIONAL REVIEW / NOT A REAL CUSTOMER
Turmeric + Coriander,Jatin Sinha,Jammu,Jammu & Kashmir,4,"Tried this after seeing the product online and liked the first experience. A practical combo for dal, sabzi and curry bases. Would consider adding it to my next order.",SYNTHETIC SAMPLE — FICTIONAL REVIEW / NOT A REAL CUSTOMER
Turmeric + Coriander,Amit Shah,Patna,Bihar,4,"I bought this for regular home use and have been using it quite often. A practical combo for dal, sabzi and curry bases. Overall, happy with the purchase.",SYNTHETIC SAMPLE — FICTIONAL REVIEW / NOT A REAL CUSTOMER
Turmeric + Coriander,Meena Bhattacharya,Bengaluru,Karnataka,5,"This has been useful for my everyday kitchen routine. A practical combo for dal, sabzi and curry bases. So far, a good experience.",SYNTHETIC SAMPLE — FICTIONAL REVIEW / NOT A REAL CUSTOMER
Turmeric + Coriander,Rashi Deshmukh,Noida,Uttar Pradesh,5,The flavour is quite balanced for regular cooking. Works nicely for simple home-style cooking. Would consider adding it to my next order.,SYNTHETIC SAMPLE — FICTIONAL REVIEW / NOT A REAL CUSTOMER
Turmeric + Coriander,Kriti Sharma,Indore,Madhya Pradesh,5,"Tried this after seeing the product online and liked the first experience. Both powders blend easily and are used frequently in my kitchen. So far, a good experience.",SYNTHETIC SAMPLE — FICTIONAL REVIEW / NOT A REAL CUSTOMER
Turmeric + Coriander,Akash Mehta,Thiruvananthapuram,Kerala,4,"The flavour is quite balanced for regular cooking. A practical combo for dal, sabzi and curry bases. Would consider adding it to my next order.",SYNTHETIC SAMPLE — FICTIONAL REVIEW / NOT A REAL CUSTOMER
Turmeric + Coriander,Sanjana Thakur,Faridabad,Haryana,5,"Tried this after seeing the product online and liked the first experience. A practical combo for dal, sabzi and curry bases. Overall, happy with the purchase.",SYNTHETIC SAMPLE — FICTIONAL REVIEW / NOT A REAL CUSTOMER
Turmeric + Coriander,Megha Mishra,Vadodara,Gujarat,5,The pack arrived sealed and in good condition. Convenient to have two everyday spices together. I am satisfied with the first order.,SYNTHETIC SAMPLE — FICTIONAL REVIEW / NOT A REAL CUSTOMER
Turmeric + Coriander,Akash Thakur,Mysuru,Karnataka,3,The pack arrived sealed and in good condition. Convenient to have two everyday spices together. I am satisfied with the first order.,SYNTHETIC SAMPLE — FICTIONAL REVIEW / NOT A REAL CUSTOMER
Turmeric + Coriander,Sunil Rawat,Jalandhar,Punjab,5,Good first impression and the delivery was smooth. Convenient to have two everyday spices together. It has become one of the regular items in my kitchen.,SYNTHETIC SAMPLE — FICTIONAL REVIEW / NOT A REAL CUSTOMER
Turmeric + Coriander,Swati Jain,Dehradun,Uttarakhand,5,The packaging was neat and the product looked fresh. Convenient to have two everyday spices together. It has become one of the regular items in my kitchen.,SYNTHETIC SAMPLE — FICTIONAL REVIEW / NOT A REAL CUSTOMER
Turmeric + Coriander,Megha Iyer,Bhubaneswar,Odisha,5,The flavour is quite balanced for regular cooking. Works nicely for simple home-style cooking. I would buy it again.,SYNTHETIC SAMPLE — FICTIONAL REVIEW / NOT A REAL CUSTOMER
Turmeric + Coriander,Rohit Das,Goa,Goa,5,The pack arrived sealed and in good condition. Convenient to have two everyday spices together. It has become one of the regular items in my kitchen.,SYNTHETIC SAMPLE — FICTIONAL REVIEW / NOT A REAL CUSTOMER
Turmeric + Coriander,Deepika Deshmukh,Kota,Rajasthan,5,The pack arrived sealed and in good condition. Works nicely for simple home-style cooking. Good value for regular home use.,SYNTHETIC SAMPLE — FICTIONAL REVIEW / NOT A REAL CUSTOMER
Turmeric + Coriander,Sunil Banerjee,Nagpur,Maharashtra,5,Good first impression and the delivery was smooth. Works nicely for simple home-style cooking. It has become one of the regular items in my kitchen.,SYNTHETIC SAMPLE — FICTIONAL REVIEW / NOT A REAL CUSTOMER
Turmeric + Coriander,Shivam Dutta,Coimbatore,Tamil Nadu,5,I liked the freshness more than I expected. Convenient to have two everyday spices together. No complaints so far.,SYNTHETIC SAMPLE — FICTIONAL REVIEW / NOT A REAL CUSTOMER
Turmeric + Coriander,Pradeep Banerjee,New Delhi,Delhi,3,I bought this for regular home use and have been using it quite often. Both powders blend easily and are used frequently in my kitchen. I am satisfied with the first order.,SYNTHETIC SAMPLE — FICTIONAL REVIEW / NOT A REAL CUSTOMER
Turmeric + Coriander,Swati Patil,Ahmedabad,Gujarat,5,The aroma was noticeable when I opened the pack. Convenient to have two everyday spices together. I would buy it again.,SYNTHETIC SAMPLE — FICTIONAL REVIEW / NOT A REAL CUSTOMER
Turmeric + Coriander,Rahul Naik,Guwahati,Assam,4,I liked the freshness more than I expected. Both powders blend easily and are used frequently in my kitchen. It has become one of the regular items in my kitchen.,SYNTHETIC SAMPLE — FICTIONAL REVIEW / NOT A REAL CUSTOMER
Turmeric + Coriander,Neha Sinha,Amritsar,Punjab,5,"The packaging was neat and the product looked fresh. A practical combo for dal, sabzi and curry bases. No complaints so far.",SYNTHETIC SAMPLE — FICTIONAL REVIEW / NOT A REAL CUSTOMER
Turmeric + Coriander,Arjun Tripathi,Kanpur,Uttar Pradesh,5,Tried this after seeing the product online and liked the first experience. Works nicely for simple home-style cooking. It has become one of the regular items in my kitchen.,SYNTHETIC SAMPLE — FICTIONAL REVIEW / NOT A REAL CUSTOMER
Turmeric + Coriander,Sakshi Sharma,Bhopal,Madhya Pradesh,5,The pack arrived sealed and in good condition. Both powders blend easily and are used frequently in my kitchen. Would consider adding it to my next order.,SYNTHETIC SAMPLE — FICTIONAL REVIEW / NOT A REAL CUSTOMER
Turmeric + Coriander,Varun Hegde,Vijayawada,Andhra Pradesh,5,"The packaging was neat and the product looked fresh. Convenient to have two everyday spices together. So far, a good experience.",SYNTHETIC SAMPLE — FICTIONAL REVIEW / NOT A REAL CUSTOMER
Turmeric + Coriander,Raj Pawar,Jaipur,Rajasthan,5,"Ordered this recently and the overall quality felt good. A practical combo for dal, sabzi and curry bases. I am satisfied with the first order.",SYNTHETIC SAMPLE — FICTIONAL REVIEW / NOT A REAL CUSTOMER
Turmeric + Coriander,Rashi Kumar,Mumbai,Maharashtra,5,"Ordered this recently and the overall quality felt good. Works nicely for simple home-style cooking. So far, a good experience.",SYNTHETIC SAMPLE — FICTIONAL REVIEW / NOT A REAL CUSTOMER
Turmeric + Coriander,Dev Chopra,Hyderabad,Telangana,5,This has been useful for my everyday kitchen routine. Works nicely for simple home-style cooking. Good value for regular home use.,SYNTHETIC SAMPLE — FICTIONAL REVIEW / NOT A REAL CUSTOMER
Turmeric + Coriander,Harpreet Hegde,Patiala,Punjab,5,The pack arrived sealed and in good condition. Both powders blend easily and are used frequently in my kitchen. Would consider adding it to my next order.,SYNTHETIC SAMPLE — FICTIONAL REVIEW / NOT A REAL CUSTOMER
Turmeric + Coriander,Harpreet Patil,Shimla,Himachal Pradesh,5,Good first impression and the delivery was smooth. Convenient to have two everyday spices together. Good value for regular home use.,SYNTHETIC SAMPLE — FICTIONAL REVIEW / NOT A REAL CUSTOMER
Turmeric + Coriander,Raj Rao,Ranchi,Jharkhand,5,"The packaging was neat and the product looked fresh. Convenient to have two everyday spices together. Overall, happy with the purchase.",SYNTHETIC SAMPLE — FICTIONAL REVIEW / NOT A REAL CUSTOMER
Turmeric + Coriander,Aishwarya Gupta,Raipur,Chhattisgarh,5,The flavour is quite balanced for regular cooking. Convenient to have two everyday spices together. No complaints so far.,SYNTHETIC SAMPLE — FICTIONAL REVIEW / NOT A REAL CUSTOMER
Turmeric + Coriander,Gauri Patil,Lucknow,Uttar Pradesh,5,Good first impression and the delivery was smooth. Convenient to have two everyday spices together. Would consider adding it to my next order.,SYNTHETIC SAMPLE — FICTIONAL REVIEW / NOT A REAL CUSTOMER
Turmeric + Coriander,Yash Bansal,Nashik,Maharashtra,4,"The packaging was neat and the product looked fresh. Works nicely for simple home-style cooking. Overall, happy with the purchase.",SYNTHETIC SAMPLE — FICTIONAL REVIEW / NOT A REAL CUSTOMER
Turmeric + Coriander,Manish Sethi,Kochi,Kerala,5,Ordered this recently and the overall quality felt good. Both powders blend easily and are used frequently in my kitchen. I would buy it again.,SYNTHETIC SAMPLE — FICTIONAL REVIEW / NOT A REAL CUSTOMER
Turmeric + Coriander,Aishwarya Pillai,Gurugram,Haryana,5,"I liked the freshness more than I expected. A practical combo for dal, sabzi and curry bases. I would buy it again.",SYNTHETIC SAMPLE — FICTIONAL REVIEW / NOT A REAL CUSTOMER
Turmeric + Coriander,Tanya Jain,Surat,Gujarat,5,Good first impression and the delivery was smooth. Convenient to have two everyday spices together. Good value for regular home use.,SYNTHETIC SAMPLE — FICTIONAL REVIEW / NOT A REAL CUSTOMER
Turmeric + Coriander,Tanya Hegde,Bengaluru,Karnataka,5,The aroma was noticeable when I opened the pack. Works nicely for simple home-style cooking. No complaints so far.,SYNTHETIC SAMPLE — FICTIONAL REVIEW / NOT A REAL CUSTOMER
Turmeric + Coriander,Rashi Banerjee,Ludhiana,Punjab,5,I liked the freshness more than I expected. Works nicely for simple home-style cooking. I would buy it again.,SYNTHETIC SAMPLE — FICTIONAL REVIEW / NOT A REAL CUSTOMER
Turmeric + Coriander,Deepak Joshi,Varanasi,Uttar Pradesh,5,The flavour is quite balanced for regular cooking. Convenient to have two everyday spices together. No complaints so far.,SYNTHETIC SAMPLE — FICTIONAL REVIEW / NOT A REAL CUSTOMER
Turmeric + Coriander,Sneha Mehta,Kolkata,West Bengal,5,"This has been useful for my everyday kitchen routine. A practical combo for dal, sabzi and curry bases. Would consider adding it to my next order.",SYNTHETIC SAMPLE — FICTIONAL REVIEW / NOT A REAL CUSTOMER
Turmeric + Coriander,Karan Kaur,Visakhapatnam,Andhra Pradesh,5,"The aroma was noticeable when I opened the pack. Works nicely for simple home-style cooking. Overall, happy with the purchase.",SYNTHETIC SAMPLE — FICTIONAL REVIEW / NOT A REAL CUSTOMER
Turmeric + Coriander,Varun Bisht,Jodhpur,Rajasthan,5,Tried this after seeing the product online and liked the first experience. Convenient to have two everyday spices together. I am satisfied with the first order.,SYNTHETIC SAMPLE — FICTIONAL REVIEW / NOT A REAL CUSTOMER
Turmeric + Coriander,Tarun Arora,Pune,Maharashtra,5,"This has been useful for my everyday kitchen routine. A practical combo for dal, sabzi and curry bases. So far, a good experience.",SYNTHETIC SAMPLE — FICTIONAL REVIEW / NOT A REAL CUSTOMER
Turmeric + Coriander,Yash Shah,Chennai,Tamil Nadu,3,I liked the freshness more than I expected. Both powders blend easily and are used frequently in my kitchen. I would buy it again.,SYNTHETIC SAMPLE — FICTIONAL REVIEW / NOT A REAL CUSTOMER
Turmeric + Coriander,Karan Menon,Chandigarh,Chandigarh,5,The flavour is quite balanced for regular cooking. Works nicely for simple home-style cooking. I am satisfied with the first order.,SYNTHETIC SAMPLE — FICTIONAL REVIEW / NOT A REAL CUSTOMER
Turmeric + Coriander,Aarav Naik,Jammu,Jammu & Kashmir,5,"The pack arrived sealed and in good condition. A practical combo for dal, sabzi and curry bases. So far, a good experience.",SYNTHETIC SAMPLE — FICTIONAL REVIEW / NOT A REAL CUSTOMER
Turmeric + Coriander,Deepak Agarwal,Patna,Bihar,5,Ordered this recently and the overall quality felt good. Works nicely for simple home-style cooking. I am satisfied with the first order.,SYNTHETIC SAMPLE — FICTIONAL REVIEW / NOT A REAL CUSTOMER
Turmeric + Coriander,Pallavi Pandey,Bengaluru,Karnataka,5,Ordered this recently and the overall quality felt good. Convenient to have two everyday spices together. It has become one of the regular items in my kitchen.,SYNTHETIC SAMPLE — FICTIONAL REVIEW / NOT A REAL CUSTOMER
Turmeric + Coriander,Sanjay Bisht,Noida,Uttar Pradesh,5,I bought this for regular home use and have been using it quite often. Convenient to have two everyday spices together. Good value for regular home use.,SYNTHETIC SAMPLE — FICTIONAL REVIEW / NOT A REAL CUSTOMER
Turmeric + Coriander,Aishwarya Dutta,Indore,Madhya Pradesh,5,This has been useful for my everyday kitchen routine. Convenient to have two everyday spices together. It has become one of the regular items in my kitchen.,SYNTHETIC SAMPLE — FICTIONAL REVIEW / NOT A REAL CUSTOMER
Turmeric + Coriander,Deepak Pawar,Thiruvananthapuram,Kerala,5,"I bought this for regular home use and have been using it quite often. A practical combo for dal, sabzi and curry bases. Good value for regular home use.",SYNTHETIC SAMPLE — FICTIONAL REVIEW / NOT A REAL CUSTOMER
Turmeric + Coriander,Deepika Naik,Faridabad,Haryana,5,I bought this for regular home use and have been using it quite often. Both powders blend easily and are used frequently in my kitchen. Would consider adding it to my next order.,SYNTHETIC SAMPLE — FICTIONAL REVIEW / NOT A REAL CUSTOMER
Turmeric + Coriander,Ashish Chatterjee,Vadodara,Gujarat,5,Good first impression and the delivery was smooth. Works nicely for simple home-style cooking. Would consider adding it to my next order.,SYNTHETIC SAMPLE — FICTIONAL REVIEW / NOT A REAL CUSTOMER
Turmeric + Coriander,Rashi Singh,Mysuru,Karnataka,5,"Good first impression and the delivery was smooth. Convenient to have two everyday spices together. So far, a good experience.",SYNTHETIC SAMPLE — FICTIONAL REVIEW / NOT A REAL CUSTOMER
Turmeric + Coriander,Sanjay Bansal,Jalandhar,Punjab,5,"I bought this for regular home use and have been using it quite often. Convenient to have two everyday spices together. Overall, happy with the purchase.",SYNTHETIC SAMPLE — FICTIONAL REVIEW / NOT A REAL CUSTOMER
Turmeric + Coriander,Sanjay Singh,Dehradun,Uttarakhand,5,"The packaging was neat and the product looked fresh. A practical combo for dal, sabzi and curry bases. So far, a good experience.",SYNTHETIC SAMPLE — FICTIONAL REVIEW / NOT A REAL CUSTOMER
Turmeric + Coriander,Aman Jain,Bhubaneswar,Odisha,5,The pack arrived sealed and in good condition. Works nicely for simple home-style cooking. Would consider adding it to my next order.,SYNTHETIC SAMPLE — FICTIONAL REVIEW / NOT A REAL CUSTOMER
Turmeric + Coriander,Vikas Chatterjee,Goa,Goa,5,The aroma was noticeable when I opened the pack. Works nicely for simple home-style cooking. It has become one of the regular items in my kitchen.,SYNTHETIC SAMPLE — FICTIONAL REVIEW / NOT A REAL CUSTOMER
Turmeric + Coriander,Ananya Iyer,Kota,Rajasthan,5,"The aroma was noticeable when I opened the pack. A practical combo for dal, sabzi and curry bases. No complaints so far.",SYNTHETIC SAMPLE — FICTIONAL REVIEW / NOT A REAL CUSTOMER
Turmeric + Coriander,Aishwarya Nair,Nagpur,Maharashtra,5,Good first impression and the delivery was smooth. Both powders blend easily and are used frequently in my kitchen. No complaints so far.,SYNTHETIC SAMPLE — FICTIONAL REVIEW / NOT A REAL CUSTOMER
Turmeric + Coriander,Monika Srivastava,Coimbatore,Tamil Nadu,5,"The pack arrived sealed and in good condition. A practical combo for dal, sabzi and curry bases. I am satisfied with the first order.",SYNTHETIC SAMPLE — FICTIONAL REVIEW / NOT A REAL CUSTOMER
Turmeric + Coriander,Aditi Roy,New Delhi,Delhi,5,The aroma was noticeable when I opened the pack. Convenient to have two everyday spices together. Good value for regular home use.,SYNTHETIC SAMPLE — FICTIONAL REVIEW / NOT A REAL CUSTOMER
Turmeric + Coriander,Rahul Gupta,Ahmedabad,Gujarat,5,Good first impression and the delivery was smooth. Works nicely for simple home-style cooking. I am satisfied with the first order.,SYNTHETIC SAMPLE — FICTIONAL REVIEW / NOT A REAL CUSTOMER
Turmeric + Coriander,Reena Agarwal,Guwahati,Assam,5,The aroma was noticeable when I opened the pack. Works nicely for simple home-style cooking. Good value for regular home use.,SYNTHETIC SAMPLE — FICTIONAL REVIEW / NOT A REAL CUSTOMER
Turmeric + Coriander,Sanjana Sodhi,Amritsar,Punjab,5,I bought this for regular home use and have been using it quite often. Both powders blend easily and are used frequently in my kitchen. Good value for regular home use.,SYNTHETIC SAMPLE — FICTIONAL REVIEW / NOT A REAL CUSTOMER
Turmeric + Coriander,Sonam Dutta,Kanpur,Uttar Pradesh,5,"The packaging was neat and the product looked fresh. Works nicely for simple home-style cooking. So far, a good experience.",SYNTHETIC SAMPLE — FICTIONAL REVIEW / NOT A REAL CUSTOMER
Turmeric + Coriander,Anil Mishra,Bhopal,Madhya Pradesh,5,This has been useful for my everyday kitchen routine. Works nicely for simple home-style cooking. I am satisfied with the first order.,SYNTHETIC SAMPLE — FICTIONAL REVIEW / NOT A REAL CUSTOMER
Turmeric + Coriander,Chetan Agarwal,Vijayawada,Andhra Pradesh,4,The packaging was neat and the product looked fresh. Works nicely for simple home-style cooking. No complaints so far.,SYNTHETIC SAMPLE — FICTIONAL REVIEW / NOT A REAL CUSTOMER
Turmeric + Coriander,Priya Gill,Jaipur,Rajasthan,5,"I liked the freshness more than I expected. A practical combo for dal, sabzi and curry bases. So far, a good experience.",SYNTHETIC SAMPLE — FICTIONAL REVIEW / NOT A REAL CUSTOMER
Turmeric + Coriander,Sakshi Tiwari,Mumbai,Maharashtra,5,"The flavour is quite balanced for regular cooking. Convenient to have two everyday spices together. Overall, happy with the purchase.",SYNTHETIC SAMPLE — FICTIONAL REVIEW / NOT A REAL CUSTOMER
Turmeric + Coriander,Sanjana Pandey,Hyderabad,Telangana,5,The pack arrived sealed and in good condition. Works nicely for simple home-style cooking. It has become one of the regular items in my kitchen.,SYNTHETIC SAMPLE — FICTIONAL REVIEW / NOT A REAL CUSTOMER
Turmeric + Coriander,Sameer Tiwari,Patiala,Punjab,5,"The packaging was neat and the product looked fresh. A practical combo for dal, sabzi and curry bases. Would consider adding it to my next order.",SYNTHETIC SAMPLE — FICTIONAL REVIEW / NOT A REAL CUSTOMER
Turmeric + Coriander,Tarun Oberoi,Shimla,Himachal Pradesh,4,"Ordered this recently and the overall quality felt good. A practical combo for dal, sabzi and curry bases. Overall, happy with the purchase.",SYNTHETIC SAMPLE — FICTIONAL REVIEW / NOT A REAL CUSTOMER
Turmeric + Coriander,Kavita Gill,Ranchi,Jharkhand,5,I liked the freshness more than I expected. Convenient to have two everyday spices together. No complaints so far.,SYNTHETIC SAMPLE — FICTIONAL REVIEW / NOT A REAL CUSTOMER
Turmeric + Coriander,Rishi Agarwal,Raipur,Chhattisgarh,5,"The pack arrived sealed and in good condition. A practical combo for dal, sabzi and curry bases. I would buy it again.",SYNTHETIC SAMPLE — FICTIONAL REVIEW / NOT A REAL CUSTOMER
Turmeric + Coriander,Ananya Chaudhary,Lucknow,Uttar Pradesh,5,"The aroma was noticeable when I opened the pack. Both powders blend easily and are used frequently in my kitchen. So far, a good experience.",SYNTHETIC SAMPLE — FICTIONAL REVIEW / NOT A REAL CUSTOMER
Turmeric + Coriander,Rashi Arora,Nashik,Maharashtra,5,"Ordered this recently and the overall quality felt good. A practical combo for dal, sabzi and curry bases. I would buy it again.",SYNTHETIC SAMPLE — FICTIONAL REVIEW / NOT A REAL CUSTOMER
Turmeric + Coriander,Yash Sodhi,Kochi,Kerala,5,I bought this for regular home use and have been using it quite often. Works nicely for simple home-style cooking. Would consider adding it to my next order.,SYNTHETIC SAMPLE — FICTIONAL REVIEW / NOT A REAL CUSTOMER
Turmeric + Coriander,Anjali Patil,Gurugram,Haryana,5,"This has been useful for my everyday kitchen routine. A practical combo for dal, sabzi and curry bases. So far, a good experience.",SYNTHETIC SAMPLE — FICTIONAL REVIEW / NOT A REAL CUSTOMER
Turmeric + Coriander,Priya Rawat,Surat,Gujarat,5,"Good first impression and the delivery was smooth. Both powders blend easily and are used frequently in my kitchen. Overall, happy with the purchase.",SYNTHETIC SAMPLE — FICTIONAL REVIEW / NOT A REAL CUSTOMER
Turmeric + Coriander,Megha Arora,Bengaluru,Karnataka,5,I liked the freshness more than I expected. Both powders blend easily and are used frequently in my kitchen. I am satisfied with the first order.,SYNTHETIC SAMPLE — FICTIONAL REVIEW / NOT A REAL CUSTOMER
Turmeric + Coriander,Aman Pawar,Ludhiana,Punjab,5,The packaging was neat and the product looked fresh. Convenient to have two everyday spices together. Would consider adding it to my next order.,SYNTHETIC SAMPLE — FICTIONAL REVIEW / NOT A REAL CUSTOMER
Turmeric + Coriander,Bhavna Roy,Varanasi,Uttar Pradesh,5,"I bought this for regular home use and have been using it quite often. A practical combo for dal, sabzi and curry bases. I would buy it again.",SYNTHETIC SAMPLE — FICTIONAL REVIEW / NOT A REAL CUSTOMER
Turmeric + Coriander,Vinay Singh,Kolkata,West Bengal,5,"The aroma was noticeable when I opened the pack. Convenient to have two everyday spices together. So far, a good experience.",SYNTHETIC SAMPLE — FICTIONAL REVIEW / NOT A REAL CUSTOMER
Turmeric + Coriander,Rashi Hegde,Visakhapatnam,Andhra Pradesh,5,"Ordered this recently and the overall quality felt good. A practical combo for dal, sabzi and curry bases. I would buy it again.",SYNTHETIC SAMPLE — FICTIONAL REVIEW / NOT A REAL CUSTOMER
Turmeric + Coriander,Tarun Sinha,Jodhpur,Rajasthan,5,"I bought this for regular home use and have been using it quite often. Both powders blend easily and are used frequently in my kitchen. So far, a good experience.",SYNTHETIC SAMPLE — FICTIONAL REVIEW / NOT A REAL CUSTOMER
Turmeric + Coriander,Sourav Verma,Pune,Maharashtra,5,"Good first impression and the delivery was smooth. A practical combo for dal, sabzi and curry bases. So far, a good experience.",SYNTHETIC SAMPLE — FICTIONAL REVIEW / NOT A REAL CUSTOMER
Turmeric + Coriander,Dev Dhillon,Chennai,Tamil Nadu,5,"The packaging was neat and the product looked fresh. A practical combo for dal, sabzi and curry bases. So far, a good experience.",SYNTHETIC SAMPLE — FICTIONAL REVIEW / NOT A REAL CUSTOMER
Turmeric + Coriander,Gaurav Nair,Chandigarh,Chandigarh,4,"Ordered this recently and the overall quality felt good. Both powders blend easily and are used frequently in my kitchen. So far, a good experience.",SYNTHETIC SAMPLE — FICTIONAL REVIEW / NOT A REAL CUSTOMER
Red Chilli + Coriander,Gaurav Iyer,Gurugram,Haryana,5,The pack arrived sealed and in good condition. Easy combo for daily Indian cooking. No complaints so far.,SYNTHETIC SAMPLE — FICTIONAL REVIEW / NOT A REAL CUSTOMER
Red Chilli + Coriander,Vikas Sen,Surat,Gujarat,5,"I liked the freshness more than I expected. Good for curry bases where I want colour, heat and a little earthiness. I am satisfied with the first order.",SYNTHETIC SAMPLE — FICTIONAL REVIEW / NOT A REAL CUSTOMER
Red Chilli + Coriander,Meena Menon,Bengaluru,Karnataka,5,"Tried this after seeing the product online and liked the first experience. Used it for sabzi and gravy and liked the balance. So far, a good experience.",SYNTHETIC SAMPLE — FICTIONAL REVIEW / NOT A REAL CUSTOMER
Red Chilli + Coriander,Aishwarya Sinha,Ludhiana,Punjab,5,Ordered this recently and the overall quality felt good. Easy combo for daily Indian cooking. No complaints so far.,SYNTHETIC SAMPLE — FICTIONAL REVIEW / NOT A REAL CUSTOMER
Red Chilli + Coriander,Karan Mukherjee,Varanasi,Uttar Pradesh,4,The pack arrived sealed and in good condition. Easy combo for daily Indian cooking. Good value for regular home use.,SYNTHETIC SAMPLE — FICTIONAL REVIEW / NOT A REAL CUSTOMER
Red Chilli + Coriander,Mohit Sodhi,Kolkata,West Bengal,5,"Ordered this recently and the overall quality felt good. Good for curry bases where I want colour, heat and a little earthiness. So far, a good experience.",SYNTHETIC SAMPLE — FICTIONAL REVIEW / NOT A REAL CUSTOMER
Red Chilli + Coriander,Aarav Ghosh,Visakhapatnam,Andhra Pradesh,5,Ordered this recently and the overall quality felt good. Easy combo for daily Indian cooking. It has become one of the regular items in my kitchen.,SYNTHETIC SAMPLE — FICTIONAL REVIEW / NOT A REAL CUSTOMER
Red Chilli + Coriander,Rajat Dhillon,Jodhpur,Rajasthan,5,"Ordered this recently and the overall quality felt good. Good for curry bases where I want colour, heat and a little earthiness. I am satisfied with the first order.",SYNTHETIC SAMPLE — FICTIONAL REVIEW / NOT A REAL CUSTOMER
Red Chilli + Coriander,Harish Shetty,Pune,Maharashtra,5,"Ordered this recently and the overall quality felt good. Used it for sabzi and gravy and liked the balance. Overall, happy with the purchase.",SYNTHETIC SAMPLE — FICTIONAL REVIEW / NOT A REAL CUSTOMER
Red Chilli + Coriander,Nikhil Kohli,Chennai,Tamil Nadu,4,The pack arrived sealed and in good condition. Used it for sabzi and gravy and liked the balance. Would consider adding it to my next order.,SYNTHETIC SAMPLE — FICTIONAL REVIEW / NOT A REAL CUSTOMER
Red Chilli + Coriander,Pallavi Gill,Chandigarh,Chandigarh,5,I bought this for regular home use and have been using it quite often. Used it for sabzi and gravy and liked the balance. I am satisfied with the first order.,SYNTHETIC SAMPLE — FICTIONAL REVIEW / NOT A REAL CUSTOMER
Red Chilli + Coriander,Rishi Kumar,Jammu,Jammu & Kashmir,5,The packaging was neat and the product looked fresh. Used it for sabzi and gravy and liked the balance. I would buy it again.,SYNTHETIC SAMPLE — FICTIONAL REVIEW / NOT A REAL CUSTOMER
Red Chilli + Coriander,Vikram Kumar,Patna,Bihar,4,The aroma was noticeable when I opened the pack. Easy combo for daily Indian cooking. It has become one of the regular items in my kitchen.,SYNTHETIC SAMPLE — FICTIONAL REVIEW / NOT A REAL CUSTOMER
Red Chilli + Coriander,Aditya Arora,Bengaluru,Karnataka,5,"Tried this after seeing the product online and liked the first experience. These two are a regular combination in my cooking, so this pack is convenient. Would consider adding it to my next order.",SYNTHETIC SAMPLE — FICTIONAL REVIEW / NOT A REAL CUSTOMER
Red Chilli + Coriander,Anjali Mishra,Noida,Uttar Pradesh,5,"The packaging was neat and the product looked fresh. Good for curry bases where I want colour, heat and a little earthiness. Good value for regular home use.",SYNTHETIC SAMPLE — FICTIONAL REVIEW / NOT A REAL CUSTOMER
Red Chilli + Coriander,Sanjay Shah,Indore,Madhya Pradesh,4,"The flavour is quite balanced for regular cooking. These two are a regular combination in my cooking, so this pack is convenient. So far, a good experience.",SYNTHETIC SAMPLE — FICTIONAL REVIEW / NOT A REAL CUSTOMER
Red Chilli + Coriander,Kriti Gill,Thiruvananthapuram,Kerala,5,"Good first impression and the delivery was smooth. Good for curry bases where I want colour, heat and a little earthiness. Overall, happy with the purchase.",SYNTHETIC SAMPLE — FICTIONAL REVIEW / NOT A REAL CUSTOMER
Red Chilli + Coriander,Rishi Iyer,Faridabad,Haryana,5,"Tried this after seeing the product online and liked the first experience. These two are a regular combination in my cooking, so this pack is convenient. No complaints so far.",SYNTHETIC SAMPLE — FICTIONAL REVIEW / NOT A REAL CUSTOMER
Red Chilli + Coriander,Ashish Thakur,Vadodara,Gujarat,5,"The flavour is quite balanced for regular cooking. Good for curry bases where I want colour, heat and a little earthiness. Overall, happy with the purchase.",SYNTHETIC SAMPLE — FICTIONAL REVIEW / NOT A REAL CUSTOMER
Red Chilli + Coriander,Harpreet Srivastava,Mysuru,Karnataka,5,"I bought this for regular home use and have been using it quite often. Used it for sabzi and gravy and liked the balance. So far, a good experience.",SYNTHETIC SAMPLE — FICTIONAL REVIEW / NOT A REAL CUSTOMER
Red Chilli + Coriander,Mohit Arora,Jalandhar,Punjab,3,"The pack arrived sealed and in good condition. Good for curry bases where I want colour, heat and a little earthiness. Would consider adding it to my next order.",SYNTHETIC SAMPLE — FICTIONAL REVIEW / NOT A REAL CUSTOMER
Red Chilli + Coriander,Deepika Rawat,Dehradun,Uttarakhand,5,"The aroma was noticeable when I opened the pack. Good for curry bases where I want colour, heat and a little earthiness. Would consider adding it to my next order.",SYNTHETIC SAMPLE — FICTIONAL REVIEW / NOT A REAL CUSTOMER
Red Chilli + Coriander,Amrita Deshmukh,Bhubaneswar,Odisha,4,"I bought this for regular home use and have been using it quite often. Good for curry bases where I want colour, heat and a little earthiness. It has become one of the regular items in my kitchen.",SYNTHETIC SAMPLE — FICTIONAL REVIEW / NOT A REAL CUSTOMER
Red Chilli + Coriander,Dev Bisht,Goa,Goa,5,"The pack arrived sealed and in good condition. Good for curry bases where I want colour, heat and a little earthiness. I would buy it again.",SYNTHETIC SAMPLE — FICTIONAL REVIEW / NOT A REAL CUSTOMER
Red Chilli + Coriander,Akash Kaur,Kota,Rajasthan,5,"The packaging was neat and the product looked fresh. Easy combo for daily Indian cooking. So far, a good experience.",SYNTHETIC SAMPLE — FICTIONAL REVIEW / NOT A REAL CUSTOMER
Red Chilli + Coriander,Bhavna Sinha,Nagpur,Maharashtra,5,"Ordered this recently and the overall quality felt good. These two are a regular combination in my cooking, so this pack is convenient. It has become one of the regular items in my kitchen.",SYNTHETIC SAMPLE — FICTIONAL REVIEW / NOT A REAL CUSTOMER
Red Chilli + Coriander,Harish Kulkarni,Coimbatore,Tamil Nadu,5,Good first impression and the delivery was smooth. Easy combo for daily Indian cooking. It has become one of the regular items in my kitchen.,SYNTHETIC SAMPLE — FICTIONAL REVIEW / NOT A REAL CUSTOMER
Red Chilli + Coriander,Aditya Tripathi,New Delhi,Delhi,5,"Tried this after seeing the product online and liked the first experience. These two are a regular combination in my cooking, so this pack is convenient. Good value for regular home use.",SYNTHETIC SAMPLE — FICTIONAL REVIEW / NOT A REAL CUSTOMER
Red Chilli + Coriander,Sourav Sharma,Ahmedabad,Gujarat,4,"I liked the freshness more than I expected. Good for curry bases where I want colour, heat and a little earthiness. Good value for regular home use.",SYNTHETIC SAMPLE — FICTIONAL REVIEW / NOT A REAL CUSTOMER
Red Chilli + Coriander,Rajat Kohli,Guwahati,Assam,4,This has been useful for my everyday kitchen routine. Easy combo for daily Indian cooking. Would consider adding it to my next order.,SYNTHETIC SAMPLE — FICTIONAL REVIEW / NOT A REAL CUSTOMER
Red Chilli + Coriander,Gaurav Dhillon,Amritsar,Punjab,5,"Tried this after seeing the product online and liked the first experience. Good for curry bases where I want colour, heat and a little earthiness. I would buy it again.",SYNTHETIC SAMPLE — FICTIONAL REVIEW / NOT A REAL CUSTOMER
Red Chilli + Coriander,Tanya Tiwari,Kanpur,Uttar Pradesh,5,"I bought this for regular home use and have been using it quite often. These two are a regular combination in my cooking, so this pack is convenient. It has become one of the regular items in my kitchen.",SYNTHETIC SAMPLE — FICTIONAL REVIEW / NOT A REAL CUSTOMER
Red Chilli + Coriander,Saurabh Rao,Bhopal,Madhya Pradesh,4,Tried this after seeing the product online and liked the first experience. Easy combo for daily Indian cooking. No complaints so far.,SYNTHETIC SAMPLE — FICTIONAL REVIEW / NOT A REAL CUSTOMER
Red Chilli + Coriander,Isha Sodhi,Vijayawada,Andhra Pradesh,5,The flavour is quite balanced for regular cooking. Easy combo for daily Indian cooking. It has become one of the regular items in my kitchen.,SYNTHETIC SAMPLE — FICTIONAL REVIEW / NOT A REAL CUSTOMER
Red Chilli + Coriander,Sameer Pawar,Jaipur,Rajasthan,5,The packaging was neat and the product looked fresh. Easy combo for daily Indian cooking. I am satisfied with the first order.,SYNTHETIC SAMPLE — FICTIONAL REVIEW / NOT A REAL CUSTOMER
Red Chilli + Coriander,Sanjay Iyer,Mumbai,Maharashtra,3,I bought this for regular home use and have been using it quite often. Used it for sabzi and gravy and liked the balance. No complaints so far.,SYNTHETIC SAMPLE — FICTIONAL REVIEW / NOT A REAL CUSTOMER
Red Chilli + Coriander,Ashish Gupta,Hyderabad,Telangana,5,"Ordered this recently and the overall quality felt good. These two are a regular combination in my cooking, so this pack is convenient. It has become one of the regular items in my kitchen.",SYNTHETIC SAMPLE — FICTIONAL REVIEW / NOT A REAL CUSTOMER
Red Chilli + Coriander,Yash Sandhu,Patiala,Punjab,5,"Tried this after seeing the product online and liked the first experience. Good for curry bases where I want colour, heat and a little earthiness. Would consider adding it to my next order.",SYNTHETIC SAMPLE — FICTIONAL REVIEW / NOT A REAL CUSTOMER
Red Chilli + Coriander,Meena Gupta,Shimla,Himachal Pradesh,5,I bought this for regular home use and have been using it quite often. Easy combo for daily Indian cooking. Good value for regular home use.,SYNTHETIC SAMPLE — FICTIONAL REVIEW / NOT A REAL CUSTOMER
Red Chilli + Coriander,Bharat Patil,Ranchi,Jharkhand,5,This has been useful for my everyday kitchen routine. Easy combo for daily Indian cooking. Would consider adding it to my next order.,SYNTHETIC SAMPLE — FICTIONAL REVIEW / NOT A REAL CUSTOMER
Red Chilli + Coriander,Kavita Bansal,Raipur,Chhattisgarh,5,Good first impression and the delivery was smooth. Used it for sabzi and gravy and liked the balance. I would buy it again.,SYNTHETIC SAMPLE — FICTIONAL REVIEW / NOT A REAL CUSTOMER
Red Chilli + Coriander,Tarun Menon,Lucknow,Uttar Pradesh,5,Tried this after seeing the product online and liked the first experience. Easy combo for daily Indian cooking. It has become one of the regular items in my kitchen.,SYNTHETIC SAMPLE — FICTIONAL REVIEW / NOT A REAL CUSTOMER
Red Chilli + Coriander,Arpita Arora,Nashik,Maharashtra,4,I bought this for regular home use and have been using it quite often. Used it for sabzi and gravy and liked the balance. It has become one of the regular items in my kitchen.,SYNTHETIC SAMPLE — FICTIONAL REVIEW / NOT A REAL CUSTOMER
Red Chilli + Coriander,Aditi Chopra,Kochi,Kerala,4,Ordered this recently and the overall quality felt good. Easy combo for daily Indian cooking. I am satisfied with the first order.,SYNTHETIC SAMPLE — FICTIONAL REVIEW / NOT A REAL CUSTOMER
Red Chilli + Coriander,Sunil Pawar,Gurugram,Haryana,5,"Ordered this recently and the overall quality felt good. Good for curry bases where I want colour, heat and a little earthiness. It has become one of the regular items in my kitchen.",SYNTHETIC SAMPLE — FICTIONAL REVIEW / NOT A REAL CUSTOMER
Red Chilli + Coriander,Nikhil Nair,Surat,Gujarat,5,"This has been useful for my everyday kitchen routine. Good for curry bases where I want colour, heat and a little earthiness. Would consider adding it to my next order.",SYNTHETIC SAMPLE — FICTIONAL REVIEW / NOT A REAL CUSTOMER
Red Chilli + Coriander,Ananya Kumar,Bengaluru,Karnataka,5,"I bought this for regular home use and have been using it quite often. Good for curry bases where I want colour, heat and a little earthiness. Would consider adding it to my next order.",SYNTHETIC SAMPLE — FICTIONAL REVIEW / NOT A REAL CUSTOMER
Red Chilli + Coriander,Sana Bisht,Ludhiana,Punjab,5,The aroma was noticeable when I opened the pack. Used it for sabzi and gravy and liked the balance. Would consider adding it to my next order.,SYNTHETIC SAMPLE — FICTIONAL REVIEW / NOT A REAL CUSTOMER
Red Chilli + Coriander,Rajat Naik,Varanasi,Uttar Pradesh,5,"The packaging was neat and the product looked fresh. These two are a regular combination in my cooking, so this pack is convenient. Good value for regular home use.",SYNTHETIC SAMPLE — FICTIONAL REVIEW / NOT A REAL CUSTOMER
Red Chilli + Coriander,Nikhil Rao,Kolkata,West Bengal,4,"The pack arrived sealed and in good condition. Good for curry bases where I want colour, heat and a little earthiness. Good value for regular home use.",SYNTHETIC SAMPLE — FICTIONAL REVIEW / NOT A REAL CUSTOMER
Red Chilli + Coriander,Nisha Dutta,Visakhapatnam,Andhra Pradesh,4,The aroma was noticeable when I opened the pack. Easy combo for daily Indian cooking. Good value for regular home use.,SYNTHETIC SAMPLE — FICTIONAL REVIEW / NOT A REAL CUSTOMER
Red Chilli + Coriander,Aditi Sinha,Jodhpur,Rajasthan,5,"Good first impression and the delivery was smooth. These two are a regular combination in my cooking, so this pack is convenient. So far, a good experience.",SYNTHETIC SAMPLE — FICTIONAL REVIEW / NOT A REAL CUSTOMER
Red Chilli + Coriander,Amit Kapoor,Pune,Maharashtra,4,Tried this after seeing the product online and liked the first experience. Easy combo for daily Indian cooking. Would consider adding it to my next order.,SYNTHETIC SAMPLE — FICTIONAL REVIEW / NOT A REAL CUSTOMER
Red Chilli + Coriander,Raj Ghosh,Chennai,Tamil Nadu,5,"The packaging was neat and the product looked fresh. These two are a regular combination in my cooking, so this pack is convenient. It has become one of the regular items in my kitchen.",SYNTHETIC SAMPLE — FICTIONAL REVIEW / NOT A REAL CUSTOMER
Red Chilli + Coriander,Bhavna Nair,Chandigarh,Chandigarh,5,Good first impression and the delivery was smooth. Easy combo for daily Indian cooking. It has become one of the regular items in my kitchen.,SYNTHETIC SAMPLE — FICTIONAL REVIEW / NOT A REAL CUSTOMER
Red Chilli + Coriander,Sana Sodhi,Jammu,Jammu & Kashmir,5,"This has been useful for my everyday kitchen routine. Good for curry bases where I want colour, heat and a little earthiness. Overall, happy with the purchase.",SYNTHETIC SAMPLE — FICTIONAL REVIEW / NOT A REAL CUSTOMER
Red Chilli + Coriander,Yash Kaur,Patna,Bihar,5,"I bought this for regular home use and have been using it quite often. These two are a regular combination in my cooking, so this pack is convenient. It has become one of the regular items in my kitchen.",SYNTHETIC SAMPLE — FICTIONAL REVIEW / NOT A REAL CUSTOMER
Red Chilli + Coriander,Sanjay Roy,Bengaluru,Karnataka,4,"Good first impression and the delivery was smooth. Good for curry bases where I want colour, heat and a little earthiness. It has become one of the regular items in my kitchen.",SYNTHETIC SAMPLE — FICTIONAL REVIEW / NOT A REAL CUSTOMER
Red Chilli + Coriander,Nisha Chaudhary,Noida,Uttar Pradesh,5,"Tried this after seeing the product online and liked the first experience. These two are a regular combination in my cooking, so this pack is convenient. It has become one of the regular items in my kitchen.",SYNTHETIC SAMPLE — FICTIONAL REVIEW / NOT A REAL CUSTOMER
Red Chilli + Coriander,Arjun Mishra,Indore,Madhya Pradesh,5,"I liked the freshness more than I expected. Good for curry bases where I want colour, heat and a little earthiness. No complaints so far.",SYNTHETIC SAMPLE — FICTIONAL REVIEW / NOT A REAL CUSTOMER
Red Chilli + Coriander,Srishti Deshmukh,Thiruvananthapuram,Kerala,4,"Tried this after seeing the product online and liked the first experience. These two are a regular combination in my cooking, so this pack is convenient. No complaints so far.",SYNTHETIC SAMPLE — FICTIONAL REVIEW / NOT A REAL CUSTOMER
Red Chilli + Coriander,Mohit Sharma,Faridabad,Haryana,5,"Ordered this recently and the overall quality felt good. Used it for sabzi and gravy and liked the balance. So far, a good experience.",SYNTHETIC SAMPLE — FICTIONAL REVIEW / NOT A REAL CUSTOMER
Red Chilli + Coriander,Pradeep Sodhi,Vadodara,Gujarat,5,"This has been useful for my everyday kitchen routine. These two are a regular combination in my cooking, so this pack is convenient. So far, a good experience.",SYNTHETIC SAMPLE — FICTIONAL REVIEW / NOT A REAL CUSTOMER
Red Chilli + Coriander,Megha Das,Mysuru,Karnataka,5,"I bought this for regular home use and have been using it quite often. Good for curry bases where I want colour, heat and a little earthiness. I would buy it again.",SYNTHETIC SAMPLE — FICTIONAL REVIEW / NOT A REAL CUSTOMER
Turmeric + Red Chilli,Harish Sandhu,Lucknow,Uttar Pradesh,5,This has been useful for my everyday kitchen routine. Useful combo for quick weekday cooking. I would buy it again.,SYNTHETIC SAMPLE — FICTIONAL REVIEW / NOT A REAL CUSTOMER
Turmeric + Red Chilli,Manish Sinha,Nashik,Maharashtra,5,"The packaging was neat and the product looked fresh. Useful combo for quick weekday cooking. So far, a good experience.",SYNTHETIC SAMPLE — FICTIONAL REVIEW / NOT A REAL CUSTOMER
Turmeric + Red Chilli,Amrita Thakur,Kochi,Kerala,3,Good first impression and the delivery was smooth. The chilli adds colour and heat while turmeric gives the earthy base. Good value for regular home use.,SYNTHETIC SAMPLE — FICTIONAL REVIEW / NOT A REAL CUSTOMER
Turmeric + Red Chilli,Deepak Srivastava,Gurugram,Haryana,5,Good first impression and the delivery was smooth. Useful combo for quick weekday cooking. I am satisfied with the first order.,SYNTHETIC SAMPLE — FICTIONAL REVIEW / NOT A REAL CUSTOMER
Turmeric + Red Chilli,Gaurav Roy,Surat,Gujarat,4,"This has been useful for my everyday kitchen routine. The chilli adds colour and heat while turmeric gives the earthy base. Overall, happy with the purchase.",SYNTHETIC SAMPLE — FICTIONAL REVIEW / NOT A REAL CUSTOMER
Turmeric + Red Chilli,Tarun Deshmukh,Bengaluru,Karnataka,5,"The flavour is quite balanced for regular cooking. The chilli adds colour and heat while turmeric gives the earthy base. Overall, happy with the purchase.",SYNTHETIC SAMPLE — FICTIONAL REVIEW / NOT A REAL CUSTOMER
Turmeric + Red Chilli,Anjali Hegde,Ludhiana,Punjab,5,"I liked the freshness more than I expected. Useful combo for quick weekday cooking. Overall, happy with the purchase.",SYNTHETIC SAMPLE — FICTIONAL REVIEW / NOT A REAL CUSTOMER
Turmeric + Red Chilli,Rishi Kulkarni,Varanasi,Uttar Pradesh,4,The pack arrived sealed and in good condition. Useful combo for quick weekday cooking. Good value for regular home use.,SYNTHETIC SAMPLE — FICTIONAL REVIEW / NOT A REAL CUSTOMER
Turmeric + Red Chilli,Arpita Bansal,Kolkata,West Bengal,5,"Ordered this recently and the overall quality felt good. Useful combo for quick weekday cooking. So far, a good experience.",SYNTHETIC SAMPLE — FICTIONAL REVIEW / NOT A REAL CUSTOMER
Turmeric + Red Chilli,Sameer Das,Visakhapatnam,Andhra Pradesh,5,Tried this after seeing the product online and liked the first experience. Both packs get used regularly in my kitchen. I would buy it again.,SYNTHETIC SAMPLE — FICTIONAL REVIEW / NOT A REAL CUSTOMER
Turmeric + Red Chilli,Tarun Sodhi,Jodhpur,Rajasthan,5,I liked the freshness more than I expected. A handy pair for everyday sabzi and curry. I am satisfied with the first order.,SYNTHETIC SAMPLE — FICTIONAL REVIEW / NOT A REAL CUSTOMER
Turmeric + Red Chilli,Rhea Bedi,Pune,Maharashtra,3,The flavour is quite balanced for regular cooking. Both packs get used regularly in my kitchen. I would buy it again.,SYNTHETIC SAMPLE — FICTIONAL REVIEW / NOT A REAL CUSTOMER
Turmeric + Red Chilli,Tarun Bisht,Chennai,Tamil Nadu,5,The aroma was noticeable when I opened the pack. Both packs get used regularly in my kitchen. It has become one of the regular items in my kitchen.,SYNTHETIC SAMPLE — FICTIONAL REVIEW / NOT A REAL CUSTOMER
Turmeric + Red Chilli,Pankaj Agarwal,Chandigarh,Chandigarh,5,I liked the freshness more than I expected. The chilli adds colour and heat while turmeric gives the earthy base. It has become one of the regular items in my kitchen.,SYNTHETIC SAMPLE — FICTIONAL REVIEW / NOT A REAL CUSTOMER
Turmeric + Red Chilli,Megha Verma,Jammu,Jammu & Kashmir,5,The packaging was neat and the product looked fresh. Both packs get used regularly in my kitchen. It has become one of the regular items in my kitchen.,SYNTHETIC SAMPLE — FICTIONAL REVIEW / NOT A REAL CUSTOMER
Turmeric + Red Chilli,Yash Banerjee,Patna,Bihar,5,Ordered this recently and the overall quality felt good. The chilli adds colour and heat while turmeric gives the earthy base. It has become one of the regular items in my kitchen.,SYNTHETIC SAMPLE — FICTIONAL REVIEW / NOT A REAL CUSTOMER
Turmeric + Red Chilli,Saurabh Tripathi,Bengaluru,Karnataka,5,I liked the freshness more than I expected. A handy pair for everyday sabzi and curry. Would consider adding it to my next order.,SYNTHETIC SAMPLE — FICTIONAL REVIEW / NOT A REAL CUSTOMER
Turmeric + Red Chilli,Rakesh Roy,Noida,Uttar Pradesh,5,Ordered this recently and the overall quality felt good. The chilli adds colour and heat while turmeric gives the earthy base. Good value for regular home use.,SYNTHETIC SAMPLE — FICTIONAL REVIEW / NOT A REAL CUSTOMER
Turmeric + Red Chilli,Aditya Oberoi,Indore,Madhya Pradesh,5,This has been useful for my everyday kitchen routine. Useful combo for quick weekday cooking. I am satisfied with the first order.,SYNTHETIC SAMPLE — FICTIONAL REVIEW / NOT A REAL CUSTOMER
Turmeric + Red Chilli,Amrita Sethi,Thiruvananthapuram,Kerala,5,The flavour is quite balanced for regular cooking. Both packs get used regularly in my kitchen. No complaints so far.,SYNTHETIC SAMPLE — FICTIONAL REVIEW / NOT A REAL CUSTOMER
Turmeric + Red Chilli,Aman Bisht,Faridabad,Haryana,5,Good first impression and the delivery was smooth. The chilli adds colour and heat while turmeric gives the earthy base. I am satisfied with the first order.,SYNTHETIC SAMPLE — FICTIONAL REVIEW / NOT A REAL CUSTOMER
Turmeric + Red Chilli,Anjali Pawar,Vadodara,Gujarat,5,"Good first impression and the delivery was smooth. Useful combo for quick weekday cooking. Overall, happy with the purchase.",SYNTHETIC SAMPLE — FICTIONAL REVIEW / NOT A REAL CUSTOMER
Turmeric + Red Chilli,Sameer Arora,Mysuru,Karnataka,5,I liked the freshness more than I expected. The chilli adds colour and heat while turmeric gives the earthy base. No complaints so far.,SYNTHETIC SAMPLE — FICTIONAL REVIEW / NOT A REAL CUSTOMER
Turmeric + Red Chilli,Rishi Joshi,Jalandhar,Punjab,5,Good first impression and the delivery was smooth. The chilli adds colour and heat while turmeric gives the earthy base. I would buy it again.,SYNTHETIC SAMPLE — FICTIONAL REVIEW / NOT A REAL CUSTOMER
Turmeric + Red Chilli,Anjali Naik,Dehradun,Uttarakhand,3,Tried this after seeing the product online and liked the first experience. Both packs get used regularly in my kitchen. No complaints so far.,SYNTHETIC SAMPLE — FICTIONAL REVIEW / NOT A REAL CUSTOMER
Turmeric + Red Chilli,Sameer Mehta,Bhubaneswar,Odisha,5,The packaging was neat and the product looked fresh. A handy pair for everyday sabzi and curry. It has become one of the regular items in my kitchen.,SYNTHETIC SAMPLE — FICTIONAL REVIEW / NOT A REAL CUSTOMER
Turmeric + Red Chilli,Vikram Khanna,Goa,Goa,3,Tried this after seeing the product online and liked the first experience. Both packs get used regularly in my kitchen. I am satisfied with the first order.,SYNTHETIC SAMPLE — FICTIONAL REVIEW / NOT A REAL CUSTOMER
Turmeric + Red Chilli,Aman Gupta,Kota,Rajasthan,5,The aroma was noticeable when I opened the pack. Both packs get used regularly in my kitchen. I am satisfied with the first order.,SYNTHETIC SAMPLE — FICTIONAL REVIEW / NOT A REAL CUSTOMER
Turmeric + Red Chilli,Tarun Kulkarni,Nagpur,Maharashtra,4,The aroma was noticeable when I opened the pack. The chilli adds colour and heat while turmeric gives the earthy base. I would buy it again.,SYNTHETIC SAMPLE — FICTIONAL REVIEW / NOT A REAL CUSTOMER
Turmeric + Red Chilli,Pankaj Yadav,Coimbatore,Tamil Nadu,4,I bought this for regular home use and have been using it quite often. Useful combo for quick weekday cooking. I am satisfied with the first order.,SYNTHETIC SAMPLE — FICTIONAL REVIEW / NOT A REAL CUSTOMER
Turmeric + Red Chilli,Shalini Rawat,New Delhi,Delhi,4,Good first impression and the delivery was smooth. The chilli adds colour and heat while turmeric gives the earthy base. It has become one of the regular items in my kitchen.,SYNTHETIC SAMPLE — FICTIONAL REVIEW / NOT A REAL CUSTOMER
Turmeric + Red Chilli,Harish Kaur,Ahmedabad,Gujarat,3,Good first impression and the delivery was smooth. The chilli adds colour and heat while turmeric gives the earthy base. No complaints so far.,SYNTHETIC SAMPLE — FICTIONAL REVIEW / NOT A REAL CUSTOMER
Turmeric + Red Chilli,Sonam Agarwal,Guwahati,Assam,5,The flavour is quite balanced for regular cooking. Useful combo for quick weekday cooking. Good value for regular home use.,SYNTHETIC SAMPLE — FICTIONAL REVIEW / NOT A REAL CUSTOMER
Turmeric + Red Chilli,Raj Iyer,Amritsar,Punjab,5,I liked the freshness more than I expected. Both packs get used regularly in my kitchen. It has become one of the regular items in my kitchen.,SYNTHETIC SAMPLE — FICTIONAL REVIEW / NOT A REAL CUSTOMER
Turmeric + Red Chilli,Ananya Nair,Kanpur,Uttar Pradesh,5,"The flavour is quite balanced for regular cooking. A handy pair for everyday sabzi and curry. Overall, happy with the purchase.",SYNTHETIC SAMPLE — FICTIONAL REVIEW / NOT A REAL CUSTOMER
Turmeric + Red Chilli,Ananya Arora,Bhopal,Madhya Pradesh,3,The pack arrived sealed and in good condition. Both packs get used regularly in my kitchen. I am satisfied with the first order.,SYNTHETIC SAMPLE — FICTIONAL REVIEW / NOT A REAL CUSTOMER
Turmeric + Red Chilli,Sameer Bedi,Vijayawada,Andhra Pradesh,5,I liked the freshness more than I expected. The chilli adds colour and heat while turmeric gives the earthy base. I would buy it again.,SYNTHETIC SAMPLE — FICTIONAL REVIEW / NOT A REAL CUSTOMER
Turmeric + Red Chilli,Anil Tripathi,Jaipur,Rajasthan,5,The aroma was noticeable when I opened the pack. The chilli adds colour and heat while turmeric gives the earthy base. It has become one of the regular items in my kitchen.,SYNTHETIC SAMPLE — FICTIONAL REVIEW / NOT A REAL CUSTOMER
Turmeric + Red Chilli,Arpita Banerjee,Mumbai,Maharashtra,5,"The flavour is quite balanced for regular cooking. Both packs get used regularly in my kitchen. So far, a good experience.",SYNTHETIC SAMPLE — FICTIONAL REVIEW / NOT A REAL CUSTOMER
Turmeric + Red Chilli,Gauri Mehta,Hyderabad,Telangana,5,The packaging was neat and the product looked fresh. The chilli adds colour and heat while turmeric gives the earthy base. I would buy it again.,SYNTHETIC SAMPLE — FICTIONAL REVIEW / NOT A REAL CUSTOMER
Turmeric + Red Chilli,Rahul Patel,Patiala,Punjab,5,Ordered this recently and the overall quality felt good. Useful combo for quick weekday cooking. Good value for regular home use.,SYNTHETIC SAMPLE — FICTIONAL REVIEW / NOT A REAL CUSTOMER
Turmeric + Red Chilli,Aishwarya Tripathi,Shimla,Himachal Pradesh,5,"The packaging was neat and the product looked fresh. Both packs get used regularly in my kitchen. Overall, happy with the purchase.",SYNTHETIC SAMPLE — FICTIONAL REVIEW / NOT A REAL CUSTOMER
Turmeric + Red Chilli,Saurabh Shah,Ranchi,Jharkhand,5,The flavour is quite balanced for regular cooking. The chilli adds colour and heat while turmeric gives the earthy base. I would buy it again.,SYNTHETIC SAMPLE — FICTIONAL REVIEW / NOT A REAL CUSTOMER
Turmeric + Red Chilli,Harish Ghosh,Raipur,Chhattisgarh,4,"The packaging was neat and the product looked fresh. The chilli adds colour and heat while turmeric gives the earthy base. Overall, happy with the purchase.",SYNTHETIC SAMPLE — FICTIONAL REVIEW / NOT A REAL CUSTOMER
Turmeric + Red Chilli,Vikram Hegde,Lucknow,Uttar Pradesh,5,The aroma was noticeable when I opened the pack. The chilli adds colour and heat while turmeric gives the earthy base. I would buy it again.,SYNTHETIC SAMPLE — FICTIONAL REVIEW / NOT A REAL CUSTOMER
Turmeric + Red Chilli,Pankaj Gill,Nashik,Maharashtra,5,The aroma was noticeable when I opened the pack. A handy pair for everyday sabzi and curry. I am satisfied with the first order.,SYNTHETIC SAMPLE — FICTIONAL REVIEW / NOT A REAL CUSTOMER
Turmeric + Red Chilli,Ashish Reddy,Kochi,Kerala,5,I bought this for regular home use and have been using it quite often. Both packs get used regularly in my kitchen. No complaints so far.,SYNTHETIC SAMPLE — FICTIONAL REVIEW / NOT A REAL CUSTOMER
Turmeric + Red Chilli,Rashi Oberoi,Gurugram,Haryana,5,Tried this after seeing the product online and liked the first experience. Both packs get used regularly in my kitchen. Good value for regular home use.,SYNTHETIC SAMPLE — FICTIONAL REVIEW / NOT A REAL CUSTOMER
Turmeric + Red Chilli,Sana Yadav,Surat,Gujarat,5,Tried this after seeing the product online and liked the first experience. Useful combo for quick weekday cooking. I am satisfied with the first order.,SYNTHETIC SAMPLE — FICTIONAL REVIEW / NOT A REAL CUSTOMER
Turmeric + Red Chilli,Akash Sethi,Bengaluru,Karnataka,5,"The aroma was noticeable when I opened the pack. Both packs get used regularly in my kitchen. So far, a good experience.",SYNTHETIC SAMPLE — FICTIONAL REVIEW / NOT A REAL CUSTOMER
Turmeric + Red Chilli,Sonam Sen,Ludhiana,Punjab,5,"Tried this after seeing the product online and liked the first experience. A handy pair for everyday sabzi and curry. Overall, happy with the purchase.",SYNTHETIC SAMPLE — FICTIONAL REVIEW / NOT A REAL CUSTOMER
Turmeric + Red Chilli,Rakesh Dutta,Varanasi,Uttar Pradesh,5,Good first impression and the delivery was smooth. A handy pair for everyday sabzi and curry. I would buy it again.,SYNTHETIC SAMPLE — FICTIONAL REVIEW / NOT A REAL CUSTOMER
Turmeric + Red Chilli,Sourav Mukherjee,Kolkata,West Bengal,4,"I liked the freshness more than I expected. A handy pair for everyday sabzi and curry. So far, a good experience.",SYNTHETIC SAMPLE — FICTIONAL REVIEW / NOT A REAL CUSTOMER
Turmeric + Red Chilli,Meena Chopra,Visakhapatnam,Andhra Pradesh,4,"Ordered this recently and the overall quality felt good. A handy pair for everyday sabzi and curry. Overall, happy with the purchase.",SYNTHETIC SAMPLE — FICTIONAL REVIEW / NOT A REAL CUSTOMER
Turmeric + Red Chilli,Gauri Kulkarni,Jodhpur,Rajasthan,5,"I bought this for regular home use and have been using it quite often. A handy pair for everyday sabzi and curry. So far, a good experience.",SYNTHETIC SAMPLE — FICTIONAL REVIEW / NOT A REAL CUSTOMER
Turmeric + Red Chilli,Shivam Pawar,Pune,Maharashtra,5,The pack arrived sealed and in good condition. Both packs get used regularly in my kitchen. I am satisfied with the first order.,SYNTHETIC SAMPLE — FICTIONAL REVIEW / NOT A REAL CUSTOMER
Turmeric + Red Chilli,Karan Roy,Chennai,Tamil Nadu,5,Good first impression and the delivery was smooth. A handy pair for everyday sabzi and curry. No complaints so far.,SYNTHETIC SAMPLE — FICTIONAL REVIEW / NOT A REAL CUSTOMER
Turmeric + Red Chilli,Pooja Chaudhary,Chandigarh,Chandigarh,5,I liked the freshness more than I expected. Both packs get used regularly in my kitchen. Would consider adding it to my next order.,SYNTHETIC SAMPLE — FICTIONAL REVIEW / NOT A REAL CUSTOMER
Turmeric + Red Chilli,Neha Kumar,Jammu,Jammu & Kashmir,4,The packaging was neat and the product looked fresh. A handy pair for everyday sabzi and curry. No complaints so far.,SYNTHETIC SAMPLE — FICTIONAL REVIEW / NOT A REAL CUSTOMER
Turmeric + Red Chilli,Srishti Ghosh,Patna,Bihar,5,I bought this for regular home use and have been using it quite often. A handy pair for everyday sabzi and curry. Would consider adding it to my next order.,SYNTHETIC SAMPLE — FICTIONAL REVIEW / NOT A REAL CUSTOMER
Turmeric + Red Chilli,Pallavi Thakur,Bengaluru,Karnataka,5,The flavour is quite balanced for regular cooking. Both packs get used regularly in my kitchen. I would buy it again.,SYNTHETIC SAMPLE — FICTIONAL REVIEW / NOT A REAL CUSTOMER
Turmeric + Red Chilli,Aditi Iyer,Noida,Uttar Pradesh,5,Ordered this recently and the overall quality felt good. Both packs get used regularly in my kitchen. It has become one of the regular items in my kitchen.,SYNTHETIC SAMPLE — FICTIONAL REVIEW / NOT A REAL CUSTOMER
Turmeric + Red Chilli,Vikas Chopra,Indore,Madhya Pradesh,5,The packaging was neat and the product looked fresh. A handy pair for everyday sabzi and curry. I am satisfied with the first order.,SYNTHETIC SAMPLE — FICTIONAL REVIEW / NOT A REAL CUSTOMER
Turmeric + Red Chilli,Jatin Bisht,Thiruvananthapuram,Kerala,5,"I bought this for regular home use and have been using it quite often. Both packs get used regularly in my kitchen. Overall, happy with the purchase.",SYNTHETIC SAMPLE — FICTIONAL REVIEW / NOT A REAL CUSTOMER
Turmeric + Red Chilli,Arjun Singh,Faridabad,Haryana,5,The flavour is quite balanced for regular cooking. Both packs get used regularly in my kitchen. I am satisfied with the first order.,SYNTHETIC SAMPLE — FICTIONAL REVIEW / NOT A REAL CUSTOMER
Turmeric + Red Chilli,Reena Hegde,Vadodara,Gujarat,5,"The aroma was noticeable when I opened the pack. A handy pair for everyday sabzi and curry. Overall, happy with the purchase.",SYNTHETIC SAMPLE — FICTIONAL REVIEW / NOT A REAL CUSTOMER
Turmeric + Red Chilli,Ankit Agarwal,Mysuru,Karnataka,5,I bought this for regular home use and have been using it quite often. Useful combo for quick weekday cooking. I am satisfied with the first order.,SYNTHETIC SAMPLE — FICTIONAL REVIEW / NOT A REAL CUSTOMER
Turmeric + Red Chilli,Karan Kulkarni,Jalandhar,Punjab,4,I bought this for regular home use and have been using it quite often. A handy pair for everyday sabzi and curry. Good value for regular home use.,SYNTHETIC SAMPLE — FICTIONAL REVIEW / NOT A REAL CUSTOMER
Turmeric + Red Chilli,Nisha Bisht,Dehradun,Uttarakhand,4,"This has been useful for my everyday kitchen routine. Useful combo for quick weekday cooking. Overall, happy with the purchase.",SYNTHETIC SAMPLE — FICTIONAL REVIEW / NOT A REAL CUSTOMER
Turmeric + Red Chilli,Dev Srivastava,Bhubaneswar,Odisha,5,This has been useful for my everyday kitchen routine. Both packs get used regularly in my kitchen. It has become one of the regular items in my kitchen.,SYNTHETIC SAMPLE — FICTIONAL REVIEW / NOT A REAL CUSTOMER
Turmeric + Red Chilli,Bharat Iyer,Goa,Goa,5,Tried this after seeing the product online and liked the first experience. Both packs get used regularly in my kitchen. Would consider adding it to my next order.,SYNTHETIC SAMPLE — FICTIONAL REVIEW / NOT A REAL CUSTOMER
Turmeric + Red Chilli,Sourav Sen,Kota,Rajasthan,5,Tried this after seeing the product online and liked the first experience. A handy pair for everyday sabzi and curry. I am satisfied with the first order.,SYNTHETIC SAMPLE — FICTIONAL REVIEW / NOT A REAL CUSTOMER
Turmeric + Red Chilli,Jatin Rao,Nagpur,Maharashtra,4,"The packaging was neat and the product looked fresh. A handy pair for everyday sabzi and curry. So far, a good experience.",SYNTHETIC SAMPLE — FICTIONAL REVIEW / NOT A REAL CUSTOMER
Turmeric + Red Chilli,Rahul Chopra,Coimbatore,Tamil Nadu,4,I bought this for regular home use and have been using it quite often. Both packs get used regularly in my kitchen. I would buy it again.,SYNTHETIC SAMPLE — FICTIONAL REVIEW / NOT A REAL CUSTOMER
Turmeric + Red Chilli,Sana Nair,New Delhi,Delhi,5,I liked the freshness more than I expected. A handy pair for everyday sabzi and curry. Would consider adding it to my next order.,SYNTHETIC SAMPLE — FICTIONAL REVIEW / NOT A REAL CUSTOMER
Turmeric + Red Chilli,Rohit Bhattacharya,Ahmedabad,Gujarat,5,Good first impression and the delivery was smooth. Useful combo for quick weekday cooking. I would buy it again.,SYNTHETIC SAMPLE — FICTIONAL REVIEW / NOT A REAL CUSTOMER
Rakhi Special Combo,Ravi Deshmukh,Shimla,Himachal Pradesh,4,I liked the freshness more than I expected. A useful festive combo rather than a gift that just sits on a shelf. Would consider adding it to my next order.,SYNTHETIC SAMPLE — FICTIONAL REVIEW / NOT A REAL CUSTOMER
Rakhi Special Combo,Rakesh Naik,Ranchi,Jharkhand,5,"This has been useful for my everyday kitchen routine. The selection felt practical for a family that cooks regularly. Overall, happy with the purchase.",SYNTHETIC SAMPLE — FICTIONAL REVIEW / NOT A REAL CUSTOMER
Rakhi Special Combo,Rahul Bansal,Raipur,Chhattisgarh,5,"The aroma was noticeable when I opened the pack. Bought the combo as a gift and the presentation was nice. So far, a good experience.",SYNTHETIC SAMPLE — FICTIONAL REVIEW / NOT A REAL CUSTOMER
Rakhi Special Combo,Monika Singh,Lucknow,Uttar Pradesh,5,This has been useful for my everyday kitchen routine. Bought the combo as a gift and the presentation was nice. No complaints so far.,SYNTHETIC SAMPLE — FICTIONAL REVIEW / NOT A REAL CUSTOMER
Rakhi Special Combo,Shalini Singh,Nashik,Maharashtra,5,Tried this after seeing the product online and liked the first experience. A useful festive combo rather than a gift that just sits on a shelf. No complaints so far.,SYNTHETIC SAMPLE — FICTIONAL REVIEW / NOT A REAL CUSTOMER
Rakhi Special Combo,Anjali Deshmukh,Kochi,Kerala,5,"Tried this after seeing the product online and liked the first experience. Nice option for gifting during the festive season. Overall, happy with the purchase.",SYNTHETIC SAMPLE — FICTIONAL REVIEW / NOT A REAL CUSTOMER
Rakhi Special Combo,Sunil Verma,Gurugram,Haryana,5,The pack arrived sealed and in good condition. The selection felt practical for a family that cooks regularly. Would consider adding it to my next order.,SYNTHETIC SAMPLE — FICTIONAL REVIEW / NOT A REAL CUSTOMER
Rakhi Special Combo,Deepak Ghosh,Surat,Gujarat,5,I liked the freshness more than I expected. A useful festive combo rather than a gift that just sits on a shelf. Good value for regular home use.,SYNTHETIC SAMPLE — FICTIONAL REVIEW / NOT A REAL CUSTOMER
Rakhi Special Combo,Mohit Jain,Bengaluru,Karnataka,4,"The pack arrived sealed and in good condition. The selection felt practical for a family that cooks regularly. So far, a good experience.",SYNTHETIC SAMPLE — FICTIONAL REVIEW / NOT A REAL CUSTOMER
Rakhi Special Combo,Bhavna Sodhi,Ludhiana,Punjab,4,This has been useful for my everyday kitchen routine. A useful festive combo rather than a gift that just sits on a shelf. No complaints so far.,SYNTHETIC SAMPLE — FICTIONAL REVIEW / NOT A REAL CUSTOMER
Rakhi Special Combo,Rashi Dhillon,Varanasi,Uttar Pradesh,5,"I bought this for regular home use and have been using it quite often. A useful festive combo rather than a gift that just sits on a shelf. So far, a good experience.",SYNTHETIC SAMPLE — FICTIONAL REVIEW / NOT A REAL CUSTOMER
Rakhi Special Combo,Ananya Rawat,Kolkata,West Bengal,5,The aroma was noticeable when I opened the pack. The selection felt practical for a family that cooks regularly. Good value for regular home use.,SYNTHETIC SAMPLE — FICTIONAL REVIEW / NOT A REAL CUSTOMER
Rakhi Special Combo,Rakesh Sharma,Visakhapatnam,Andhra Pradesh,5,The packaging was neat and the product looked fresh. Bought the combo as a gift and the presentation was nice. No complaints so far.,SYNTHETIC SAMPLE — FICTIONAL REVIEW / NOT A REAL CUSTOMER
Rakhi Special Combo,Harpreet Reddy,Jodhpur,Rajasthan,5,This has been useful for my everyday kitchen routine. A useful festive combo rather than a gift that just sits on a shelf. I am satisfied with the first order.,SYNTHETIC SAMPLE — FICTIONAL REVIEW / NOT A REAL CUSTOMER
Rakhi Special Combo,Manish Sen,Pune,Maharashtra,5,Ordered this recently and the overall quality felt good. A useful festive combo rather than a gift that just sits on a shelf. I am satisfied with the first order.,SYNTHETIC SAMPLE — FICTIONAL REVIEW / NOT A REAL CUSTOMER
Rakhi Special Combo,Rhea Bisht,Chennai,Tamil Nadu,5,This has been useful for my everyday kitchen routine. The selection felt practical for a family that cooks regularly. Would consider adding it to my next order.,SYNTHETIC SAMPLE — FICTIONAL REVIEW / NOT A REAL CUSTOMER
Rakhi Special Combo,Rashi Das,Chandigarh,Chandigarh,5,The packaging was neat and the product looked fresh. The selection felt practical for a family that cooks regularly. No complaints so far.,SYNTHETIC SAMPLE — FICTIONAL REVIEW / NOT A REAL CUSTOMER
Rakhi Special Combo,Bharat Dutta,Jammu,Jammu & Kashmir,5,Ordered this recently and the overall quality felt good. Nice option for gifting during the festive season. Would consider adding it to my next order.,SYNTHETIC SAMPLE — FICTIONAL REVIEW / NOT A REAL CUSTOMER
Rakhi Special Combo,Swati Bansal,Patna,Bihar,5,The pack arrived sealed and in good condition. A useful festive combo rather than a gift that just sits on a shelf. It has become one of the regular items in my kitchen.,SYNTHETIC SAMPLE — FICTIONAL REVIEW / NOT A REAL CUSTOMER
Rakhi Special Combo,Sanjana Gupta,Bengaluru,Karnataka,5,Ordered this recently and the overall quality felt good. A useful festive combo rather than a gift that just sits on a shelf. It has become one of the regular items in my kitchen.,SYNTHETIC SAMPLE — FICTIONAL REVIEW / NOT A REAL CUSTOMER
Rakhi Special Combo,Bharat Chatterjee,Noida,Uttar Pradesh,5,The aroma was noticeable when I opened the pack. The selection felt practical for a family that cooks regularly. Good value for regular home use.,SYNTHETIC SAMPLE — FICTIONAL REVIEW / NOT A REAL CUSTOMER
Rakhi Special Combo,Deepika Malhotra,Indore,Madhya Pradesh,5,The pack arrived sealed and in good condition. A useful festive combo rather than a gift that just sits on a shelf. No complaints so far.,SYNTHETIC SAMPLE — FICTIONAL REVIEW / NOT A REAL CUSTOMER
Rakhi Special Combo,Rahul Jain,Thiruvananthapuram,Kerala,5,This has been useful for my everyday kitchen routine. Nice option for gifting during the festive season. No complaints so far.,SYNTHETIC SAMPLE — FICTIONAL REVIEW / NOT A REAL CUSTOMER
Rakhi Special Combo,Rashi Pillai,Faridabad,Haryana,5,The packaging was neat and the product looked fresh. Nice option for gifting during the festive season. Would consider adding it to my next order.,SYNTHETIC SAMPLE — FICTIONAL REVIEW / NOT A REAL CUSTOMER
Rakhi Special Combo,Yash Mishra,Vadodara,Gujarat,3,The pack arrived sealed and in good condition. Bought the combo as a gift and the presentation was nice. I am satisfied with the first order.,SYNTHETIC SAMPLE — FICTIONAL REVIEW / NOT A REAL CUSTOMER
Rakhi Special Combo,Pankaj Singh,Mysuru,Karnataka,5,I bought this for regular home use and have been using it quite often. Bought the combo as a gift and the presentation was nice. I would buy it again.,SYNTHETIC SAMPLE — FICTIONAL REVIEW / NOT A REAL CUSTOMER
Rakhi Special Combo,Aditya Thakur,Jalandhar,Punjab,5,I bought this for regular home use and have been using it quite often. A useful festive combo rather than a gift that just sits on a shelf. I would buy it again.,SYNTHETIC SAMPLE — FICTIONAL REVIEW / NOT A REAL CUSTOMER
Rakhi Special Combo,Anil Nair,Dehradun,Uttarakhand,5,I liked the freshness more than I expected. Bought the combo as a gift and the presentation was nice. Good value for regular home use.,SYNTHETIC SAMPLE — FICTIONAL REVIEW / NOT A REAL CUSTOMER
Rakhi Special Combo,Karan Gupta,Bhubaneswar,Odisha,5,The aroma was noticeable when I opened the pack. Nice option for gifting during the festive season. It has become one of the regular items in my kitchen.,SYNTHETIC SAMPLE — FICTIONAL REVIEW / NOT A REAL CUSTOMER
Rakhi Special Combo,Anjali Reddy,Goa,Goa,5,Good first impression and the delivery was smooth. A useful festive combo rather than a gift that just sits on a shelf. Good value for regular home use.,SYNTHETIC SAMPLE — FICTIONAL REVIEW / NOT A REAL CUSTOMER
Rakhi Special Combo,Anil Deshmukh,Kota,Rajasthan,4,"The aroma was noticeable when I opened the pack. The selection felt practical for a family that cooks regularly. So far, a good experience.",SYNTHETIC SAMPLE — FICTIONAL REVIEW / NOT A REAL CUSTOMER
Rakhi Special Combo,Rashi Rawat,Nagpur,Maharashtra,5,I liked the freshness more than I expected. A useful festive combo rather than a gift that just sits on a shelf. I am satisfied with the first order.,SYNTHETIC SAMPLE — FICTIONAL REVIEW / NOT A REAL CUSTOMER
Rakhi Special Combo,Aditya Rao,Coimbatore,Tamil Nadu,5,The flavour is quite balanced for regular cooking. A useful festive combo rather than a gift that just sits on a shelf. I am satisfied with the first order.,SYNTHETIC SAMPLE — FICTIONAL REVIEW / NOT A REAL CUSTOMER
Rakhi Special Combo,Harish Gupta,New Delhi,Delhi,5,"This has been useful for my everyday kitchen routine. The selection felt practical for a family that cooks regularly. So far, a good experience.",SYNTHETIC SAMPLE — FICTIONAL REVIEW / NOT A REAL CUSTOMER
Rakhi Special Combo,Sourav Jain,Ahmedabad,Gujarat,5,Ordered this recently and the overall quality felt good. The selection felt practical for a family that cooks regularly. I would buy it again.,SYNTHETIC SAMPLE — FICTIONAL REVIEW / NOT A REAL CUSTOMER
Rakhi Special Combo,Rahul Ghosh,Guwahati,Assam,5,"The flavour is quite balanced for regular cooking. A useful festive combo rather than a gift that just sits on a shelf. So far, a good experience.",SYNTHETIC SAMPLE — FICTIONAL REVIEW / NOT A REAL CUSTOMER
Rakhi Special Combo,Ravi Reddy,Amritsar,Punjab,5,The pack arrived sealed and in good condition. A useful festive combo rather than a gift that just sits on a shelf. No complaints so far.,SYNTHETIC SAMPLE — FICTIONAL REVIEW / NOT A REAL CUSTOMER
Rakhi Special Combo,Rashi Mehta,Kanpur,Uttar Pradesh,5,Good first impression and the delivery was smooth. A useful festive combo rather than a gift that just sits on a shelf. No complaints so far.,SYNTHETIC SAMPLE — FICTIONAL REVIEW / NOT A REAL CUSTOMER
Rakhi Special Combo,Nisha Iyer,Bhopal,Madhya Pradesh,5,"I liked the freshness more than I expected. Bought the combo as a gift and the presentation was nice. So far, a good experience.",SYNTHETIC SAMPLE — FICTIONAL REVIEW / NOT A REAL CUSTOMER
Rakhi Special Combo,Arjun Khanna,Vijayawada,Andhra Pradesh,5,"Ordered this recently and the overall quality felt good. Bought the combo as a gift and the presentation was nice. So far, a good experience.",SYNTHETIC SAMPLE — FICTIONAL REVIEW / NOT A REAL CUSTOMER
Rakhi Special Combo,Deepika Shah,Jaipur,Rajasthan,3,"I liked the freshness more than I expected. Bought the combo as a gift and the presentation was nice. So far, a good experience.",SYNTHETIC SAMPLE — FICTIONAL REVIEW / NOT A REAL CUSTOMER
Rakhi Special Combo,Amrita Yadav,Mumbai,Maharashtra,5,"This has been useful for my everyday kitchen routine. A useful festive combo rather than a gift that just sits on a shelf. Overall, happy with the purchase.",SYNTHETIC SAMPLE — FICTIONAL REVIEW / NOT A REAL CUSTOMER
Rakhi Special Combo,Ananya Tiwari,Hyderabad,Telangana,5,This has been useful for my everyday kitchen routine. A useful festive combo rather than a gift that just sits on a shelf. I am satisfied with the first order.,SYNTHETIC SAMPLE — FICTIONAL REVIEW / NOT A REAL CUSTOMER
Rakhi Special Combo,Kavita Agarwal,Patiala,Punjab,5,Tried this after seeing the product online and liked the first experience. The selection felt practical for a family that cooks regularly. Would consider adding it to my next order.,SYNTHETIC SAMPLE — FICTIONAL REVIEW / NOT A REAL CUSTOMER
Rakhi Special Combo,Rhea Sodhi,Shimla,Himachal Pradesh,5,Tried this after seeing the product online and liked the first experience. The selection felt practical for a family that cooks regularly. No complaints so far.,SYNTHETIC SAMPLE — FICTIONAL REVIEW / NOT A REAL CUSTOMER
Rakhi Special Combo,Sourav Mishra,Ranchi,Jharkhand,5,I liked the freshness more than I expected. A useful festive combo rather than a gift that just sits on a shelf. No complaints so far.,SYNTHETIC SAMPLE — FICTIONAL REVIEW / NOT A REAL CUSTOMER
Rakhi Special Combo,Saurabh Mishra,Raipur,Chhattisgarh,5,Tried this after seeing the product online and liked the first experience. A useful festive combo rather than a gift that just sits on a shelf. Good value for regular home use.,SYNTHETIC SAMPLE — FICTIONAL REVIEW / NOT A REAL CUSTOMER
Rakhi Special Combo,Simran Shetty,Lucknow,Uttar Pradesh,4,"The packaging was neat and the product looked fresh. Nice option for gifting during the festive season. Overall, happy with the purchase.",SYNTHETIC SAMPLE — FICTIONAL REVIEW / NOT A REAL CUSTOMER
Rakhi Special Combo,Rakesh Gill,Nashik,Maharashtra,5,"Ordered this recently and the overall quality felt good. Nice option for gifting during the festive season. Overall, happy with the purchase.",SYNTHETIC SAMPLE — FICTIONAL REVIEW / NOT A REAL CUSTOMER
Rakhi Special Combo,Monika Sen,Kochi,Kerala,4,"Good first impression and the delivery was smooth. A useful festive combo rather than a gift that just sits on a shelf. Overall, happy with the purchase.",SYNTHETIC SAMPLE — FICTIONAL REVIEW / NOT A REAL CUSTOMER
Rakhi Special Combo,Sameer Khanna,Gurugram,Haryana,5,I liked the freshness more than I expected. The selection felt practical for a family that cooks regularly. It has become one of the regular items in my kitchen.,SYNTHETIC SAMPLE — FICTIONAL REVIEW / NOT A REAL CUSTOMER
Rakhi Special Combo,Tanya Srivastava,Surat,Gujarat,5,Tried this after seeing the product online and liked the first experience. Bought the combo as a gift and the presentation was nice. I would buy it again.,SYNTHETIC SAMPLE — FICTIONAL REVIEW / NOT A REAL CUSTOMER
Rakhi Special Combo,Mohit Chaudhary,Bengaluru,Karnataka,3,"The flavour is quite balanced for regular cooking. Bought the combo as a gift and the presentation was nice. So far, a good experience.",SYNTHETIC SAMPLE — FICTIONAL REVIEW / NOT A REAL CUSTOMER
Rakhi Special Combo,Karan Yadav,Ludhiana,Punjab,5,"I liked the freshness more than I expected. Bought the combo as a gift and the presentation was nice. Overall, happy with the purchase.",SYNTHETIC SAMPLE — FICTIONAL REVIEW / NOT A REAL CUSTOMER
Rakhi Special Combo,Naveen Dutta,Varanasi,Uttar Pradesh,5,"The packaging was neat and the product looked fresh. Nice option for gifting during the festive season. Overall, happy with the purchase.",SYNTHETIC SAMPLE — FICTIONAL REVIEW / NOT A REAL CUSTOMER
Rakhi Special Combo,Nikhil Gupta,Kolkata,West Bengal,5,"Good first impression and the delivery was smooth. Bought the combo as a gift and the presentation was nice. Overall, happy with the purchase.",SYNTHETIC SAMPLE — FICTIONAL REVIEW / NOT A REAL CUSTOMER
Rakhi Special Combo,Rohit Banerjee,Visakhapatnam,Andhra Pradesh,5,I bought this for regular home use and have been using it quite often. Nice option for gifting during the festive season. I would buy it again.,SYNTHETIC SAMPLE — FICTIONAL REVIEW / NOT A REAL CUSTOMER
Rakhi Special Combo,Sanjay Yadav,Jodhpur,Rajasthan,5,Good first impression and the delivery was smooth. Bought the combo as a gift and the presentation was nice. I would buy it again.,SYNTHETIC SAMPLE — FICTIONAL REVIEW / NOT A REAL CUSTOMER
Rakhi Special Combo,Sakshi Chopra,Pune,Maharashtra,5,"I liked the freshness more than I expected. The selection felt practical for a family that cooks regularly. Overall, happy with the purchase.",SYNTHETIC SAMPLE — FICTIONAL REVIEW / NOT A REAL CUSTOMER
Rakhi Special Combo,Sneha Chatterjee,Chennai,Tamil Nadu,4,"This has been useful for my everyday kitchen routine. Bought the combo as a gift and the presentation was nice. So far, a good experience.",SYNTHETIC SAMPLE — FICTIONAL REVIEW / NOT A REAL CUSTOMER
Rakhi Special Combo,Jatin Kaur,Chandigarh,Chandigarh,5,I liked the freshness more than I expected. Nice option for gifting during the festive season. It has become one of the regular items in my kitchen.,SYNTHETIC SAMPLE — FICTIONAL REVIEW / NOT A REAL CUSTOMER
Black Pepper + Garam Masala + Coriander,Shivam Tiwari,Mumbai,Maharashtra,5,"The pack arrived sealed and in good condition. I have used the combo for paneer, rajma and mixed vegetables. So far, a good experience.",SYNTHETIC SAMPLE — FICTIONAL REVIEW / NOT A REAL CUSTOMER
Black Pepper + Garam Masala + Coriander,Sunil Menon,Hyderabad,Telangana,5,The flavour is quite balanced for regular cooking. The three flavours work well together in gravies and marinades. Good value for regular home use.,SYNTHETIC SAMPLE — FICTIONAL REVIEW / NOT A REAL CUSTOMER
Black Pepper + Garam Masala + Coriander,Deepika Pillai,Patiala,Punjab,5,"This has been useful for my everyday kitchen routine. A convenient three-spice combo for everyday curries. Overall, happy with the purchase.",SYNTHETIC SAMPLE — FICTIONAL REVIEW / NOT A REAL CUSTOMER
Black Pepper + Garam Masala + Coriander,Pradeep Bisht,Shimla,Himachal Pradesh,5,"Ordered this recently and the overall quality felt good. I have used the combo for paneer, rajma and mixed vegetables. I would buy it again.",SYNTHETIC SAMPLE — FICTIONAL REVIEW / NOT A REAL CUSTOMER
Black Pepper + Garam Masala + Coriander,Raj Sharma,Ranchi,Jharkhand,5,"The pack arrived sealed and in good condition. I have used the combo for paneer, rajma and mixed vegetables. No complaints so far.",SYNTHETIC SAMPLE — FICTIONAL REVIEW / NOT A REAL CUSTOMER
Black Pepper + Garam Masala + Coriander,Sonam Gupta,Raipur,Chhattisgarh,5,I bought this for regular home use and have been using it quite often. Good set for keeping the basic masalas together. It has become one of the regular items in my kitchen.,SYNTHETIC SAMPLE — FICTIONAL REVIEW / NOT A REAL CUSTOMER
Black Pepper + Garam Masala + Coriander,Sakshi Patil,Lucknow,Uttar Pradesh,5,The packaging was neat and the product looked fresh. The three flavours work well together in gravies and marinades. It has become one of the regular items in my kitchen.,SYNTHETIC SAMPLE — FICTIONAL REVIEW / NOT A REAL CUSTOMER
Black Pepper + Garam Masala + Coriander,Neha Sharma,Nashik,Maharashtra,5,"The packaging was neat and the product looked fresh. The three flavours work well together in gravies and marinades. Overall, happy with the purchase.",SYNTHETIC SAMPLE — FICTIONAL REVIEW / NOT A REAL CUSTOMER
Black Pepper + Garam Masala + Coriander,Nisha Sen,Kochi,Kerala,5,"The flavour is quite balanced for regular cooking. A convenient three-spice combo for everyday curries. So far, a good experience.",SYNTHETIC SAMPLE — FICTIONAL REVIEW / NOT A REAL CUSTOMER
Black Pepper + Garam Masala + Coriander,Neha Pandey,Gurugram,Haryana,3,The aroma was noticeable when I opened the pack. The three flavours work well together in gravies and marinades. Good value for regular home use.,SYNTHETIC SAMPLE — FICTIONAL REVIEW / NOT A REAL CUSTOMER
Black Pepper + Garam Masala + Coriander,Kavita Pandey,Surat,Gujarat,5,The packaging was neat and the product looked fresh. The three flavours work well together in gravies and marinades. I am satisfied with the first order.,SYNTHETIC SAMPLE — FICTIONAL REVIEW / NOT A REAL CUSTOMER
Black Pepper + Garam Masala + Coriander,Nisha Bhattacharya,Bengaluru,Karnataka,5,"The flavour is quite balanced for regular cooking. I have used the combo for paneer, rajma and mixed vegetables. Good value for regular home use.",SYNTHETIC SAMPLE — FICTIONAL REVIEW / NOT A REAL CUSTOMER
Black Pepper + Garam Masala + Coriander,Sanjana Verma,Ludhiana,Punjab,5,"The aroma was noticeable when I opened the pack. Good set for keeping the basic masalas together. Overall, happy with the purchase.",SYNTHETIC SAMPLE — FICTIONAL REVIEW / NOT A REAL CUSTOMER
Black Pepper + Garam Masala + Coriander,Vinay Srivastava,Varanasi,Uttar Pradesh,5,"The packaging was neat and the product looked fresh. I have used the combo for paneer, rajma and mixed vegetables. Good value for regular home use.",SYNTHETIC SAMPLE — FICTIONAL REVIEW / NOT A REAL CUSTOMER
Black Pepper + Garam Masala + Coriander,Tanya Sharma,Kolkata,West Bengal,5,This has been useful for my everyday kitchen routine. A convenient three-spice combo for everyday curries. I am satisfied with the first order.,SYNTHETIC SAMPLE — FICTIONAL REVIEW / NOT A REAL CUSTOMER
Black Pepper + Garam Masala + Coriander,Rhea Naik,Visakhapatnam,Andhra Pradesh,5,This has been useful for my everyday kitchen routine. The three flavours work well together in gravies and marinades. I would buy it again.,SYNTHETIC SAMPLE — FICTIONAL REVIEW / NOT A REAL CUSTOMER
Black Pepper + Garam Masala + Coriander,Rishi Mukherjee,Jodhpur,Rajasthan,5,Ordered this recently and the overall quality felt good. A convenient three-spice combo for everyday curries. Good value for regular home use.,SYNTHETIC SAMPLE — FICTIONAL REVIEW / NOT A REAL CUSTOMER
Black Pepper + Garam Masala + Coriander,Pradeep Dutta,Pune,Maharashtra,5,"This has been useful for my everyday kitchen routine. Good set for keeping the basic masalas together. Overall, happy with the purchase.",SYNTHETIC SAMPLE — FICTIONAL REVIEW / NOT A REAL CUSTOMER
Black Pepper + Garam Masala + Coriander,Ankit Gupta,Chennai,Tamil Nadu,5,"The packaging was neat and the product looked fresh. I have used the combo for paneer, rajma and mixed vegetables. I am satisfied with the first order.",SYNTHETIC SAMPLE — FICTIONAL REVIEW / NOT A REAL CUSTOMER
Black Pepper + Garam Masala + Coriander,Ankit Patil,Chandigarh,Chandigarh,5,I bought this for regular home use and have been using it quite often. The three flavours work well together in gravies and marinades. It has become one of the regular items in my kitchen.,SYNTHETIC SAMPLE — FICTIONAL REVIEW / NOT A REAL CUSTOMER
Black Pepper + Garam Masala + Coriander,Aditi Agarwal,Jammu,Jammu & Kashmir,5,Ordered this recently and the overall quality felt good. The three flavours work well together in gravies and marinades. I am satisfied with the first order.,SYNTHETIC SAMPLE — FICTIONAL REVIEW / NOT A REAL CUSTOMER
Black Pepper + Garam Masala + Coriander,Naveen Banerjee,Patna,Bihar,3,"This has been useful for my everyday kitchen routine. I have used the combo for paneer, rajma and mixed vegetables. No complaints so far.",SYNTHETIC SAMPLE — FICTIONAL REVIEW / NOT A REAL CUSTOMER
Black Pepper + Garam Masala + Coriander,Rohit Bisht,Bengaluru,Karnataka,5,Ordered this recently and the overall quality felt good. A convenient three-spice combo for everyday curries. No complaints so far.,SYNTHETIC SAMPLE — FICTIONAL REVIEW / NOT A REAL CUSTOMER
Black Pepper + Garam Masala + Coriander,Tarun Kaur,Noida,Uttar Pradesh,5,"I liked the freshness more than I expected. I have used the combo for paneer, rajma and mixed vegetables. No complaints so far.",SYNTHETIC SAMPLE — FICTIONAL REVIEW / NOT A REAL CUSTOMER
Black Pepper + Garam Masala + Coriander,Zoya Rawat,Indore,Madhya Pradesh,5,Tried this after seeing the product online and liked the first experience. The three flavours work well together in gravies and marinades. It has become one of the regular items in my kitchen.,SYNTHETIC SAMPLE — FICTIONAL REVIEW / NOT A REAL CUSTOMER
Black Pepper + Garam Masala + Coriander,Saurabh Jain,Thiruvananthapuram,Kerala,5,"I bought this for regular home use and have been using it quite often. I have used the combo for paneer, rajma and mixed vegetables. It has become one of the regular items in my kitchen.",SYNTHETIC SAMPLE — FICTIONAL REVIEW / NOT A REAL CUSTOMER
Black Pepper + Garam Masala + Coriander,Rhea Patel,Faridabad,Haryana,4,"The aroma was noticeable when I opened the pack. The three flavours work well together in gravies and marinades. Overall, happy with the purchase.",SYNTHETIC SAMPLE — FICTIONAL REVIEW / NOT A REAL CUSTOMER
Black Pepper + Garam Masala + Coriander,Sourav Mehta,Vadodara,Gujarat,5,Tried this after seeing the product online and liked the first experience. Good set for keeping the basic masalas together. Good value for regular home use.,SYNTHETIC SAMPLE — FICTIONAL REVIEW / NOT A REAL CUSTOMER
Black Pepper + Garam Masala + Coriander,Arpita Kumar,Mysuru,Karnataka,5,The aroma was noticeable when I opened the pack. Good set for keeping the basic masalas together. I am satisfied with the first order.,SYNTHETIC SAMPLE — FICTIONAL REVIEW / NOT A REAL CUSTOMER
Black Pepper + Garam Masala + Coriander,Aishwarya Singh,Jalandhar,Punjab,5,"Good first impression and the delivery was smooth. I have used the combo for paneer, rajma and mixed vegetables. It has become one of the regular items in my kitchen.",SYNTHETIC SAMPLE — FICTIONAL REVIEW / NOT A REAL CUSTOMER
Black Pepper + Garam Masala + Coriander,Mohit Singh,Dehradun,Uttarakhand,5,Good first impression and the delivery was smooth. A convenient three-spice combo for everyday curries. Good value for regular home use.,SYNTHETIC SAMPLE — FICTIONAL REVIEW / NOT A REAL CUSTOMER
Black Pepper + Garam Masala + Coriander,Pallavi Kapoor,Bhubaneswar,Odisha,5,"The pack arrived sealed and in good condition. The three flavours work well together in gravies and marinades. So far, a good experience.",SYNTHETIC SAMPLE — FICTIONAL REVIEW / NOT A REAL CUSTOMER
Black Pepper + Garam Masala + Coriander,Gaurav Kaur,Goa,Goa,5,"The packaging was neat and the product looked fresh. Good set for keeping the basic masalas together. So far, a good experience.",SYNTHETIC SAMPLE — FICTIONAL REVIEW / NOT A REAL CUSTOMER
Black Pepper + Garam Masala + Coriander,Dev Bansal,Kota,Rajasthan,5,"The aroma was noticeable when I opened the pack. I have used the combo for paneer, rajma and mixed vegetables. I am satisfied with the first order.",SYNTHETIC SAMPLE — FICTIONAL REVIEW / NOT A REAL CUSTOMER
Black Pepper + Garam Masala + Coriander,Pooja Reddy,Nagpur,Maharashtra,5,The aroma was noticeable when I opened the pack. A convenient three-spice combo for everyday curries. Good value for regular home use.,SYNTHETIC SAMPLE — FICTIONAL REVIEW / NOT A REAL CUSTOMER
Black Pepper + Garam Masala + Coriander,Mohit Reddy,Coimbatore,Tamil Nadu,5,Tried this after seeing the product online and liked the first experience. Good set for keeping the basic masalas together. Good value for regular home use.,SYNTHETIC SAMPLE — FICTIONAL REVIEW / NOT A REAL CUSTOMER
Black Pepper + Garam Masala + Coriander,Bhavna Das,New Delhi,Delhi,5,"The aroma was noticeable when I opened the pack. A convenient three-spice combo for everyday curries. Overall, happy with the purchase.",SYNTHETIC SAMPLE — FICTIONAL REVIEW / NOT A REAL CUSTOMER
Black Pepper + Garam Masala + Coriander,Saurabh Oberoi,Ahmedabad,Gujarat,5,The packaging was neat and the product looked fresh. Good set for keeping the basic masalas together. No complaints so far.,SYNTHETIC SAMPLE — FICTIONAL REVIEW / NOT A REAL CUSTOMER
Black Pepper + Garam Masala + Coriander,Reena Sethi,Guwahati,Assam,5,I bought this for regular home use and have been using it quite often. Good set for keeping the basic masalas together. I am satisfied with the first order.,SYNTHETIC SAMPLE — FICTIONAL REVIEW / NOT A REAL CUSTOMER
Black Pepper + Garam Masala + Coriander,Karan Iyer,Amritsar,Punjab,5,I bought this for regular home use and have been using it quite often. Good set for keeping the basic masalas together. Would consider adding it to my next order.,SYNTHETIC SAMPLE — FICTIONAL REVIEW / NOT A REAL CUSTOMER
Black Pepper + Garam Masala + Coriander,Zoya Thakur,Kanpur,Uttar Pradesh,5,The flavour is quite balanced for regular cooking. Good set for keeping the basic masalas together. I would buy it again.,SYNTHETIC SAMPLE — FICTIONAL REVIEW / NOT A REAL CUSTOMER
Black Pepper + Garam Masala + Coriander,Ravi Dhillon,Bhopal,Madhya Pradesh,4,Good first impression and the delivery was smooth. The three flavours work well together in gravies and marinades. Would consider adding it to my next order.,SYNTHETIC SAMPLE — FICTIONAL REVIEW / NOT A REAL CUSTOMER
Black Pepper + Garam Masala + Coriander,Sneha Kapoor,Vijayawada,Andhra Pradesh,5,"Tried this after seeing the product online and liked the first experience. I have used the combo for paneer, rajma and mixed vegetables. Good value for regular home use.",SYNTHETIC SAMPLE — FICTIONAL REVIEW / NOT A REAL CUSTOMER
Black Pepper + Garam Masala + Coriander,Meena Shetty,Jaipur,Rajasthan,5,Ordered this recently and the overall quality felt good. Good set for keeping the basic masalas together. Good value for regular home use.,SYNTHETIC SAMPLE — FICTIONAL REVIEW / NOT A REAL CUSTOMER
Black Pepper + Garam Masala + Coriander,Jatin Das,Mumbai,Maharashtra,5,"Good first impression and the delivery was smooth. I have used the combo for paneer, rajma and mixed vegetables. So far, a good experience.",SYNTHETIC SAMPLE — FICTIONAL REVIEW / NOT A REAL CUSTOMER
Black Pepper + Garam Masala + Coriander,Sunil Sandhu,Hyderabad,Telangana,4,"Tried this after seeing the product online and liked the first experience. A convenient three-spice combo for everyday curries. Overall, happy with the purchase.",SYNTHETIC SAMPLE — FICTIONAL REVIEW / NOT A REAL CUSTOMER
Black Pepper + Garam Masala + Coriander,Naveen Chaudhary,Patiala,Punjab,5,The flavour is quite balanced for regular cooking. A convenient three-spice combo for everyday curries. It has become one of the regular items in my kitchen.,SYNTHETIC SAMPLE — FICTIONAL REVIEW / NOT A REAL CUSTOMER
Black Pepper + Garam Masala + Coriander,Akash Sharma,Shimla,Himachal Pradesh,5,"Tried this after seeing the product online and liked the first experience. I have used the combo for paneer, rajma and mixed vegetables. I am satisfied with the first order.",SYNTHETIC SAMPLE — FICTIONAL REVIEW / NOT A REAL CUSTOMER
Black Pepper + Garam Masala + Coriander,Sanjay Kaur,Ranchi,Jharkhand,5,The flavour is quite balanced for regular cooking. A convenient three-spice combo for everyday curries. Would consider adding it to my next order.,SYNTHETIC SAMPLE — FICTIONAL REVIEW / NOT A REAL CUSTOMER
Black Pepper + Garam Masala + Coriander,Rajat Dutta,Raipur,Chhattisgarh,5,This has been useful for my everyday kitchen routine. A convenient three-spice combo for everyday curries. It has become one of the regular items in my kitchen.,SYNTHETIC SAMPLE — FICTIONAL REVIEW / NOT A REAL CUSTOMER
Black Pepper + Garam Masala + Coriander,Arjun Sharma,Lucknow,Uttar Pradesh,5,This has been useful for my everyday kitchen routine. A convenient three-spice combo for everyday curries. It has become one of the regular items in my kitchen.,SYNTHETIC SAMPLE — FICTIONAL REVIEW / NOT A REAL CUSTOMER
Black Pepper + Garam Masala + Coriander,Vinay Arora,Nashik,Maharashtra,5,The packaging was neat and the product looked fresh. A convenient three-spice combo for everyday curries. Would consider adding it to my next order.,SYNTHETIC SAMPLE — FICTIONAL REVIEW / NOT A REAL CUSTOMER
Black Pepper + Garam Masala + Coriander,Aishwarya Bansal,Kochi,Kerala,5,"The packaging was neat and the product looked fresh. A convenient three-spice combo for everyday curries. Overall, happy with the purchase.",SYNTHETIC SAMPLE — FICTIONAL REVIEW / NOT A REAL CUSTOMER
Black Pepper + Garam Masala + Coriander,Sonam Sandhu,Gurugram,Haryana,5,This has been useful for my everyday kitchen routine. The three flavours work well together in gravies and marinades. It has become one of the regular items in my kitchen.,SYNTHETIC SAMPLE — FICTIONAL REVIEW / NOT A REAL CUSTOMER
Black Pepper + Garam Masala + Coriander,Shivam Bisht,Surat,Gujarat,5,The flavour is quite balanced for regular cooking. A convenient three-spice combo for everyday curries. No complaints so far.,SYNTHETIC SAMPLE — FICTIONAL REVIEW / NOT A REAL CUSTOMER
Black Pepper + Garam Masala + Coriander,Arpita Pillai,Bengaluru,Karnataka,5,"I bought this for regular home use and have been using it quite often. I have used the combo for paneer, rajma and mixed vegetables. Good value for regular home use.",SYNTHETIC SAMPLE — FICTIONAL REVIEW / NOT A REAL CUSTOMER
Black Pepper + Garam Masala + Coriander,Chetan Verma,Ludhiana,Punjab,5,"I liked the freshness more than I expected. Good set for keeping the basic masalas together. So far, a good experience.",SYNTHETIC SAMPLE — FICTIONAL REVIEW / NOT A REAL CUSTOMER
Black Pepper + Garam Masala + Coriander,Srishti Kulkarni,Varanasi,Uttar Pradesh,4,Good first impression and the delivery was smooth. The three flavours work well together in gravies and marinades. Would consider adding it to my next order.,SYNTHETIC SAMPLE — FICTIONAL REVIEW / NOT A REAL CUSTOMER
Black Pepper + Garam Masala + Coriander,Naveen Naik,Kolkata,West Bengal,5,"Good first impression and the delivery was smooth. A convenient three-spice combo for everyday curries. Overall, happy with the purchase.",SYNTHETIC SAMPLE — FICTIONAL REVIEW / NOT A REAL CUSTOMER
Black Pepper + Garam Masala + Coriander,Vikram Gupta,Visakhapatnam,Andhra Pradesh,5,The flavour is quite balanced for regular cooking. Good set for keeping the basic masalas together. No complaints so far.,SYNTHETIC SAMPLE — FICTIONAL REVIEW / NOT A REAL CUSTOMER
Black Pepper + Garam Masala + Coriander,Sneha Arora,Jodhpur,Rajasthan,5,"The flavour is quite balanced for regular cooking. I have used the combo for paneer, rajma and mixed vegetables. Good value for regular home use.",SYNTHETIC SAMPLE — FICTIONAL REVIEW / NOT A REAL CUSTOMER
Black Pepper + Garam Masala + Coriander,Harish Hegde,Pune,Maharashtra,5,I bought this for regular home use and have been using it quite often. The three flavours work well together in gravies and marinades. I am satisfied with the first order.,SYNTHETIC SAMPLE — FICTIONAL REVIEW / NOT A REAL CUSTOMER
Black Pepper + Garam Masala + Coriander,Aman Reddy,Chennai,Tamil Nadu,5,"Tried this after seeing the product online and liked the first experience. I have used the combo for paneer, rajma and mixed vegetables. I would buy it again.",SYNTHETIC SAMPLE — FICTIONAL REVIEW / NOT A REAL CUSTOMER
Black Pepper + Garam Masala + Coriander,Pradeep Das,Chandigarh,Chandigarh,5,"The packaging was neat and the product looked fresh. A convenient three-spice combo for everyday curries. So far, a good experience.",SYNTHETIC SAMPLE — FICTIONAL REVIEW / NOT A REAL CUSTOMER
Black Pepper + Garam Masala + Coriander,Vikas Deshmukh,Jammu,Jammu & Kashmir,5,"The aroma was noticeable when I opened the pack. I have used the combo for paneer, rajma and mixed vegetables. It has become one of the regular items in my kitchen.",SYNTHETIC SAMPLE — FICTIONAL REVIEW / NOT A REAL CUSTOMER
Black Pepper + Garam Masala + Coriander,Aishwarya Agarwal,Patna,Bihar,5,Good first impression and the delivery was smooth. A convenient three-spice combo for everyday curries. Good value for regular home use.,SYNTHETIC SAMPLE — FICTIONAL REVIEW / NOT A REAL CUSTOMER
Black Pepper + Garam Masala + Coriander,Neha Das,Bengaluru,Karnataka,5,The packaging was neat and the product looked fresh. A convenient three-spice combo for everyday curries. I am satisfied with the first order.,SYNTHETIC SAMPLE — FICTIONAL REVIEW / NOT A REAL CUSTOMER
Black Pepper + Garam Masala + Coriander,Monika Menon,Noida,Uttar Pradesh,4,The flavour is quite balanced for regular cooking. Good set for keeping the basic masalas together. Would consider adding it to my next order.,SYNTHETIC SAMPLE — FICTIONAL REVIEW / NOT A REAL CUSTOMER
Black Pepper + Garam Masala + Coriander,Amrita Pawar,Indore,Madhya Pradesh,5,"Good first impression and the delivery was smooth. I have used the combo for paneer, rajma and mixed vegetables. Would consider adding it to my next order.",SYNTHETIC SAMPLE — FICTIONAL REVIEW / NOT A REAL CUSTOMER
Black Pepper + Garam Masala + Coriander,Rajat Yadav,Thiruvananthapuram,Kerala,5,Tried this after seeing the product online and liked the first experience. Good set for keeping the basic masalas together. It has become one of the regular items in my kitchen.,SYNTHETIC SAMPLE — FICTIONAL REVIEW / NOT A REAL CUSTOMER
Black Pepper + Garam Masala + Coriander,Rashi Chaudhary,Faridabad,Haryana,3,Tried this after seeing the product online and liked the first experience. A convenient three-spice combo for everyday curries. It has become one of the regular items in my kitchen.,SYNTHETIC SAMPLE — FICTIONAL REVIEW / NOT A REAL CUSTOMER
Black Pepper + Garam Masala + Coriander,Sakshi Bansal,Vadodara,Gujarat,5,"Ordered this recently and the overall quality felt good. I have used the combo for paneer, rajma and mixed vegetables. So far, a good experience.",SYNTHETIC SAMPLE — FICTIONAL REVIEW / NOT A REAL CUSTOMER
Black Pepper + Garam Masala + Coriander,Simran Hegde,Mysuru,Karnataka,5,"The flavour is quite balanced for regular cooking. A convenient three-spice combo for everyday curries. So far, a good experience.",SYNTHETIC SAMPLE — FICTIONAL REVIEW / NOT A REAL CUSTOMER
Black Pepper + Garam Masala + Coriander,Deepika Patel,Jalandhar,Punjab,5,"The packaging was neat and the product looked fresh. I have used the combo for paneer, rajma and mixed vegetables. Would consider adding it to my next order.",SYNTHETIC SAMPLE — FICTIONAL REVIEW / NOT A REAL CUSTOMER
Black Pepper + Garam Masala + Coriander,Arpita Joshi,Dehradun,Uttarakhand,4,The pack arrived sealed and in good condition. The three flavours work well together in gravies and marinades. I would buy it again.,SYNTHETIC SAMPLE — FICTIONAL REVIEW / NOT A REAL CUSTOMER
Black Pepper + Garam Masala + Coriander,Swati Sethi,Bhubaneswar,Odisha,5,The aroma was noticeable when I opened the pack. A convenient three-spice combo for everyday curries. I would buy it again.,SYNTHETIC SAMPLE — FICTIONAL REVIEW / NOT A REAL CUSTOMER
Black Pepper + Garam Masala + Coriander,Saurabh Sandhu,Goa,Goa,5,"Tried this after seeing the product online and liked the first experience. I have used the combo for paneer, rajma and mixed vegetables. It has become one of the regular items in my kitchen.",SYNTHETIC SAMPLE — FICTIONAL REVIEW / NOT A REAL CUSTOMER
Black Pepper + Garam Masala + Coriander,Pooja Patil,Kota,Rajasthan,5,"This has been useful for my everyday kitchen routine. I have used the combo for paneer, rajma and mixed vegetables. Would consider adding it to my next order.",SYNTHETIC SAMPLE — FICTIONAL REVIEW / NOT A REAL CUSTOMER
Black Pepper + Garam Masala + Coriander,Arjun Sen,Nagpur,Maharashtra,5,The pack arrived sealed and in good condition. The three flavours work well together in gravies and marinades. I would buy it again.,SYNTHETIC SAMPLE — FICTIONAL REVIEW / NOT A REAL CUSTOMER
Black Pepper + Garam Masala + Coriander,Rahul Thakur,Coimbatore,Tamil Nadu,5,The packaging was neat and the product looked fresh. The three flavours work well together in gravies and marinades. No complaints so far.,SYNTHETIC SAMPLE — FICTIONAL REVIEW / NOT A REAL CUSTOMER
Black Pepper + Garam Masala + Coriander,Aditi Chaudhary,New Delhi,Delhi,5,"Tried this after seeing the product online and liked the first experience. I have used the combo for paneer, rajma and mixed vegetables. I would buy it again.",SYNTHETIC SAMPLE — FICTIONAL REVIEW / NOT A REAL CUSTOMER
Black Pepper + Garam Masala + Coriander,Sunil Chatterjee,Ahmedabad,Gujarat,5,"The packaging was neat and the product looked fresh. I have used the combo for paneer, rajma and mixed vegetables. So far, a good experience.",SYNTHETIC SAMPLE — FICTIONAL REVIEW / NOT A REAL CUSTOMER
Black Pepper + Garam Masala + Coriander,Arjun Arora,Guwahati,Assam,5,"The packaging was neat and the product looked fresh. I have used the combo for paneer, rajma and mixed vegetables. It has become one of the regular items in my kitchen.",SYNTHETIC SAMPLE — FICTIONAL REVIEW / NOT A REAL CUSTOMER
Black Pepper + Garam Masala + Coriander,Harish Mehta,Amritsar,Punjab,5,The packaging was neat and the product looked fresh. Good set for keeping the basic masalas together. I am satisfied with the first order.,SYNTHETIC SAMPLE — FICTIONAL REVIEW / NOT A REAL CUSTOMER
Black Pepper + Garam Masala + Coriander,Neha Roy,Kanpur,Uttar Pradesh,5,The pack arrived sealed and in good condition. A convenient three-spice combo for everyday curries. I would buy it again.,SYNTHETIC SAMPLE — FICTIONAL REVIEW / NOT A REAL CUSTOMER
Black Pepper + Garam Masala + Coriander,Sanjana Kaur,Bhopal,Madhya Pradesh,3,I bought this for regular home use and have been using it quite often. Good set for keeping the basic masalas together. I would buy it again.,SYNTHETIC SAMPLE — FICTIONAL REVIEW / NOT A REAL CUSTOMER
Black Pepper + Garam Masala + Coriander,Meena Dhillon,Vijayawada,Andhra Pradesh,5,"I liked the freshness more than I expected. Good set for keeping the basic masalas together. So far, a good experience.",SYNTHETIC SAMPLE — FICTIONAL REVIEW / NOT A REAL CUSTOMER
Black Pepper + Garam Masala + Coriander,Aarav Sen,Jaipur,Rajasthan,5,The aroma was noticeable when I opened the pack. Good set for keeping the basic masalas together. Would consider adding it to my next order.,SYNTHETIC SAMPLE — FICTIONAL REVIEW / NOT A REAL CUSTOMER
Black Pepper + Garam Masala + Coriander,Simran Khanna,Mumbai,Maharashtra,4,"I liked the freshness more than I expected. A convenient three-spice combo for everyday curries. So far, a good experience.",SYNTHETIC SAMPLE — FICTIONAL REVIEW / NOT A REAL CUSTOMER
Turmeric + Red Chilli + Coriander,Sonam Mishra,Bhopal,Madhya Pradesh,5,"Good first impression and the delivery was smooth. The three spices cover a lot of regular home cooking. Overall, happy with the purchase.",SYNTHETIC SAMPLE — FICTIONAL REVIEW / NOT A REAL CUSTOMER
Turmeric + Red Chilli + Coriander,Bharat Hegde,Vijayawada,Andhra Pradesh,3,"I bought this for regular home use and have been using it quite often. These three are part of my everyday curry base, so the combo is convenient. I would buy it again.",SYNTHETIC SAMPLE — FICTIONAL REVIEW / NOT A REAL CUSTOMER
Turmeric + Red Chilli + Coriander,Raj Thakur,Jaipur,Rajasthan,4,"This has been useful for my everyday kitchen routine. The three spices cover a lot of regular home cooking. So far, a good experience.",SYNTHETIC SAMPLE — FICTIONAL REVIEW / NOT A REAL CUSTOMER
Turmeric + Red Chilli + Coriander,Bhavna Shetty,Mumbai,Maharashtra,5,Good first impression and the delivery was smooth. The three spices cover a lot of regular home cooking. I would buy it again.,SYNTHETIC SAMPLE — FICTIONAL REVIEW / NOT A REAL CUSTOMER
Turmeric + Red Chilli + Coriander,Harish Chopra,Hyderabad,Telangana,5,The packaging was neat and the product looked fresh. Useful starter set if you are stocking the kitchen with basics. No complaints so far.,SYNTHETIC SAMPLE — FICTIONAL REVIEW / NOT A REAL CUSTOMER
Turmeric + Red Chilli + Coriander,Amrita Shah,Patiala,Punjab,5,"I bought this for regular home use and have been using it quite often. These three are part of my everyday curry base, so the combo is convenient. Overall, happy with the purchase.",SYNTHETIC SAMPLE — FICTIONAL REVIEW / NOT A REAL CUSTOMER
Turmeric + Red Chilli + Coriander,Rashi Bedi,Shimla,Himachal Pradesh,5,"Tried this after seeing the product online and liked the first experience. Good combination for sabzi, dal and gravy dishes. I would buy it again.",SYNTHETIC SAMPLE — FICTIONAL REVIEW / NOT A REAL CUSTOMER
Turmeric + Red Chilli + Coriander,Karan Sharma,Ranchi,Jharkhand,4,"Ordered this recently and the overall quality felt good. Good combination for sabzi, dal and gravy dishes. So far, a good experience.",SYNTHETIC SAMPLE — FICTIONAL REVIEW / NOT A REAL CUSTOMER
Turmeric + Red Chilli + Coriander,Aditi Bedi,Raipur,Chhattisgarh,3,This has been useful for my everyday kitchen routine. Useful starter set if you are stocking the kitchen with basics. Good value for regular home use.,SYNTHETIC SAMPLE — FICTIONAL REVIEW / NOT A REAL CUSTOMER
Turmeric + Red Chilli + Coriander,Arpita Nair,Lucknow,Uttar Pradesh,5,"Ordered this recently and the overall quality felt good. Good combination for sabzi, dal and gravy dishes. Good value for regular home use.",SYNTHETIC SAMPLE — FICTIONAL REVIEW / NOT A REAL CUSTOMER
Turmeric + Red Chilli + Coriander,Neha Yadav,Nashik,Maharashtra,5,"I liked the freshness more than I expected. Good combination for sabzi, dal and gravy dishes. I am satisfied with the first order.",SYNTHETIC SAMPLE — FICTIONAL REVIEW / NOT A REAL CUSTOMER
Turmeric + Red Chilli + Coriander,Sakshi Das,Kochi,Kerala,5,The aroma was noticeable when I opened the pack. Useful starter set if you are stocking the kitchen with basics. Good value for regular home use.,SYNTHETIC SAMPLE — FICTIONAL REVIEW / NOT A REAL CUSTOMER
Turmeric + Red Chilli + Coriander,Srishti Srivastava,Gurugram,Haryana,4,Ordered this recently and the overall quality felt good. The three spices cover a lot of regular home cooking. Would consider adding it to my next order.,SYNTHETIC SAMPLE — FICTIONAL REVIEW / NOT A REAL CUSTOMER
Turmeric + Red Chilli + Coriander,Ankit Tiwari,Surat,Gujarat,5,"Tried this after seeing the product online and liked the first experience. These three are part of my everyday curry base, so the combo is convenient. I am satisfied with the first order.",SYNTHETIC SAMPLE — FICTIONAL REVIEW / NOT A REAL CUSTOMER
Turmeric + Red Chilli + Coriander,Sunil Kaur,Bengaluru,Karnataka,5,"Tried this after seeing the product online and liked the first experience. Good combination for sabzi, dal and gravy dishes. Good value for regular home use.",SYNTHETIC SAMPLE — FICTIONAL REVIEW / NOT A REAL CUSTOMER
Turmeric + Red Chilli + Coriander,Amrita Chopra,Ludhiana,Punjab,5,"The pack arrived sealed and in good condition. Good combination for sabzi, dal and gravy dishes. I would buy it again.",SYNTHETIC SAMPLE — FICTIONAL REVIEW / NOT A REAL CUSTOMER
Turmeric + Red Chilli + Coriander,Aditi Verma,Varanasi,Uttar Pradesh,5,"Ordered this recently and the overall quality felt good. These three are part of my everyday curry base, so the combo is convenient. Would consider adding it to my next order.",SYNTHETIC SAMPLE — FICTIONAL REVIEW / NOT A REAL CUSTOMER
Turmeric + Red Chilli + Coriander,Megha Sen,Kolkata,West Bengal,5,The pack arrived sealed and in good condition. The three spices cover a lot of regular home cooking. I am satisfied with the first order.,SYNTHETIC SAMPLE — FICTIONAL REVIEW / NOT A REAL CUSTOMER
Turmeric + Red Chilli + Coriander,Ankit Roy,Visakhapatnam,Andhra Pradesh,5,"Tried this after seeing the product online and liked the first experience. The three spices cover a lot of regular home cooking. Overall, happy with the purchase.",SYNTHETIC SAMPLE — FICTIONAL REVIEW / NOT A REAL CUSTOMER
Turmeric + Red Chilli + Coriander,Megha Gill,Jodhpur,Rajasthan,3,"I bought this for regular home use and have been using it quite often. Good combination for sabzi, dal and gravy dishes. I am satisfied with the first order.",SYNTHETIC SAMPLE — FICTIONAL REVIEW / NOT A REAL CUSTOMER
Turmeric + Red Chilli + Coriander,Rishi Dutta,Pune,Maharashtra,5,"I bought this for regular home use and have been using it quite often. Good combination for sabzi, dal and gravy dishes. It has become one of the regular items in my kitchen.",SYNTHETIC SAMPLE — FICTIONAL REVIEW / NOT A REAL CUSTOMER
Turmeric + Red Chilli + Coriander,Chetan Singh,Chennai,Tamil Nadu,5,"Ordered this recently and the overall quality felt good. These three are part of my everyday curry base, so the combo is convenient. Good value for regular home use.",SYNTHETIC SAMPLE — FICTIONAL REVIEW / NOT A REAL CUSTOMER
Turmeric + Red Chilli + Coriander,Sunil Kumar,Chandigarh,Chandigarh,5,"The pack arrived sealed and in good condition. These three are part of my everyday curry base, so the combo is convenient. Good value for regular home use.",SYNTHETIC SAMPLE — FICTIONAL REVIEW / NOT A REAL CUSTOMER
Turmeric + Red Chilli + Coriander,Pooja Roy,Jammu,Jammu & Kashmir,5,"The packaging was neat and the product looked fresh. The three spices cover a lot of regular home cooking. So far, a good experience.",SYNTHETIC SAMPLE — FICTIONAL REVIEW / NOT A REAL CUSTOMER
Turmeric + Red Chilli + Coriander,Chetan Bedi,Patna,Bihar,3,The flavour is quite balanced for regular cooking. The three spices cover a lot of regular home cooking. I would buy it again.,SYNTHETIC SAMPLE — FICTIONAL REVIEW / NOT A REAL CUSTOMER
Turmeric + Red Chilli + Coriander,Mohit Kulkarni,Bengaluru,Karnataka,5,I bought this for regular home use and have been using it quite often. The three spices cover a lot of regular home cooking. Good value for regular home use.,SYNTHETIC SAMPLE — FICTIONAL REVIEW / NOT A REAL CUSTOMER
Turmeric + Red Chilli + Coriander,Reena Bansal,Noida,Uttar Pradesh,5,"I bought this for regular home use and have been using it quite often. Good combination for sabzi, dal and gravy dishes. Overall, happy with the purchase.",SYNTHETIC SAMPLE — FICTIONAL REVIEW / NOT A REAL CUSTOMER
Turmeric + Red Chilli + Coriander,Harish Reddy,Indore,Madhya Pradesh,3,"I bought this for regular home use and have been using it quite often. These three are part of my everyday curry base, so the combo is convenient. It has become one of the regular items in my kitchen.",SYNTHETIC SAMPLE — FICTIONAL REVIEW / NOT A REAL CUSTOMER
Turmeric + Red Chilli + Coriander,Bhavna Naik,Thiruvananthapuram,Kerala,5,"The aroma was noticeable when I opened the pack. These three are part of my everyday curry base, so the combo is convenient. I am satisfied with the first order.",SYNTHETIC SAMPLE — FICTIONAL REVIEW / NOT A REAL CUSTOMER
Turmeric + Red Chilli + Coriander,Pradeep Gupta,Faridabad,Haryana,5,The pack arrived sealed and in good condition. The three spices cover a lot of regular home cooking. It has become one of the regular items in my kitchen.,SYNTHETIC SAMPLE — FICTIONAL REVIEW / NOT A REAL CUSTOMER
Turmeric + Red Chilli + Coriander,Deepika Khanna,Vadodara,Gujarat,5,"This has been useful for my everyday kitchen routine. These three are part of my everyday curry base, so the combo is convenient. Overall, happy with the purchase.",SYNTHETIC SAMPLE — FICTIONAL REVIEW / NOT A REAL CUSTOMER
Turmeric + Red Chilli + Coriander,Sakshi Banerjee,Mysuru,Karnataka,5,"The packaging was neat and the product looked fresh. Good combination for sabzi, dal and gravy dishes. So far, a good experience.",SYNTHETIC SAMPLE — FICTIONAL REVIEW / NOT A REAL CUSTOMER
Turmeric + Red Chilli + Coriander,Isha Nair,Jalandhar,Punjab,5,The flavour is quite balanced for regular cooking. Useful starter set if you are stocking the kitchen with basics. I would buy it again.,SYNTHETIC SAMPLE — FICTIONAL REVIEW / NOT A REAL CUSTOMER
Turmeric + Red Chilli + Coriander,Shivam Joshi,Dehradun,Uttarakhand,5,The pack arrived sealed and in good condition. Useful starter set if you are stocking the kitchen with basics. Would consider adding it to my next order.,SYNTHETIC SAMPLE — FICTIONAL REVIEW / NOT A REAL CUSTOMER
Turmeric + Red Chilli + Coriander,Divya Verma,Bhubaneswar,Odisha,5,"This has been useful for my everyday kitchen routine. These three are part of my everyday curry base, so the combo is convenient. I am satisfied with the first order.",SYNTHETIC SAMPLE — FICTIONAL REVIEW / NOT A REAL CUSTOMER
Turmeric + Red Chilli + Coriander,Vikram Das,Goa,Goa,5,The aroma was noticeable when I opened the pack. The three spices cover a lot of regular home cooking. It has become one of the regular items in my kitchen.,SYNTHETIC SAMPLE — FICTIONAL REVIEW / NOT A REAL CUSTOMER
Turmeric + Red Chilli + Coriander,Kriti Singh,Kota,Rajasthan,4,"I bought this for regular home use and have been using it quite often. These three are part of my everyday curry base, so the combo is convenient. Would consider adding it to my next order.",SYNTHETIC SAMPLE — FICTIONAL REVIEW / NOT A REAL CUSTOMER
Turmeric + Red Chilli + Coriander,Sameer Kohli,Nagpur,Maharashtra,5,"I liked the freshness more than I expected. These three are part of my everyday curry base, so the combo is convenient. No complaints so far.",SYNTHETIC SAMPLE — FICTIONAL REVIEW / NOT A REAL CUSTOMER
Turmeric + Red Chilli + Coriander,Sunil Kulkarni,Coimbatore,Tamil Nadu,4,"This has been useful for my everyday kitchen routine. Good combination for sabzi, dal and gravy dishes. No complaints so far.",SYNTHETIC SAMPLE — FICTIONAL REVIEW / NOT A REAL CUSTOMER
Turmeric + Red Chilli + Coriander,Sakshi Roy,New Delhi,Delhi,5,Tried this after seeing the product online and liked the first experience. The three spices cover a lot of regular home cooking. Would consider adding it to my next order.,SYNTHETIC SAMPLE — FICTIONAL REVIEW / NOT A REAL CUSTOMER
Turmeric + Red Chilli + Coriander,Divya Singh,Ahmedabad,Gujarat,4,The aroma was noticeable when I opened the pack. The three spices cover a lot of regular home cooking. Would consider adding it to my next order.,SYNTHETIC SAMPLE — FICTIONAL REVIEW / NOT A REAL CUSTOMER
Turmeric + Red Chilli + Coriander,Isha Yadav,Guwahati,Assam,5,"Tried this after seeing the product online and liked the first experience. These three are part of my everyday curry base, so the combo is convenient. It has become one of the regular items in my kitchen.",SYNTHETIC SAMPLE — FICTIONAL REVIEW / NOT A REAL CUSTOMER
Turmeric + Red Chilli + Coriander,Srishti Mehta,Amritsar,Punjab,5,"The packaging was neat and the product looked fresh. Good combination for sabzi, dal and gravy dishes. So far, a good experience.",SYNTHETIC SAMPLE — FICTIONAL REVIEW / NOT A REAL CUSTOMER
Turmeric + Red Chilli + Coriander,Rohit Sharma,Kanpur,Uttar Pradesh,5,Ordered this recently and the overall quality felt good. The three spices cover a lot of regular home cooking. No complaints so far.,SYNTHETIC SAMPLE — FICTIONAL REVIEW / NOT A REAL CUSTOMER
Turmeric + Red Chilli + Coriander,Bhavna Iyer,Bhopal,Madhya Pradesh,5,Ordered this recently and the overall quality felt good. The three spices cover a lot of regular home cooking. I am satisfied with the first order.,SYNTHETIC SAMPLE — FICTIONAL REVIEW / NOT A REAL CUSTOMER
Turmeric + Red Chilli + Coriander,Amit Patil,Vijayawada,Andhra Pradesh,5,This has been useful for my everyday kitchen routine. The three spices cover a lot of regular home cooking. Would consider adding it to my next order.,SYNTHETIC SAMPLE — FICTIONAL REVIEW / NOT A REAL CUSTOMER
Turmeric + Red Chilli + Coriander,Sakshi Jain,Jaipur,Rajasthan,5,This has been useful for my everyday kitchen routine. The three spices cover a lot of regular home cooking. I am satisfied with the first order.,SYNTHETIC SAMPLE — FICTIONAL REVIEW / NOT A REAL CUSTOMER
Turmeric + Red Chilli + Coriander,Sunil Chaudhary,Mumbai,Maharashtra,5,"The aroma was noticeable when I opened the pack. The three spices cover a lot of regular home cooking. Overall, happy with the purchase.",SYNTHETIC SAMPLE — FICTIONAL REVIEW / NOT A REAL CUSTOMER
Turmeric + Red Chilli + Coriander,Ravi Iyer,Hyderabad,Telangana,5,The pack arrived sealed and in good condition. The three spices cover a lot of regular home cooking. Would consider adding it to my next order.,SYNTHETIC SAMPLE — FICTIONAL REVIEW / NOT A REAL CUSTOMER
Turmeric + Red Chilli + Coriander,Sakshi Sandhu,Patiala,Punjab,3,I liked the freshness more than I expected. The three spices cover a lot of regular home cooking. Would consider adding it to my next order.,SYNTHETIC SAMPLE — FICTIONAL REVIEW / NOT A REAL CUSTOMER
Turmeric + Red Chilli + Coriander,Rhea Bansal,Shimla,Himachal Pradesh,5,"The aroma was noticeable when I opened the pack. Good combination for sabzi, dal and gravy dishes. No complaints so far.",SYNTHETIC SAMPLE — FICTIONAL REVIEW / NOT A REAL CUSTOMER
Turmeric + Red Chilli + Coriander,Raj Mehta,Ranchi,Jharkhand,5,"The packaging was neat and the product looked fresh. These three are part of my everyday curry base, so the combo is convenient. No complaints so far.",SYNTHETIC SAMPLE — FICTIONAL REVIEW / NOT A REAL CUSTOMER
Turmeric + Red Chilli + Coriander,Sanjay Das,Raipur,Chhattisgarh,5,"Good first impression and the delivery was smooth. Good combination for sabzi, dal and gravy dishes. Good value for regular home use.",SYNTHETIC SAMPLE — FICTIONAL REVIEW / NOT A REAL CUSTOMER
Turmeric + Red Chilli + Coriander,Meena Naik,Lucknow,Uttar Pradesh,5,I liked the freshness more than I expected. The three spices cover a lot of regular home cooking. I am satisfied with the first order.,SYNTHETIC SAMPLE — FICTIONAL REVIEW / NOT A REAL CUSTOMER
Turmeric + Red Chilli + Coriander,Arjun Deshmukh,Nashik,Maharashtra,5,"I bought this for regular home use and have been using it quite often. These three are part of my everyday curry base, so the combo is convenient. No complaints so far.",SYNTHETIC SAMPLE — FICTIONAL REVIEW / NOT A REAL CUSTOMER
Turmeric + Red Chilli + Coriander,Sakshi Sodhi,Kochi,Kerala,5,"The packaging was neat and the product looked fresh. Good combination for sabzi, dal and gravy dishes. It has become one of the regular items in my kitchen.",SYNTHETIC SAMPLE — FICTIONAL REVIEW / NOT A REAL CUSTOMER
Turmeric + Red Chilli + Coriander,Zoya Chopra,Gurugram,Haryana,5,"The pack arrived sealed and in good condition. These three are part of my everyday curry base, so the combo is convenient. It has become one of the regular items in my kitchen.",SYNTHETIC SAMPLE — FICTIONAL REVIEW / NOT A REAL CUSTOMER
Turmeric + Red Chilli + Coriander,Kriti Iyer,Surat,Gujarat,5,"Good first impression and the delivery was smooth. These three are part of my everyday curry base, so the combo is convenient. I am satisfied with the first order.",SYNTHETIC SAMPLE — FICTIONAL REVIEW / NOT A REAL CUSTOMER
Turmeric + Red Chilli + Coriander,Sourav Oberoi,Bengaluru,Karnataka,5,The aroma was noticeable when I opened the pack. Useful starter set if you are stocking the kitchen with basics. I am satisfied with the first order.,SYNTHETIC SAMPLE — FICTIONAL REVIEW / NOT A REAL CUSTOMER
Turmeric + Red Chilli + Coriander,Rajat Patil,Ludhiana,Punjab,5,"This has been useful for my everyday kitchen routine. Useful starter set if you are stocking the kitchen with basics. So far, a good experience.",SYNTHETIC SAMPLE — FICTIONAL REVIEW / NOT A REAL CUSTOMER
Turmeric + Red Chilli + Coriander,Amit Arora,Varanasi,Uttar Pradesh,4,The pack arrived sealed and in good condition. Useful starter set if you are stocking the kitchen with basics. I would buy it again.,SYNTHETIC SAMPLE — FICTIONAL REVIEW / NOT A REAL CUSTOMER
Turmeric + Red Chilli + Coriander,Nisha Hegde,Kolkata,West Bengal,4,Tried this after seeing the product online and liked the first experience. Useful starter set if you are stocking the kitchen with basics. I would buy it again.,SYNTHETIC SAMPLE — FICTIONAL REVIEW / NOT A REAL CUSTOMER
Turmeric + Red Chilli + Coriander,Sanjay Sen,Visakhapatnam,Andhra Pradesh,5,"The flavour is quite balanced for regular cooking. Good combination for sabzi, dal and gravy dishes. Would consider adding it to my next order.",SYNTHETIC SAMPLE — FICTIONAL REVIEW / NOT A REAL CUSTOMER
Turmeric + Red Chilli + Coriander,Akash Patel,Jodhpur,Rajasthan,5,"Tried this after seeing the product online and liked the first experience. Good combination for sabzi, dal and gravy dishes. I would buy it again.",SYNTHETIC SAMPLE — FICTIONAL REVIEW / NOT A REAL CUSTOMER
Turmeric + Red Chilli + Coriander,Sunil Kohli,Pune,Maharashtra,5,"Good first impression and the delivery was smooth. These three are part of my everyday curry base, so the combo is convenient. I would buy it again.",SYNTHETIC SAMPLE — FICTIONAL REVIEW / NOT A REAL CUSTOMER
Turmeric + Red Chilli + Coriander,Karan Jain,Chennai,Tamil Nadu,5,"I bought this for regular home use and have been using it quite often. The three spices cover a lot of regular home cooking. So far, a good experience.",SYNTHETIC SAMPLE — FICTIONAL REVIEW / NOT A REAL CUSTOMER
Turmeric + Red Chilli + Coriander,Shivam Shetty,Chandigarh,Chandigarh,4,"The aroma was noticeable when I opened the pack. These three are part of my everyday curry base, so the combo is convenient. Good value for regular home use.",SYNTHETIC SAMPLE — FICTIONAL REVIEW / NOT A REAL CUSTOMER
Turmeric + Red Chilli + Coriander,Reena Sen,Jammu,Jammu & Kashmir,4,"The flavour is quite balanced for regular cooking. These three are part of my everyday curry base, so the combo is convenient. It has become one of the regular items in my kitchen.",SYNTHETIC SAMPLE — FICTIONAL REVIEW / NOT A REAL CUSTOMER
Turmeric + Red Chilli + Coriander,Aditi Bisht,Patna,Bihar,4,Ordered this recently and the overall quality felt good. Useful starter set if you are stocking the kitchen with basics. Good value for regular home use.,SYNTHETIC SAMPLE — FICTIONAL REVIEW / NOT A REAL CUSTOMER
Turmeric + Red Chilli + Coriander,Ananya Joshi,Bengaluru,Karnataka,4,Ordered this recently and the overall quality felt good. Useful starter set if you are stocking the kitchen with basics. I would buy it again.,SYNTHETIC SAMPLE — FICTIONAL REVIEW / NOT A REAL CUSTOMER
Turmeric + Red Chilli + Coriander,Anil Sharma,Noida,Uttar Pradesh,5,Tried this after seeing the product online and liked the first experience. Useful starter set if you are stocking the kitchen with basics. I am satisfied with the first order.,SYNTHETIC SAMPLE — FICTIONAL REVIEW / NOT A REAL CUSTOMER
Turmeric + Red Chilli + Coriander,Aditya Nair,Indore,Madhya Pradesh,3,"This has been useful for my everyday kitchen routine. Good combination for sabzi, dal and gravy dishes. Overall, happy with the purchase.",SYNTHETIC SAMPLE — FICTIONAL REVIEW / NOT A REAL CUSTOMER
Turmeric + Red Chilli + Coriander,Amrita Nair,Thiruvananthapuram,Kerala,5,"The packaging was neat and the product looked fresh. Useful starter set if you are stocking the kitchen with basics. Overall, happy with the purchase.",SYNTHETIC SAMPLE — FICTIONAL REVIEW / NOT A REAL CUSTOMER
Turmeric + Red Chilli + Coriander,Manish Yadav,Faridabad,Haryana,5,"Tried this after seeing the product online and liked the first experience. Good combination for sabzi, dal and gravy dishes. I would buy it again.",SYNTHETIC SAMPLE — FICTIONAL REVIEW / NOT A REAL CUSTOMER
Turmeric + Red Chilli + Coriander,Ankit Dutta,Vadodara,Gujarat,3,I bought this for regular home use and have been using it quite often. The three spices cover a lot of regular home cooking. I am satisfied with the first order.,SYNTHETIC SAMPLE — FICTIONAL REVIEW / NOT A REAL CUSTOMER
Turmeric + Red Chilli + Coriander,Sunil Bansal,Mysuru,Karnataka,5,Tried this after seeing the product online and liked the first experience. Useful starter set if you are stocking the kitchen with basics. Would consider adding it to my next order.,SYNTHETIC SAMPLE — FICTIONAL REVIEW / NOT A REAL CUSTOMER
Turmeric + Red Chilli + Coriander,Pallavi Malhotra,Jalandhar,Punjab,4,The packaging was neat and the product looked fresh. The three spices cover a lot of regular home cooking. It has become one of the regular items in my kitchen.,SYNTHETIC SAMPLE — FICTIONAL REVIEW / NOT A REAL CUSTOMER
Turmeric + Red Chilli + Coriander,Rajat Banerjee,Dehradun,Uttarakhand,5,"Good first impression and the delivery was smooth. These three are part of my everyday curry base, so the combo is convenient. Overall, happy with the purchase.",SYNTHETIC SAMPLE — FICTIONAL REVIEW / NOT A REAL CUSTOMER
Turmeric + Red Chilli + Coriander,Chetan Pandey,Bhubaneswar,Odisha,5,"Tried this after seeing the product online and liked the first experience. These three are part of my everyday curry base, so the combo is convenient. Overall, happy with the purchase.",SYNTHETIC SAMPLE — FICTIONAL REVIEW / NOT A REAL CUSTOMER
Turmeric + Red Chilli + Coriander,Jatin Sharma,Goa,Goa,5,"The packaging was neat and the product looked fresh. Good combination for sabzi, dal and gravy dishes. Overall, happy with the purchase.",SYNTHETIC SAMPLE — FICTIONAL REVIEW / NOT A REAL CUSTOMER
Turmeric + Red Chilli + Coriander,Amit Roy,Kota,Rajasthan,5,The aroma was noticeable when I opened the pack. The three spices cover a lot of regular home cooking. Good value for regular home use.,SYNTHETIC SAMPLE — FICTIONAL REVIEW / NOT A REAL CUSTOMER
Turmeric + Red Chilli + Coriander,Sakshi Mehta,Nagpur,Maharashtra,5,"The aroma was noticeable when I opened the pack. These three are part of my everyday curry base, so the combo is convenient. It has become one of the regular items in my kitchen.",SYNTHETIC SAMPLE — FICTIONAL REVIEW / NOT A REAL CUSTOMER
Turmeric + Red Chilli + Coriander,Simran Gupta,Coimbatore,Tamil Nadu,5,"Ordered this recently and the overall quality felt good. The three spices cover a lot of regular home cooking. Overall, happy with the purchase.",SYNTHETIC SAMPLE — FICTIONAL REVIEW / NOT A REAL CUSTOMER
Turmeric + Red Chilli + Coriander,Jatin Pandey,New Delhi,Delhi,4,"Ordered this recently and the overall quality felt good. Good combination for sabzi, dal and gravy dishes. Would consider adding it to my next order.",SYNTHETIC SAMPLE — FICTIONAL REVIEW / NOT A REAL CUSTOMER
Turmeric + Red Chilli + Coriander,Simran Iyer,Ahmedabad,Gujarat,5,"This has been useful for my everyday kitchen routine. These three are part of my everyday curry base, so the combo is convenient. Good value for regular home use.",SYNTHETIC SAMPLE — FICTIONAL REVIEW / NOT A REAL CUSTOMER
Turmeric + Red Chilli + Coriander,Saurabh Banerjee,Guwahati,Assam,5,"I bought this for regular home use and have been using it quite often. Good combination for sabzi, dal and gravy dishes. I would buy it again.",SYNTHETIC SAMPLE — FICTIONAL REVIEW / NOT A REAL CUSTOMER
Turmeric + Red Chilli + Coriander,Divya Ghosh,Amritsar,Punjab,3,This has been useful for my everyday kitchen routine. Useful starter set if you are stocking the kitchen with basics. I would buy it again.,SYNTHETIC SAMPLE — FICTIONAL REVIEW / NOT A REAL CUSTOMER
Turmeric + Red Chilli + Coriander,Akash Deshmukh,Kanpur,Uttar Pradesh,5,The packaging was neat and the product looked fresh. Useful starter set if you are stocking the kitchen with basics. Would consider adding it to my next order.,SYNTHETIC SAMPLE — FICTIONAL REVIEW / NOT A REAL CUSTOMER
Turmeric + Red Chilli + Coriander,Deepika Nair,Bhopal,Madhya Pradesh,5,"I liked the freshness more than I expected. These three are part of my everyday curry base, so the combo is convenient. So far, a good experience.",SYNTHETIC SAMPLE — FICTIONAL REVIEW / NOT A REAL CUSTOMER
Turmeric + Red Chilli + Coriander,Sanjay Pandey,Vijayawada,Andhra Pradesh,5,"I liked the freshness more than I expected. These three are part of my everyday curry base, so the combo is convenient. Overall, happy with the purchase.",SYNTHETIC SAMPLE — FICTIONAL REVIEW / NOT A REAL CUSTOMER
Turmeric + Red Chilli + Coriander,Rashi Shah,Jaipur,Rajasthan,5,"I bought this for regular home use and have been using it quite often. Good combination for sabzi, dal and gravy dishes. I would buy it again.",SYNTHETIC SAMPLE — FICTIONAL REVIEW / NOT A REAL CUSTOMER
Black Pepper + Coriander,Deepika Sharma,Guwahati,Assam,5,The flavour is quite balanced for regular cooking. A practical pair for a regular kitchen. Good value for regular home use.,SYNTHETIC SAMPLE — FICTIONAL REVIEW / NOT A REAL CUSTOMER
Black Pepper + Coriander,Gauri Reddy,Amritsar,Punjab,5,Tried this after seeing the product online and liked the first experience. Both are useful in everyday cooking and the combo is convenient. Would consider adding it to my next order.,SYNTHETIC SAMPLE — FICTIONAL REVIEW / NOT A REAL CUSTOMER
Black Pepper + Coriander,Tarun Tiwari,Kanpur,Uttar Pradesh,5,"Tried this after seeing the product online and liked the first experience. A practical pair for a regular kitchen. Overall, happy with the purchase.",SYNTHETIC SAMPLE — FICTIONAL REVIEW / NOT A REAL CUSTOMER
Black Pepper + Coriander,Amit Sodhi,Bhopal,Madhya Pradesh,5,"The aroma was noticeable when I opened the pack. I used this combination in gravies and marinades and liked it. So far, a good experience.",SYNTHETIC SAMPLE — FICTIONAL REVIEW / NOT A REAL CUSTOMER
Black Pepper + Coriander,Sonam Hegde,Vijayawada,Andhra Pradesh,5,Ordered this recently and the overall quality felt good. Both are useful in everyday cooking and the combo is convenient. I am satisfied with the first order.,SYNTHETIC SAMPLE — FICTIONAL REVIEW / NOT A REAL CUSTOMER
Black Pepper + Coriander,Tarun Rao,Jaipur,Rajasthan,5,I bought this for regular home use and have been using it quite often. Both are useful in everyday cooking and the combo is convenient. It has become one of the regular items in my kitchen.,SYNTHETIC SAMPLE — FICTIONAL REVIEW / NOT A REAL CUSTOMER
Black Pepper + Coriander,Sunil Oberoi,Mumbai,Maharashtra,5,"Tried this after seeing the product online and liked the first experience. The pepper gives heat while coriander rounds out the flavour. Overall, happy with the purchase.",SYNTHETIC SAMPLE — FICTIONAL REVIEW / NOT A REAL CUSTOMER
Black Pepper + Coriander,Aditya Khanna,Hyderabad,Telangana,5,The aroma was noticeable when I opened the pack. I used this combination in gravies and marinades and liked it. No complaints so far.,SYNTHETIC SAMPLE — FICTIONAL REVIEW / NOT A REAL CUSTOMER
Black Pepper + Coriander,Sourav Sinha,Patiala,Punjab,5,"I bought this for regular home use and have been using it quite often. Both are useful in everyday cooking and the combo is convenient. So far, a good experience.",SYNTHETIC SAMPLE — FICTIONAL REVIEW / NOT A REAL CUSTOMER
Black Pepper + Coriander,Karan Tripathi,Shimla,Himachal Pradesh,5,I liked the freshness more than I expected. The pepper gives heat while coriander rounds out the flavour. I am satisfied with the first order.,SYNTHETIC SAMPLE — FICTIONAL REVIEW / NOT A REAL CUSTOMER
Black Pepper + Coriander,Amrita Sharma,Ranchi,Jharkhand,5,Tried this after seeing the product online and liked the first experience. Both are useful in everyday cooking and the combo is convenient. Good value for regular home use.,SYNTHETIC SAMPLE — FICTIONAL REVIEW / NOT A REAL CUSTOMER
Black Pepper + Coriander,Naveen Sharma,Raipur,Chhattisgarh,5,The pack arrived sealed and in good condition. A practical pair for a regular kitchen. It has become one of the regular items in my kitchen.,SYNTHETIC SAMPLE — FICTIONAL REVIEW / NOT A REAL CUSTOMER
Black Pepper + Coriander,Naveen Agarwal,Lucknow,Uttar Pradesh,5,This has been useful for my everyday kitchen routine. Both are useful in everyday cooking and the combo is convenient. Would consider adding it to my next order.,SYNTHETIC SAMPLE — FICTIONAL REVIEW / NOT A REAL CUSTOMER
Black Pepper + Coriander,Nisha Mehta,Nashik,Maharashtra,5,The aroma was noticeable when I opened the pack. I used this combination in gravies and marinades and liked it. No complaints so far.,SYNTHETIC SAMPLE — FICTIONAL REVIEW / NOT A REAL CUSTOMER
Black Pepper + Coriander,Gaurav Bedi,Kochi,Kerala,5,Ordered this recently and the overall quality felt good. The pepper gives heat while coriander rounds out the flavour. I am satisfied with the first order.,SYNTHETIC SAMPLE — FICTIONAL REVIEW / NOT A REAL CUSTOMER
Black Pepper + Coriander,Akash Bhattacharya,Gurugram,Haryana,5,I bought this for regular home use and have been using it quite often. I used this combination in gravies and marinades and liked it. Would consider adding it to my next order.,SYNTHETIC SAMPLE — FICTIONAL REVIEW / NOT A REAL CUSTOMER
Black Pepper + Coriander,Sonam Tripathi,Surat,Gujarat,4,Good first impression and the delivery was smooth. I used this combination in gravies and marinades and liked it. Good value for regular home use.,SYNTHETIC SAMPLE — FICTIONAL REVIEW / NOT A REAL CUSTOMER
Black Pepper + Coriander,Tarun Reddy,Bengaluru,Karnataka,5,Tried this after seeing the product online and liked the first experience. I used this combination in gravies and marinades and liked it. No complaints so far.,SYNTHETIC SAMPLE — FICTIONAL REVIEW / NOT A REAL CUSTOMER
Black Pepper + Coriander,Harish Pawar,Ludhiana,Punjab,5,"The flavour is quite balanced for regular cooking. Both are useful in everyday cooking and the combo is convenient. Overall, happy with the purchase.",SYNTHETIC SAMPLE — FICTIONAL REVIEW / NOT A REAL CUSTOMER
Black Pepper + Coriander,Sakshi Kapoor,Varanasi,Uttar Pradesh,5,Good first impression and the delivery was smooth. The pepper gives heat while coriander rounds out the flavour. Would consider adding it to my next order.,SYNTHETIC SAMPLE — FICTIONAL REVIEW / NOT A REAL CUSTOMER
Black Pepper + Coriander,Rahul Khanna,Kolkata,West Bengal,5,Good first impression and the delivery was smooth. I used this combination in gravies and marinades and liked it. It has become one of the regular items in my kitchen.,SYNTHETIC SAMPLE — FICTIONAL REVIEW / NOT A REAL CUSTOMER
Black Pepper + Coriander,Raj Tiwari,Visakhapatnam,Andhra Pradesh,4,"The aroma was noticeable when I opened the pack. I used this combination in gravies and marinades and liked it. Overall, happy with the purchase.",SYNTHETIC SAMPLE — FICTIONAL REVIEW / NOT A REAL CUSTOMER
Black Pepper + Coriander,Harish Sethi,Jodhpur,Rajasthan,5,The flavour is quite balanced for regular cooking. Both are useful in everyday cooking and the combo is convenient. Good value for regular home use.,SYNTHETIC SAMPLE — FICTIONAL REVIEW / NOT A REAL CUSTOMER
Black Pepper + Coriander,Aditya Reddy,Pune,Maharashtra,5,Ordered this recently and the overall quality felt good. The pepper gives heat while coriander rounds out the flavour. I am satisfied with the first order.,SYNTHETIC SAMPLE — FICTIONAL REVIEW / NOT A REAL CUSTOMER
Black Pepper + Coriander,Aman Bhattacharya,Chennai,Tamil Nadu,5,Ordered this recently and the overall quality felt good. A practical pair for a regular kitchen. Good value for regular home use.,SYNTHETIC SAMPLE — FICTIONAL REVIEW / NOT A REAL CUSTOMER
Black Pepper + Coriander,Varun Kapoor,Chandigarh,Chandigarh,5,This has been useful for my everyday kitchen routine. The pepper gives heat while coriander rounds out the flavour. I would buy it again.,SYNTHETIC SAMPLE — FICTIONAL REVIEW / NOT A REAL CUSTOMER
Black Pepper + Coriander,Pankaj Sen,Jammu,Jammu & Kashmir,5,"Tried this after seeing the product online and liked the first experience. I used this combination in gravies and marinades and liked it. Overall, happy with the purchase.",SYNTHETIC SAMPLE — FICTIONAL REVIEW / NOT A REAL CUSTOMER
Black Pepper + Coriander,Sunil Gill,Patna,Bihar,5,"Tried this after seeing the product online and liked the first experience. I used this combination in gravies and marinades and liked it. So far, a good experience.",SYNTHETIC SAMPLE — FICTIONAL REVIEW / NOT A REAL CUSTOMER
Black Pepper + Coriander,Srishti Gupta,Bengaluru,Karnataka,5,Tried this after seeing the product online and liked the first experience. A practical pair for a regular kitchen. Good value for regular home use.,SYNTHETIC SAMPLE — FICTIONAL REVIEW / NOT A REAL CUSTOMER
Black Pepper + Coriander,Reena Pillai,Noida,Uttar Pradesh,5,The packaging was neat and the product looked fresh. A practical pair for a regular kitchen. Good value for regular home use.,SYNTHETIC SAMPLE — FICTIONAL REVIEW / NOT A REAL CUSTOMER
Black Pepper + Coriander,Pallavi Jain,Indore,Madhya Pradesh,5,Tried this after seeing the product online and liked the first experience. I used this combination in gravies and marinades and liked it. Would consider adding it to my next order.,SYNTHETIC SAMPLE — FICTIONAL REVIEW / NOT A REAL CUSTOMER
Black Pepper + Coriander,Neha Mishra,Thiruvananthapuram,Kerala,5,Good first impression and the delivery was smooth. The pepper gives heat while coriander rounds out the flavour. Would consider adding it to my next order.,SYNTHETIC SAMPLE — FICTIONAL REVIEW / NOT A REAL CUSTOMER
Black Pepper + Coriander,Sneha Shetty,Faridabad,Haryana,5,The packaging was neat and the product looked fresh. A practical pair for a regular kitchen. It has become one of the regular items in my kitchen.,SYNTHETIC SAMPLE — FICTIONAL REVIEW / NOT A REAL CUSTOMER
Black Pepper + Coriander,Varun Pillai,Vadodara,Gujarat,5,This has been useful for my everyday kitchen routine. I used this combination in gravies and marinades and liked it. No complaints so far.,SYNTHETIC SAMPLE — FICTIONAL REVIEW / NOT A REAL CUSTOMER
Black Pepper + Coriander,Arjun Rao,Mysuru,Karnataka,5,Tried this after seeing the product online and liked the first experience. Both are useful in everyday cooking and the combo is convenient. Would consider adding it to my next order.,SYNTHETIC SAMPLE — FICTIONAL REVIEW / NOT A REAL CUSTOMER
Black Pepper + Coriander,Chetan Hegde,Jalandhar,Punjab,5,The aroma was noticeable when I opened the pack. I used this combination in gravies and marinades and liked it. It has become one of the regular items in my kitchen.,SYNTHETIC SAMPLE — FICTIONAL REVIEW / NOT A REAL CUSTOMER
Black Pepper + Coriander,Anjali Mehta,Dehradun,Uttarakhand,5,The aroma was noticeable when I opened the pack. I used this combination in gravies and marinades and liked it. I am satisfied with the first order.,SYNTHETIC SAMPLE — FICTIONAL REVIEW / NOT A REAL CUSTOMER
Black Pepper + Coriander,Tanya Arora,Bhubaneswar,Odisha,5,"Good first impression and the delivery was smooth. A practical pair for a regular kitchen. Overall, happy with the purchase.",SYNTHETIC SAMPLE — FICTIONAL REVIEW / NOT A REAL CUSTOMER
Black Pepper + Coriander,Ashish Joshi,Goa,Goa,5,I bought this for regular home use and have been using it quite often. A practical pair for a regular kitchen. It has become one of the regular items in my kitchen.,SYNTHETIC SAMPLE — FICTIONAL REVIEW / NOT A REAL CUSTOMER
Black Pepper + Coriander,Reena Patel,Kota,Rajasthan,5,I bought this for regular home use and have been using it quite often. A practical pair for a regular kitchen. I would buy it again.,SYNTHETIC SAMPLE — FICTIONAL REVIEW / NOT A REAL CUSTOMER
Black Pepper + Coriander,Rhea Srivastava,Nagpur,Maharashtra,4,The flavour is quite balanced for regular cooking. Both are useful in everyday cooking and the combo is convenient. Good value for regular home use.,SYNTHETIC SAMPLE — FICTIONAL REVIEW / NOT A REAL CUSTOMER
Black Pepper + Coriander,Shivam Deshmukh,Coimbatore,Tamil Nadu,3,Ordered this recently and the overall quality felt good. The pepper gives heat while coriander rounds out the flavour. It has become one of the regular items in my kitchen.,SYNTHETIC SAMPLE — FICTIONAL REVIEW / NOT A REAL CUSTOMER
Black Pepper + Coriander,Rohit Mehta,New Delhi,Delhi,5,I bought this for regular home use and have been using it quite often. I used this combination in gravies and marinades and liked it. Good value for regular home use.,SYNTHETIC SAMPLE — FICTIONAL REVIEW / NOT A REAL CUSTOMER
Black Pepper + Coriander,Meena Sethi,Ahmedabad,Gujarat,5,Good first impression and the delivery was smooth. A practical pair for a regular kitchen. No complaints so far.,SYNTHETIC SAMPLE — FICTIONAL REVIEW / NOT A REAL CUSTOMER
Black Pepper + Coriander,Dev Bhattacharya,Guwahati,Assam,5,Good first impression and the delivery was smooth. I used this combination in gravies and marinades and liked it. Good value for regular home use.,SYNTHETIC SAMPLE — FICTIONAL REVIEW / NOT A REAL CUSTOMER
Black Pepper + Coriander,Tanya Pawar,Amritsar,Punjab,5,"The packaging was neat and the product looked fresh. The pepper gives heat while coriander rounds out the flavour. So far, a good experience.",SYNTHETIC SAMPLE — FICTIONAL REVIEW / NOT A REAL CUSTOMER
Black Pepper + Coriander,Harish Patel,Kanpur,Uttar Pradesh,5,Ordered this recently and the overall quality felt good. Both are useful in everyday cooking and the combo is convenient. No complaints so far.,SYNTHETIC SAMPLE — FICTIONAL REVIEW / NOT A REAL CUSTOMER
Black Pepper + Coriander,Ravi Pawar,Bhopal,Madhya Pradesh,5,The aroma was noticeable when I opened the pack. I used this combination in gravies and marinades and liked it. Would consider adding it to my next order.,SYNTHETIC SAMPLE — FICTIONAL REVIEW / NOT A REAL CUSTOMER
Black Pepper + Coriander,Sneha Mukherjee,Vijayawada,Andhra Pradesh,5,"I liked the freshness more than I expected. I used this combination in gravies and marinades and liked it. Overall, happy with the purchase.",SYNTHETIC SAMPLE — FICTIONAL REVIEW / NOT A REAL CUSTOMER
Black Pepper + Coriander,Priya Khanna,Jaipur,Rajasthan,5,I bought this for regular home use and have been using it quite often. The pepper gives heat while coriander rounds out the flavour. It has become one of the regular items in my kitchen.,SYNTHETIC SAMPLE — FICTIONAL REVIEW / NOT A REAL CUSTOMER
Black Pepper + Coriander,Priya Pandey,Mumbai,Maharashtra,5,Tried this after seeing the product online and liked the first experience. Both are useful in everyday cooking and the combo is convenient. I would buy it again.,SYNTHETIC SAMPLE — FICTIONAL REVIEW / NOT A REAL CUSTOMER
Black Pepper + Coriander,Rohit Agarwal,Hyderabad,Telangana,5,Good first impression and the delivery was smooth. Both are useful in everyday cooking and the combo is convenient. Good value for regular home use.,SYNTHETIC SAMPLE — FICTIONAL REVIEW / NOT A REAL CUSTOMER
Black Pepper + Coriander,Zoya Banerjee,Patiala,Punjab,4,Ordered this recently and the overall quality felt good. I used this combination in gravies and marinades and liked it. Good value for regular home use.,SYNTHETIC SAMPLE — FICTIONAL REVIEW / NOT A REAL CUSTOMER
Black Pepper + Coriander,Aman Mehta,Shimla,Himachal Pradesh,5,The packaging was neat and the product looked fresh. I used this combination in gravies and marinades and liked it. It has become one of the regular items in my kitchen.,SYNTHETIC SAMPLE — FICTIONAL REVIEW / NOT A REAL CUSTOMER
Black Pepper + Coriander,Isha Joshi,Ranchi,Jharkhand,5,The aroma was noticeable when I opened the pack. A practical pair for a regular kitchen. It has become one of the regular items in my kitchen.,SYNTHETIC SAMPLE — FICTIONAL REVIEW / NOT A REAL CUSTOMER
Black Pepper + Coriander,Mohit Pandey,Raipur,Chhattisgarh,5,The pack arrived sealed and in good condition. I used this combination in gravies and marinades and liked it. I would buy it again.,SYNTHETIC SAMPLE — FICTIONAL REVIEW / NOT A REAL CUSTOMER
Black Pepper + Coriander,Deepika Agarwal,Lucknow,Uttar Pradesh,5,The flavour is quite balanced for regular cooking. Both are useful in everyday cooking and the combo is convenient. I am satisfied with the first order.,SYNTHETIC SAMPLE — FICTIONAL REVIEW / NOT A REAL CUSTOMER
Black Pepper + Coriander,Aditi Khanna,Nashik,Maharashtra,3,This has been useful for my everyday kitchen routine. Both are useful in everyday cooking and the combo is convenient. I am satisfied with the first order.,SYNTHETIC SAMPLE — FICTIONAL REVIEW / NOT A REAL CUSTOMER
Black Pepper + Coriander,Yash Mukherjee,Kochi,Kerala,5,"The flavour is quite balanced for regular cooking. Both are useful in everyday cooking and the combo is convenient. Overall, happy with the purchase.",SYNTHETIC SAMPLE — FICTIONAL REVIEW / NOT A REAL CUSTOMER
Black Pepper + Coriander,Rohit Naik,Gurugram,Haryana,5,I liked the freshness more than I expected. A practical pair for a regular kitchen. It has become one of the regular items in my kitchen.,SYNTHETIC SAMPLE — FICTIONAL REVIEW / NOT A REAL CUSTOMER
Black Pepper + Coriander,Aman Banerjee,Surat,Gujarat,4,The pack arrived sealed and in good condition. A practical pair for a regular kitchen. It has become one of the regular items in my kitchen.,SYNTHETIC SAMPLE — FICTIONAL REVIEW / NOT A REAL CUSTOMER
Black Pepper + Coriander,Sneha Malhotra,Bengaluru,Karnataka,5,Tried this after seeing the product online and liked the first experience. Both are useful in everyday cooking and the combo is convenient. I am satisfied with the first order.,SYNTHETIC SAMPLE — FICTIONAL REVIEW / NOT A REAL CUSTOMER
Black Pepper + Coriander,Ankit Kapoor,Ludhiana,Punjab,5,"Tried this after seeing the product online and liked the first experience. The pepper gives heat while coriander rounds out the flavour. Overall, happy with the purchase.",SYNTHETIC SAMPLE — FICTIONAL REVIEW / NOT A REAL CUSTOMER
Black Pepper + Coriander,Swati Pillai,Varanasi,Uttar Pradesh,5,"This has been useful for my everyday kitchen routine. The pepper gives heat while coriander rounds out the flavour. Overall, happy with the purchase.",SYNTHETIC SAMPLE — FICTIONAL REVIEW / NOT A REAL CUSTOMER
Black Pepper + Coriander,Sana Pillai,Kolkata,West Bengal,5,Ordered this recently and the overall quality felt good. A practical pair for a regular kitchen. No complaints so far.,SYNTHETIC SAMPLE — FICTIONAL REVIEW / NOT A REAL CUSTOMER
Black Pepper + Coriander,Isha Iyer,Visakhapatnam,Andhra Pradesh,5,Ordered this recently and the overall quality felt good. I used this combination in gravies and marinades and liked it. It has become one of the regular items in my kitchen.,SYNTHETIC SAMPLE — FICTIONAL REVIEW / NOT A REAL CUSTOMER
Black Pepper + Coriander,Pooja Sandhu,Jodhpur,Rajasthan,5,The flavour is quite balanced for regular cooking. A practical pair for a regular kitchen. It has become one of the regular items in my kitchen.,SYNTHETIC SAMPLE — FICTIONAL REVIEW / NOT A REAL CUSTOMER
Black Pepper + Coriander,Sourav Kumar,Pune,Maharashtra,3,"Good first impression and the delivery was smooth. A practical pair for a regular kitchen. So far, a good experience.",SYNTHETIC SAMPLE — FICTIONAL REVIEW / NOT A REAL CUSTOMER
Black Pepper + Coriander,Aishwarya Mehta,Chennai,Tamil Nadu,5,This has been useful for my everyday kitchen routine. The pepper gives heat while coriander rounds out the flavour. Would consider adding it to my next order.,SYNTHETIC SAMPLE — FICTIONAL REVIEW / NOT A REAL CUSTOMER
Black Pepper + Coriander,Shivam Pandey,Chandigarh,Chandigarh,5,This has been useful for my everyday kitchen routine. Both are useful in everyday cooking and the combo is convenient. No complaints so far.,SYNTHETIC SAMPLE — FICTIONAL REVIEW / NOT A REAL CUSTOMER
Black Pepper + Coriander,Ankit Deshmukh,Jammu,Jammu & Kashmir,5,Ordered this recently and the overall quality felt good. I used this combination in gravies and marinades and liked it. Would consider adding it to my next order.,SYNTHETIC SAMPLE — FICTIONAL REVIEW / NOT A REAL CUSTOMER
Black Pepper + Coriander,Aditi Joshi,Patna,Bihar,5,"The pack arrived sealed and in good condition. Both are useful in everyday cooking and the combo is convenient. Overall, happy with the purchase.",SYNTHETIC SAMPLE — FICTIONAL REVIEW / NOT A REAL CUSTOMER
Black Pepper + Coriander,Sakshi Thakur,Bengaluru,Karnataka,5,The aroma was noticeable when I opened the pack. A practical pair for a regular kitchen. Good value for regular home use.,SYNTHETIC SAMPLE — FICTIONAL REVIEW / NOT A REAL CUSTOMER
Black Pepper + Coriander,Sanjana Rawat,Noida,Uttar Pradesh,5,The packaging was neat and the product looked fresh. A practical pair for a regular kitchen. Good value for regular home use.,SYNTHETIC SAMPLE — FICTIONAL REVIEW / NOT A REAL CUSTOMER
Black Pepper + Coriander,Deepak Shah,Indore,Madhya Pradesh,5,I liked the freshness more than I expected. Both are useful in everyday cooking and the combo is convenient. It has become one of the regular items in my kitchen.,SYNTHETIC SAMPLE — FICTIONAL REVIEW / NOT A REAL CUSTOMER
Black Pepper + Coriander,Amit Menon,Thiruvananthapuram,Kerala,5,"This has been useful for my everyday kitchen routine. A practical pair for a regular kitchen. So far, a good experience.",SYNTHETIC SAMPLE — FICTIONAL REVIEW / NOT A REAL CUSTOMER
Black Pepper + Coriander,Srishti Singh,Faridabad,Haryana,5,The packaging was neat and the product looked fresh. The pepper gives heat while coriander rounds out the flavour. No complaints so far.,SYNTHETIC SAMPLE — FICTIONAL REVIEW / NOT A REAL CUSTOMER
Premium Herbal Red Tea (teabags),Amit Kumar,Amritsar,Punjab,5,The aroma was pleasant when I opened the pack. The teabags are convenient and the brew has a nice colour. Satisfied with the first order.,SYNTHETIC SAMPLE — FICTIONAL REVIEW / NOT A REAL CUSTOMER
Premium Herbal Red Tea (teabags),Dev Pillai,Gurugram,Haryana,5,The pack arrived sealed and in good condition. The teabags are convenient and the brew has a nice colour. I would buy it again.,SYNTHETIC SAMPLE — FICTIONAL REVIEW / NOT A REAL CUSTOMER
Premium Herbal Red Tea (teabags),Harish Dhillon,Ahmedabad,Gujarat,4,"I bought this for home use and have been using it regularly. The teabags are convenient and the brew has a nice colour. Overall, happy with the purchase.",SYNTHETIC SAMPLE — FICTIONAL REVIEW / NOT A REAL CUSTOMER
Premium Herbal Red Tea (teabags),Simran Bisht,Bhubaneswar,Odisha,5,The packaging was neat and the product looked fresh. Good option when I want something different from regular chai. It has become a regular item at home.,SYNTHETIC SAMPLE — FICTIONAL REVIEW / NOT A REAL CUSTOMER
Premium Herbal Red Tea (teabags),Ananya Tripathi,Chennai,Tamil Nadu,4,"I bought this for home use and have been using it regularly. I liked the tangy red-tea flavour, especially as an evening drink. Satisfied with the first order.",SYNTHETIC SAMPLE — FICTIONAL REVIEW / NOT A REAL CUSTOMER
Premium Herbal Red Tea (teabags),Megha Banerjee,Ludhiana,Punjab,5,"Tried this after seeing it online and liked the first experience. I liked the tangy red-tea flavour, especially as an evening drink. Overall, happy with the purchase.",SYNTHETIC SAMPLE — FICTIONAL REVIEW / NOT A REAL CUSTOMER
Premium Herbal Red Tea (teabags),Megha Gupta,Jaipur,Rajasthan,5,"I bought this for home use and have been using it regularly. The hibiscus aroma is pleasant and the tea is easy to make. Overall, happy with the purchase.",SYNTHETIC SAMPLE — FICTIONAL REVIEW / NOT A REAL CUSTOMER
Premium Herbal Red Tea (teabags),Amrita Verma,Mumbai,Maharashtra,5,Ordered this recently and the overall quality felt good. The hibiscus aroma is pleasant and the tea is easy to make. Would consider adding it to my next order.,SYNTHETIC SAMPLE — FICTIONAL REVIEW / NOT A REAL CUSTOMER
Premium Herbal Red Tea (teabags),Ashish Pandey,Patna,Bihar,5,The aroma was pleasant when I opened the pack. The teabags are convenient and the brew has a nice colour. Would consider adding it to my next order.,SYNTHETIC SAMPLE — FICTIONAL REVIEW / NOT A REAL CUSTOMER
Premium Herbal Red Tea (teabags),Sakshi Kohli,Kochi,Kerala,5,"The flavour was balanced and easy to enjoy. The hibiscus aroma is pleasant and the tea is easy to make. Overall, happy with the purchase.",SYNTHETIC SAMPLE — FICTIONAL REVIEW / NOT A REAL CUSTOMER
Premium Herbal Red Tea (teabags),Akash Khanna,Jalandhar,Punjab,5,"Ordered this recently and the overall quality felt good. Good option when I want something different from regular chai. So far, a good experience.",SYNTHETIC SAMPLE — FICTIONAL REVIEW / NOT A REAL CUSTOMER
Premium Herbal Red Tea (teabags),Simran Singh,Lucknow,Uttar Pradesh,4,The aroma was pleasant when I opened the pack. Good option when I want something different from regular chai. Would consider adding it to my next order.,SYNTHETIC SAMPLE — FICTIONAL REVIEW / NOT A REAL CUSTOMER
Premium Herbal Red Tea (teabags),Srishti Nair,Pune,Maharashtra,5,"Good first impression and the delivery was smooth. I liked the tangy red-tea flavour, especially as an evening drink. Would consider adding it to my next order.",SYNTHETIC SAMPLE — FICTIONAL REVIEW / NOT A REAL CUSTOMER
Premium Herbal Red Tea (teabags),Varun Sethi,Guwahati,Assam,5,"Tried this after seeing it online and liked the first experience. The teabags are convenient and the brew has a nice colour. Overall, happy with the purchase.",SYNTHETIC SAMPLE — FICTIONAL REVIEW / NOT A REAL CUSTOMER
Premium Herbal Red Tea (teabags),Harpreet Roy,Vijayawada,Andhra Pradesh,5,"The aroma was pleasant when I opened the pack. I liked the tangy red-tea flavour, especially as an evening drink. Satisfied with the first order.",SYNTHETIC SAMPLE — FICTIONAL REVIEW / NOT A REAL CUSTOMER
Premium Herbal Red Tea (teabags),Pradeep Nair,Chandigarh,Chandigarh,5,"The aroma was pleasant when I opened the pack. I liked the tangy red-tea flavour, especially as an evening drink. Overall, happy with the purchase.",SYNTHETIC SAMPLE — FICTIONAL REVIEW / NOT A REAL CUSTOMER
Premium Herbal Red Tea (teabags),Nikhil Dutta,Dehradun,Uttarakhand,5,"Tried this after seeing it online and liked the first experience. The teabags are convenient and the brew has a nice colour. Overall, happy with the purchase.",SYNTHETIC SAMPLE — FICTIONAL REVIEW / NOT A REAL CUSTOMER
Premium Herbal Red Tea (teabags),Ravi Gill,Indore,Madhya Pradesh,5,The pack arrived sealed and in good condition. Good option when I want something different from regular chai. It has become a regular item at home.,SYNTHETIC SAMPLE — FICTIONAL REVIEW / NOT A REAL CUSTOMER
Premium Herbal Red Tea (teabags),Ananya Verma,Bengaluru,Karnataka,5,Tried this after seeing it online and liked the first experience. The hibiscus aroma is pleasant and the tea is easy to make. Satisfied with the first order.,SYNTHETIC SAMPLE — FICTIONAL REVIEW / NOT A REAL CUSTOMER
Premium Herbal Red Tea (teabags),Karan Mehta,Goa,Goa,5,"Ordered this recently and the overall quality felt good. The teabags are convenient and the brew has a nice colour. Overall, happy with the purchase.",SYNTHETIC SAMPLE — FICTIONAL REVIEW / NOT A REAL CUSTOMER
Premium Herbal Red Tea (teabags),Vikas Rawat,New Delhi,Delhi,5,"I bought this for home use and have been using it regularly. I liked the tangy red-tea flavour, especially as an evening drink. I would buy it again.",SYNTHETIC SAMPLE — FICTIONAL REVIEW / NOT A REAL CUSTOMER
Premium Herbal Red Tea (teabags),Amit Chatterjee,Jammu,Jammu & Kashmir,5,The aroma was pleasant when I opened the pack. The teabags are convenient and the brew has a nice colour. It has become a regular item at home.,SYNTHETIC SAMPLE — FICTIONAL REVIEW / NOT A REAL CUSTOMER
Premium Herbal Red Tea (teabags),Meena Roy,Kolkata,West Bengal,5,Tried this after seeing it online and liked the first experience. The teabags are convenient and the brew has a nice colour. It has become a regular item at home.,SYNTHETIC SAMPLE — FICTIONAL REVIEW / NOT A REAL CUSTOMER
Premium Herbal Red Tea (teabags),Rajat Singh,Hyderabad,Telangana,5,"Tried this after seeing it online and liked the first experience. I liked the tangy red-tea flavour, especially as an evening drink. I would buy it again.",SYNTHETIC SAMPLE — FICTIONAL REVIEW / NOT A REAL CUSTOMER
Premium Herbal Red Tea (teabags),Anjali Sethi,Amritsar,Punjab,5,Tried this after seeing it online and liked the first experience. The hibiscus aroma is pleasant and the tea is easy to make. It has become a regular item at home.,SYNTHETIC SAMPLE — FICTIONAL REVIEW / NOT A REAL CUSTOMER
Premium Herbal Red Tea (teabags),Manish Chaudhary,Gurugram,Haryana,5,"The packaging was neat and the product looked fresh. Good option when I want something different from regular chai. Overall, happy with the purchase.",SYNTHETIC SAMPLE — FICTIONAL REVIEW / NOT A REAL CUSTOMER
Premium Herbal Red Tea (teabags),Aditya Mishra,Ahmedabad,Gujarat,5,"The packaging was neat and the product looked fresh. The teabags are convenient and the brew has a nice colour. So far, a good experience.",SYNTHETIC SAMPLE — FICTIONAL REVIEW / NOT A REAL CUSTOMER
Premium Herbal Red Tea (teabags),Amrita Joshi,Bhubaneswar,Odisha,3,"The packaging was neat and the product looked fresh. The hibiscus aroma is pleasant and the tea is easy to make. Overall, happy with the purchase.",SYNTHETIC SAMPLE — FICTIONAL REVIEW / NOT A REAL CUSTOMER
Premium Herbal Red Tea (teabags),Vikas Gill,Chennai,Tamil Nadu,5,"The packaging was neat and the product looked fresh. Good option when I want something different from regular chai. Overall, happy with the purchase.",SYNTHETIC SAMPLE — FICTIONAL REVIEW / NOT A REAL CUSTOMER
Premium Herbal Red Tea (teabags),Srishti Rao,Ludhiana,Punjab,5,"I bought this for home use and have been using it regularly. I liked the tangy red-tea flavour, especially as an evening drink. So far, a good experience.",SYNTHETIC SAMPLE — FICTIONAL REVIEW / NOT A REAL CUSTOMER
Premium Herbal Red Tea (teabags),Priya Oberoi,Jaipur,Rajasthan,5,The packaging was neat and the product looked fresh. Good option when I want something different from regular chai. Would consider adding it to my next order.,SYNTHETIC SAMPLE — FICTIONAL REVIEW / NOT A REAL CUSTOMER
Premium Herbal Red Tea (teabags),Gauri Shah,Mumbai,Maharashtra,5,"I bought this for home use and have been using it regularly. Good option when I want something different from regular chai. So far, a good experience.",SYNTHETIC SAMPLE — FICTIONAL REVIEW / NOT A REAL CUSTOMER
Premium Herbal Red Tea (teabags),Shalini Pillai,Patna,Bihar,5,"Good first impression and the delivery was smooth. The teabags are convenient and the brew has a nice colour. So far, a good experience.",SYNTHETIC SAMPLE — FICTIONAL REVIEW / NOT A REAL CUSTOMER
Premium Herbal Red Tea (teabags),Neha Shetty,Kochi,Kerala,5,Tried this after seeing it online and liked the first experience. Good option when I want something different from regular chai. It has become a regular item at home.,SYNTHETIC SAMPLE — FICTIONAL REVIEW / NOT A REAL CUSTOMER
Premium Herbal Red Tea (teabags),Deepak Kaur,Jalandhar,Punjab,5,"Good first impression and the delivery was smooth. The teabags are convenient and the brew has a nice colour. Overall, happy with the purchase.",SYNTHETIC SAMPLE — FICTIONAL REVIEW / NOT A REAL CUSTOMER
Premium Herbal Red Tea (teabags),Sourav Patel,Lucknow,Uttar Pradesh,4,"The flavour was balanced and easy to enjoy. I liked the tangy red-tea flavour, especially as an evening drink. Would consider adding it to my next order.",SYNTHETIC SAMPLE — FICTIONAL REVIEW / NOT A REAL CUSTOMER
Premium Herbal Red Tea (teabags),Yash Joshi,Pune,Maharashtra,5,The aroma was pleasant when I opened the pack. Good option when I want something different from regular chai. Satisfied with the first order.,SYNTHETIC SAMPLE — FICTIONAL REVIEW / NOT A REAL CUSTOMER
Premium Herbal Red Tea (teabags),Vikas Mishra,Guwahati,Assam,5,"Good first impression and the delivery was smooth. The hibiscus aroma is pleasant and the tea is easy to make. Overall, happy with the purchase.",SYNTHETIC SAMPLE — FICTIONAL REVIEW / NOT A REAL CUSTOMER
Premium Herbal Red Tea (teabags),Varun Thakur,Vijayawada,Andhra Pradesh,5,I bought this for home use and have been using it regularly. Good option when I want something different from regular chai. Satisfied with the first order.,SYNTHETIC SAMPLE — FICTIONAL REVIEW / NOT A REAL CUSTOMER
Premium Herbal Red Tea (teabags),Monika Pillai,Chandigarh,Chandigarh,5,Ordered this recently and the overall quality felt good. The teabags are convenient and the brew has a nice colour. It has become a regular item at home.,SYNTHETIC SAMPLE — FICTIONAL REVIEW / NOT A REAL CUSTOMER
Premium Herbal Red Tea (teabags),Meena Kulkarni,Dehradun,Uttarakhand,5,Ordered this recently and the overall quality felt good. Good option when I want something different from regular chai. I would buy it again.,SYNTHETIC SAMPLE — FICTIONAL REVIEW / NOT A REAL CUSTOMER
Premium Herbal Red Tea (teabags),Tanya Dutta,Indore,Madhya Pradesh,4,The aroma was pleasant when I opened the pack. Good option when I want something different from regular chai. Satisfied with the first order.,SYNTHETIC SAMPLE — FICTIONAL REVIEW / NOT A REAL CUSTOMER
Premium Herbal Red Tea (teabags),Sakshi Kaur,Bengaluru,Karnataka,5,"The packaging was neat and the product looked fresh. I liked the tangy red-tea flavour, especially as an evening drink. Satisfied with the first order.",SYNTHETIC SAMPLE — FICTIONAL REVIEW / NOT A REAL CUSTOMER
Premium Herbal Red Tea (teabags),Yash Tripathi,Goa,Goa,5,The packaging was neat and the product looked fresh. The hibiscus aroma is pleasant and the tea is easy to make. I would buy it again.,SYNTHETIC SAMPLE — FICTIONAL REVIEW / NOT A REAL CUSTOMER
Premium Herbal Red Tea (teabags),Karan Khanna,New Delhi,Delhi,5,"Good first impression and the delivery was smooth. The hibiscus aroma is pleasant and the tea is easy to make. So far, a good experience.",SYNTHETIC SAMPLE — FICTIONAL REVIEW / NOT A REAL CUSTOMER
Premium Herbal Red Tea (teabags),Kriti Chatterjee,Jammu,Jammu & Kashmir,4,Good first impression and the delivery was smooth. Good option when I want something different from regular chai. Satisfied with the first order.,SYNTHETIC SAMPLE — FICTIONAL REVIEW / NOT A REAL CUSTOMER
Premium Herbal Red Tea (teabags),Rakesh Shetty,Kolkata,West Bengal,5,The packaging was neat and the product looked fresh. The hibiscus aroma is pleasant and the tea is easy to make. Satisfied with the first order.,SYNTHETIC SAMPLE — FICTIONAL REVIEW / NOT A REAL CUSTOMER
Premium Herbal Red Tea (teabags),Nisha Joshi,Hyderabad,Telangana,4,The pack arrived sealed and in good condition. The teabags are convenient and the brew has a nice colour. I would buy it again.,SYNTHETIC SAMPLE — FICTIONAL REVIEW / NOT A REAL CUSTOMER
Premium Herbal Red Tea (teabags),Arpita Pandey,Amritsar,Punjab,5,"I bought this for home use and have been using it regularly. The teabags are convenient and the brew has a nice colour. Overall, happy with the purchase.",SYNTHETIC SAMPLE — FICTIONAL REVIEW / NOT A REAL CUSTOMER
Premium Herbal Red Tea (teabags),Divya Tiwari,Gurugram,Haryana,5,"The aroma was pleasant when I opened the pack. The teabags are convenient and the brew has a nice colour. Overall, happy with the purchase.",SYNTHETIC SAMPLE — FICTIONAL REVIEW / NOT A REAL CUSTOMER
Premium Herbal Red Tea (teabags),Shivam Bedi,Ahmedabad,Gujarat,5,"Ordered this recently and the overall quality felt good. The hibiscus aroma is pleasant and the tea is easy to make. Overall, happy with the purchase.",SYNTHETIC SAMPLE — FICTIONAL REVIEW / NOT A REAL CUSTOMER
Premium Herbal Red Tea (teabags),Monika Kaur,Bhubaneswar,Odisha,5,Tried this after seeing it online and liked the first experience. Good option when I want something different from regular chai. It has become a regular item at home.,SYNTHETIC SAMPLE — FICTIONAL REVIEW / NOT A REAL CUSTOMER
Premium Herbal Red Tea (teabags),Pallavi Deshmukh,Chennai,Tamil Nadu,5,"The aroma was pleasant when I opened the pack. I liked the tangy red-tea flavour, especially as an evening drink. It has become a regular item at home.",SYNTHETIC SAMPLE — FICTIONAL REVIEW / NOT A REAL CUSTOMER
Premium Herbal Red Tea (teabags),Jatin Sandhu,Ludhiana,Punjab,5,The pack arrived sealed and in good condition. Good option when I want something different from regular chai. It has become a regular item at home.,SYNTHETIC SAMPLE — FICTIONAL REVIEW / NOT A REAL CUSTOMER
Premium Herbal Red Tea (teabags),Tarun Das,Jaipur,Rajasthan,5,The aroma was pleasant when I opened the pack. The hibiscus aroma is pleasant and the tea is easy to make. Satisfied with the first order.,SYNTHETIC SAMPLE — FICTIONAL REVIEW / NOT A REAL CUSTOMER
Premium Herbal Red Tea (teabags),Megha Chatterjee,Mumbai,Maharashtra,5,The packaging was neat and the product looked fresh. Good option when I want something different from regular chai. It has become a regular item at home.,SYNTHETIC SAMPLE — FICTIONAL REVIEW / NOT A REAL CUSTOMER
Premium Herbal Red Tea (teabags),Sana Arora,Patna,Bihar,5,"Good first impression and the delivery was smooth. The hibiscus aroma is pleasant and the tea is easy to make. So far, a good experience.",SYNTHETIC SAMPLE — FICTIONAL REVIEW / NOT A REAL CUSTOMER
Premium Herbal Red Tea (teabags),Rajat Sen,Kochi,Kerala,5,I bought this for home use and have been using it regularly. The teabags are convenient and the brew has a nice colour. Satisfied with the first order.,SYNTHETIC SAMPLE — FICTIONAL REVIEW / NOT A REAL CUSTOMER
Premium Herbal Red Tea (teabags),Rahul Rao,Jalandhar,Punjab,5,"I bought this for home use and have been using it regularly. I liked the tangy red-tea flavour, especially as an evening drink. Would consider adding it to my next order.",SYNTHETIC SAMPLE — FICTIONAL REVIEW / NOT A REAL CUSTOMER
Premium Herbal Red Tea (teabags),Rhea Singh,Lucknow,Uttar Pradesh,5,"Tried this after seeing it online and liked the first experience. Good option when I want something different from regular chai. Overall, happy with the purchase.",SYNTHETIC SAMPLE — FICTIONAL REVIEW / NOT A REAL CUSTOMER
Premium Herbal Red Tea (teabags),Sanjay Patel,Pune,Maharashtra,5,The flavour was balanced and easy to enjoy. The hibiscus aroma is pleasant and the tea is easy to make. Would consider adding it to my next order.,SYNTHETIC SAMPLE — FICTIONAL REVIEW / NOT A REAL CUSTOMER
Premium Herbal Red Tea (teabags),Ananya Das,Guwahati,Assam,5,The aroma was pleasant when I opened the pack. The teabags are convenient and the brew has a nice colour. Satisfied with the first order.,SYNTHETIC SAMPLE — FICTIONAL REVIEW / NOT A REAL CUSTOMER
Premium Herbal Red Tea (teabags),Gaurav Dutta,Vijayawada,Andhra Pradesh,5,Ordered this recently and the overall quality felt good. The hibiscus aroma is pleasant and the tea is easy to make. Satisfied with the first order.,SYNTHETIC SAMPLE — FICTIONAL REVIEW / NOT A REAL CUSTOMER
Premium Herbal Red Tea (teabags),Naveen Verma,Chandigarh,Chandigarh,4,"The packaging was neat and the product looked fresh. The hibiscus aroma is pleasant and the tea is easy to make. Overall, happy with the purchase.",SYNTHETIC SAMPLE — FICTIONAL REVIEW / NOT A REAL CUSTOMER
Premium Herbal Red Tea (teabags),Rajat Chopra,Dehradun,Uttarakhand,4,"The aroma was pleasant when I opened the pack. The teabags are convenient and the brew has a nice colour. Overall, happy with the purchase.",SYNTHETIC SAMPLE — FICTIONAL REVIEW / NOT A REAL CUSTOMER
Premium Herbal Red Tea (teabags),Rajat Roy,Indore,Madhya Pradesh,4,"The packaging was neat and the product looked fresh. I liked the tangy red-tea flavour, especially as an evening drink. I would buy it again.",SYNTHETIC SAMPLE — FICTIONAL REVIEW / NOT A REAL CUSTOMER
Premium Herbal Red Tea (teabags),Varun Shah,Bengaluru,Karnataka,5,"Ordered this recently and the overall quality felt good. I liked the tangy red-tea flavour, especially as an evening drink. Overall, happy with the purchase.",SYNTHETIC SAMPLE — FICTIONAL REVIEW / NOT A REAL CUSTOMER
Premium Herbal Red Tea (teabags),Dev Chatterjee,Goa,Goa,5,"The packaging was neat and the product looked fresh. The teabags are convenient and the brew has a nice colour. Overall, happy with the purchase.",SYNTHETIC SAMPLE — FICTIONAL REVIEW / NOT A REAL CUSTOMER
Premium Herbal Red Tea (teabags),Chetan Thakur,New Delhi,Delhi,5,"The aroma was pleasant when I opened the pack. I liked the tangy red-tea flavour, especially as an evening drink. It has become a regular item at home.",SYNTHETIC SAMPLE — FICTIONAL REVIEW / NOT A REAL CUSTOMER
Premium Herbal Red Tea (teabags),Pradeep Rao,Jammu,Jammu & Kashmir,4,Good first impression and the delivery was smooth. Good option when I want something different from regular chai. Would consider adding it to my next order.,SYNTHETIC SAMPLE — FICTIONAL REVIEW / NOT A REAL CUSTOMER
Premium Herbal Red Tea (teabags),Ashish Chopra,Kolkata,West Bengal,4,Good first impression and the delivery was smooth. The hibiscus aroma is pleasant and the tea is easy to make. I would buy it again.,SYNTHETIC SAMPLE — FICTIONAL REVIEW / NOT A REAL CUSTOMER
Premium Herbal Red Tea (teabags),Swati Sinha,Hyderabad,Telangana,5,I bought this for home use and have been using it regularly. Good option when I want something different from regular chai. Satisfied with the first order.,SYNTHETIC SAMPLE — FICTIONAL REVIEW / NOT A REAL CUSTOMER
Premium Herbal Red Tea (teabags),Harish Das,Amritsar,Punjab,5,"The flavour was balanced and easy to enjoy. I liked the tangy red-tea flavour, especially as an evening drink. It has become a regular item at home.",SYNTHETIC SAMPLE — FICTIONAL REVIEW / NOT A REAL CUSTOMER
Premium Herbal Red Tea (loose),Shivam Malhotra,Chandigarh,Chandigarh,5,The flavour was balanced and easy to enjoy. The flavour is pleasant and the pack was neatly sealed. It has become a regular item at home.,SYNTHETIC SAMPLE — FICTIONAL REVIEW / NOT A REAL CUSTOMER
Premium Herbal Red Tea (loose),Rishi Yadav,Dehradun,Uttarakhand,5,Tried this after seeing it online and liked the first experience. The loose tea has a nice colour and fresh herbal aroma. Would consider adding it to my next order.,SYNTHETIC SAMPLE — FICTIONAL REVIEW / NOT A REAL CUSTOMER
Premium Herbal Red Tea (loose),Simran Tiwari,Indore,Madhya Pradesh,5,"The packaging was neat and the product looked fresh. I enjoyed making this as an evening cup with a little lemon. So far, a good experience.",SYNTHETIC SAMPLE — FICTIONAL REVIEW / NOT A REAL CUSTOMER
Premium Herbal Red Tea (loose),Sana Khanna,Bengaluru,Karnataka,5,The pack arrived sealed and in good condition. The flavour is pleasant and the pack was neatly sealed. Would consider adding it to my next order.,SYNTHETIC SAMPLE — FICTIONAL REVIEW / NOT A REAL CUSTOMER
Premium Herbal Red Tea (loose),Deepika Patil,Goa,Goa,5,The packaging was neat and the product looked fresh. Easy to adjust the strength when making a cup. Would consider adding it to my next order.,SYNTHETIC SAMPLE — FICTIONAL REVIEW / NOT A REAL CUSTOMER
Premium Herbal Red Tea (loose),Bharat Nair,New Delhi,Delhi,5,"The pack arrived sealed and in good condition. Easy to adjust the strength when making a cup. Overall, happy with the purchase.",SYNTHETIC SAMPLE — FICTIONAL REVIEW / NOT A REAL CUSTOMER
Premium Herbal Red Tea (loose),Aditya Banerjee,Jammu,Jammu & Kashmir,5,"I bought this for home use and have been using it regularly. The flavour is pleasant and the pack was neatly sealed. Overall, happy with the purchase.",SYNTHETIC SAMPLE — FICTIONAL REVIEW / NOT A REAL CUSTOMER
Premium Herbal Red Tea (loose),Karan Bisht,Kolkata,West Bengal,5,Tried this after seeing it online and liked the first experience. The flavour is pleasant and the pack was neatly sealed. It has become a regular item at home.,SYNTHETIC SAMPLE — FICTIONAL REVIEW / NOT A REAL CUSTOMER
Premium Herbal Red Tea (loose),Aishwarya Arora,Hyderabad,Telangana,5,Good first impression and the delivery was smooth. The flavour is pleasant and the pack was neatly sealed. I would buy it again.,SYNTHETIC SAMPLE — FICTIONAL REVIEW / NOT A REAL CUSTOMER
Premium Herbal Red Tea (loose),Ankit Naik,Amritsar,Punjab,5,Ordered this recently and the overall quality felt good. The flavour is pleasant and the pack was neatly sealed. I would buy it again.,SYNTHETIC SAMPLE — FICTIONAL REVIEW / NOT A REAL CUSTOMER
Premium Herbal Red Tea (loose),Reena Tripathi,Gurugram,Haryana,5,"Tried this after seeing it online and liked the first experience. The loose tea has a nice colour and fresh herbal aroma. So far, a good experience.",SYNTHETIC SAMPLE — FICTIONAL REVIEW / NOT A REAL CUSTOMER
Premium Herbal Red Tea (loose),Raj Dhillon,Ahmedabad,Gujarat,5,"The packaging was neat and the product looked fresh. Easy to adjust the strength when making a cup. So far, a good experience.",SYNTHETIC SAMPLE — FICTIONAL REVIEW / NOT A REAL CUSTOMER
Premium Herbal Red Tea (loose),Chetan Bhattacharya,Bhubaneswar,Odisha,5,Good first impression and the delivery was smooth. Easy to adjust the strength when making a cup. Would consider adding it to my next order.,SYNTHETIC SAMPLE — FICTIONAL REVIEW / NOT A REAL CUSTOMER
Premium Herbal Red Tea (loose),Raj Shetty,Chennai,Tamil Nadu,5,Ordered this recently and the overall quality felt good. The loose tea has a nice colour and fresh herbal aroma. Satisfied with the first order.,SYNTHETIC SAMPLE — FICTIONAL REVIEW / NOT A REAL CUSTOMER
Premium Herbal Red Tea (loose),Amit Thakur,Ludhiana,Punjab,5,The aroma was pleasant when I opened the pack. The flavour is pleasant and the pack was neatly sealed. Satisfied with the first order.,SYNTHETIC SAMPLE — FICTIONAL REVIEW / NOT A REAL CUSTOMER
Premium Herbal Red Tea (loose),Neha Deshmukh,Jaipur,Rajasthan,5,Ordered this recently and the overall quality felt good. The loose tea has a nice colour and fresh herbal aroma. It has become a regular item at home.,SYNTHETIC SAMPLE — FICTIONAL REVIEW / NOT A REAL CUSTOMER
Premium Herbal Red Tea (loose),Rakesh Joshi,Mumbai,Maharashtra,5,Ordered this recently and the overall quality felt good. I enjoyed making this as an evening cup with a little lemon. I would buy it again.,SYNTHETIC SAMPLE — FICTIONAL REVIEW / NOT A REAL CUSTOMER
Premium Herbal Red Tea (loose),Nisha Arora,Patna,Bihar,5,I bought this for home use and have been using it regularly. The flavour is pleasant and the pack was neatly sealed. I would buy it again.,SYNTHETIC SAMPLE — FICTIONAL REVIEW / NOT A REAL CUSTOMER
Premium Herbal Red Tea (loose),Rakesh Gupta,Kochi,Kerala,4,The packaging was neat and the product looked fresh. Easy to adjust the strength when making a cup. Satisfied with the first order.,SYNTHETIC SAMPLE — FICTIONAL REVIEW / NOT A REAL CUSTOMER
Premium Herbal Red Tea (loose),Sakshi Dutta,Jalandhar,Punjab,5,"Ordered this recently and the overall quality felt good. Easy to adjust the strength when making a cup. So far, a good experience.",SYNTHETIC SAMPLE — FICTIONAL REVIEW / NOT A REAL CUSTOMER
Premium Herbal Red Tea (loose),Sanjay Sandhu,Lucknow,Uttar Pradesh,4,"The flavour was balanced and easy to enjoy. Easy to adjust the strength when making a cup. So far, a good experience.",SYNTHETIC SAMPLE — FICTIONAL REVIEW / NOT A REAL CUSTOMER
Premium Herbal Red Tea (loose),Swati Kaur,Pune,Maharashtra,4,Ordered this recently and the overall quality felt good. The flavour is pleasant and the pack was neatly sealed. Satisfied with the first order.,SYNTHETIC SAMPLE — FICTIONAL REVIEW / NOT A REAL CUSTOMER
Premium Herbal Red Tea (loose),Gauri Yadav,Guwahati,Assam,5,Tried this after seeing it online and liked the first experience. I enjoyed making this as an evening cup with a little lemon. I would buy it again.,SYNTHETIC SAMPLE — FICTIONAL REVIEW / NOT A REAL CUSTOMER
Premium Herbal Red Tea (loose),Kriti Sandhu,Vijayawada,Andhra Pradesh,5,"Good first impression and the delivery was smooth. The loose tea has a nice colour and fresh herbal aroma. Overall, happy with the purchase.",SYNTHETIC SAMPLE — FICTIONAL REVIEW / NOT A REAL CUSTOMER
Premium Herbal Red Tea (loose),Varun Oberoi,Chandigarh,Chandigarh,5,Good first impression and the delivery was smooth. The loose tea has a nice colour and fresh herbal aroma. Would consider adding it to my next order.,SYNTHETIC SAMPLE — FICTIONAL REVIEW / NOT A REAL CUSTOMER
Premium Herbal Red Tea (loose),Rhea Agarwal,Dehradun,Uttarakhand,5,I bought this for home use and have been using it regularly. The flavour is pleasant and the pack was neatly sealed. It has become a regular item at home.,SYNTHETIC SAMPLE — FICTIONAL REVIEW / NOT A REAL CUSTOMER
Premium Herbal Red Tea (loose),Rakesh Patel,Indore,Madhya Pradesh,5,"Tried this after seeing it online and liked the first experience. I enjoyed making this as an evening cup with a little lemon. So far, a good experience.",SYNTHETIC SAMPLE — FICTIONAL REVIEW / NOT A REAL CUSTOMER
Premium Herbal Red Tea (loose),Amrita Gill,Bengaluru,Karnataka,5,The flavour was balanced and easy to enjoy. I enjoyed making this as an evening cup with a little lemon. I would buy it again.,SYNTHETIC SAMPLE — FICTIONAL REVIEW / NOT A REAL CUSTOMER
Premium Herbal Red Tea (loose),Vinay Shetty,Goa,Goa,5,The pack arrived sealed and in good condition. The flavour is pleasant and the pack was neatly sealed. Satisfied with the first order.,SYNTHETIC SAMPLE — FICTIONAL REVIEW / NOT A REAL CUSTOMER
Premium Herbal Red Tea (loose),Megha Patil,New Delhi,Delhi,5,Good first impression and the delivery was smooth. I enjoyed making this as an evening cup with a little lemon. I would buy it again.,SYNTHETIC SAMPLE — FICTIONAL REVIEW / NOT A REAL CUSTOMER
Premium Herbal Red Tea (loose),Pallavi Bisht,Jammu,Jammu & Kashmir,5,I bought this for home use and have been using it regularly. The loose tea has a nice colour and fresh herbal aroma. I would buy it again.,SYNTHETIC SAMPLE — FICTIONAL REVIEW / NOT A REAL CUSTOMER
Premium Herbal Red Tea (loose),Priya Sinha,Kolkata,West Bengal,5,Good first impression and the delivery was smooth. Easy to adjust the strength when making a cup. Would consider adding it to my next order.,SYNTHETIC SAMPLE — FICTIONAL REVIEW / NOT A REAL CUSTOMER
Premium Herbal Red Tea (loose),Jatin Rawat,Hyderabad,Telangana,5,I bought this for home use and have been using it regularly. The loose tea has a nice colour and fresh herbal aroma. Satisfied with the first order.,SYNTHETIC SAMPLE — FICTIONAL REVIEW / NOT A REAL CUSTOMER
Premium Herbal Red Tea (loose),Sonam Das,Amritsar,Punjab,4,The flavour was balanced and easy to enjoy. I enjoyed making this as an evening cup with a little lemon. Satisfied with the first order.,SYNTHETIC SAMPLE — FICTIONAL REVIEW / NOT A REAL CUSTOMER
Premium Herbal Red Tea (loose),Sana Kapoor,Gurugram,Haryana,5,"Tried this after seeing it online and liked the first experience. Easy to adjust the strength when making a cup. Overall, happy with the purchase.",SYNTHETIC SAMPLE — FICTIONAL REVIEW / NOT A REAL CUSTOMER
Premium Herbal Red Tea (loose),Reena Sodhi,Ahmedabad,Gujarat,5,"Tried this after seeing it online and liked the first experience. I enjoyed making this as an evening cup with a little lemon. So far, a good experience.",SYNTHETIC SAMPLE — FICTIONAL REVIEW / NOT A REAL CUSTOMER
Premium Herbal Red Tea (loose),Rhea Gupta,Bhubaneswar,Odisha,5,I bought this for home use and have been using it regularly. The flavour is pleasant and the pack was neatly sealed. It has become a regular item at home.,SYNTHETIC SAMPLE — FICTIONAL REVIEW / NOT A REAL CUSTOMER
Premium Herbal Red Tea (loose),Deepak Chaudhary,Chennai,Tamil Nadu,5,Ordered this recently and the overall quality felt good. Easy to adjust the strength when making a cup. Satisfied with the first order.,SYNTHETIC SAMPLE — FICTIONAL REVIEW / NOT A REAL CUSTOMER
Premium Herbal Red Tea (loose),Amit Bhattacharya,Ludhiana,Punjab,5,"The flavour was balanced and easy to enjoy. The loose tea has a nice colour and fresh herbal aroma. Overall, happy with the purchase.",SYNTHETIC SAMPLE — FICTIONAL REVIEW / NOT A REAL CUSTOMER
Premium Herbal Red Tea (loose),Naveen Khanna,Jaipur,Rajasthan,5,The packaging was neat and the product looked fresh. I enjoyed making this as an evening cup with a little lemon. Would consider adding it to my next order.,SYNTHETIC SAMPLE — FICTIONAL REVIEW / NOT A REAL CUSTOMER
Premium Herbal Red Tea (loose),Bhavna Gupta,Mumbai,Maharashtra,3,The packaging was neat and the product looked fresh. I enjoyed making this as an evening cup with a little lemon. I would buy it again.,SYNTHETIC SAMPLE — FICTIONAL REVIEW / NOT A REAL CUSTOMER
Premium Herbal Red Tea (loose),Akash Chaudhary,Patna,Bihar,5,Tried this after seeing it online and liked the first experience. Easy to adjust the strength when making a cup. Satisfied with the first order.,SYNTHETIC SAMPLE — FICTIONAL REVIEW / NOT A REAL CUSTOMER
Premium Herbal Red Tea (loose),Zoya Sharma,Kochi,Kerala,5,"Good first impression and the delivery was smooth. I enjoyed making this as an evening cup with a little lemon. Overall, happy with the purchase.",SYNTHETIC SAMPLE — FICTIONAL REVIEW / NOT A REAL CUSTOMER
Premium Herbal Red Tea (loose),Neha Gupta,Jalandhar,Punjab,4,The aroma was pleasant when I opened the pack. I enjoyed making this as an evening cup with a little lemon. Satisfied with the first order.,SYNTHETIC SAMPLE — FICTIONAL REVIEW / NOT A REAL CUSTOMER
Premium Herbal Red Tea (loose),Rishi Sen,Lucknow,Uttar Pradesh,4,"The packaging was neat and the product looked fresh. I enjoyed making this as an evening cup with a little lemon. Overall, happy with the purchase.",SYNTHETIC SAMPLE — FICTIONAL REVIEW / NOT A REAL CUSTOMER
Premium Herbal Red Tea (loose),Manish Pillai,Pune,Maharashtra,5,"The flavour was balanced and easy to enjoy. The flavour is pleasant and the pack was neatly sealed. Overall, happy with the purchase.",SYNTHETIC SAMPLE — FICTIONAL REVIEW / NOT A REAL CUSTOMER
Premium Herbal Red Tea (loose),Dev Kaur,Guwahati,Assam,5,The packaging was neat and the product looked fresh. I enjoyed making this as an evening cup with a little lemon. I would buy it again.,SYNTHETIC SAMPLE — FICTIONAL REVIEW / NOT A REAL CUSTOMER
Premium Herbal Red Tea (loose),Ashish Sinha,Vijayawada,Andhra Pradesh,5,The aroma was pleasant when I opened the pack. The loose tea has a nice colour and fresh herbal aroma. I would buy it again.,SYNTHETIC SAMPLE — FICTIONAL REVIEW / NOT A REAL CUSTOMER
Premium Herbal Red Tea (loose),Aishwarya Das,Chandigarh,Chandigarh,5,The packaging was neat and the product looked fresh. The flavour is pleasant and the pack was neatly sealed. Would consider adding it to my next order.,SYNTHETIC SAMPLE — FICTIONAL REVIEW / NOT A REAL CUSTOMER
Premium Herbal Red Tea (loose),Rakesh Verma,Dehradun,Uttarakhand,5,"I bought this for home use and have been using it regularly. The flavour is pleasant and the pack was neatly sealed. So far, a good experience.",SYNTHETIC SAMPLE — FICTIONAL REVIEW / NOT A REAL CUSTOMER
Premium Herbal Red Tea (loose),Aarav Chaudhary,Indore,Madhya Pradesh,5,The packaging was neat and the product looked fresh. I enjoyed making this as an evening cup with a little lemon. It has become a regular item at home.,SYNTHETIC SAMPLE — FICTIONAL REVIEW / NOT A REAL CUSTOMER
Premium Herbal Red Tea (loose),Varun Srivastava,Bengaluru,Karnataka,5,"The packaging was neat and the product looked fresh. Easy to adjust the strength when making a cup. Overall, happy with the purchase.",SYNTHETIC SAMPLE — FICTIONAL REVIEW / NOT A REAL CUSTOMER
Premium Herbal Red Tea (loose),Isha Kohli,Goa,Goa,5,The flavour was balanced and easy to enjoy. The flavour is pleasant and the pack was neatly sealed. Would consider adding it to my next order.,SYNTHETIC SAMPLE — FICTIONAL REVIEW / NOT A REAL CUSTOMER
Premium Herbal Red Tea (loose),Aishwarya Menon,New Delhi,Delhi,5,Ordered this recently and the overall quality felt good. The loose tea has a nice colour and fresh herbal aroma. I would buy it again.,SYNTHETIC SAMPLE — FICTIONAL REVIEW / NOT A REAL CUSTOMER
Premium Herbal Red Tea (loose),Gaurav Ghosh,Jammu,Jammu & Kashmir,5,Tried this after seeing it online and liked the first experience. The flavour is pleasant and the pack was neatly sealed. Would consider adding it to my next order.,SYNTHETIC SAMPLE — FICTIONAL REVIEW / NOT A REAL CUSTOMER
Premium Herbal Red Tea (loose),Ravi Joshi,Kolkata,West Bengal,5,Tried this after seeing it online and liked the first experience. Easy to adjust the strength when making a cup. Would consider adding it to my next order.,SYNTHETIC SAMPLE — FICTIONAL REVIEW / NOT A REAL CUSTOMER
Premium Herbal Red Tea (loose),Kriti Sinha,Hyderabad,Telangana,5,The packaging was neat and the product looked fresh. I enjoyed making this as an evening cup with a little lemon. It has become a regular item at home.,SYNTHETIC SAMPLE — FICTIONAL REVIEW / NOT A REAL CUSTOMER
Premium Herbal Red Tea (loose),Manish Kapoor,Amritsar,Punjab,5,The flavour was balanced and easy to enjoy. The flavour is pleasant and the pack was neatly sealed. I would buy it again.,SYNTHETIC SAMPLE — FICTIONAL REVIEW / NOT A REAL CUSTOMER
Premium Herbal Blue Tea (teabags),Aarav Arora,Jaipur,Rajasthan,5,I bought this for home use and have been using it regularly. The tea looks especially nice when served to guests. I would buy it again.,SYNTHETIC SAMPLE — FICTIONAL REVIEW / NOT A REAL CUSTOMER
Premium Herbal Blue Tea (teabags),Rajat Srivastava,Mumbai,Maharashtra,4,The pack arrived sealed and in good condition. I liked the mild herbal taste and quick preparation. Would consider adding it to my next order.,SYNTHETIC SAMPLE — FICTIONAL REVIEW / NOT A REAL CUSTOMER
Premium Herbal Blue Tea (teabags),Rakesh Chaudhary,Patna,Bihar,5,The aroma was pleasant when I opened the pack. I liked the mild herbal taste and quick preparation. I would buy it again.,SYNTHETIC SAMPLE — FICTIONAL REVIEW / NOT A REAL CUSTOMER
Premium Herbal Blue Tea (teabags),Arpita Das,Kochi,Kerala,5,"Tried this after seeing it online and liked the first experience. I liked the mild herbal taste and quick preparation. So far, a good experience.",SYNTHETIC SAMPLE — FICTIONAL REVIEW / NOT A REAL CUSTOMER
Premium Herbal Blue Tea (teabags),Mohit Verma,Jalandhar,Punjab,3,I bought this for home use and have been using it regularly. The blue colour looks beautiful in the cup and the teabags are convenient. Satisfied with the first order.,SYNTHETIC SAMPLE — FICTIONAL REVIEW / NOT A REAL CUSTOMER
Premium Herbal Blue Tea (teabags),Ankit Tripathi,Lucknow,Uttar Pradesh,5,"Tried this after seeing it online and liked the first experience. The tea looks especially nice when served to guests. Overall, happy with the purchase.",SYNTHETIC SAMPLE — FICTIONAL REVIEW / NOT A REAL CUSTOMER
Premium Herbal Blue Tea (teabags),Ananya Dutta,Pune,Maharashtra,5,I bought this for home use and have been using it regularly. The blue colour looks beautiful in the cup and the teabags are convenient. Would consider adding it to my next order.,SYNTHETIC SAMPLE — FICTIONAL REVIEW / NOT A REAL CUSTOMER
Premium Herbal Blue Tea (teabags),Nikhil Kaur,Guwahati,Assam,5,The aroma was pleasant when I opened the pack. The blue colour looks beautiful in the cup and the teabags are convenient. I would buy it again.,SYNTHETIC SAMPLE — FICTIONAL REVIEW / NOT A REAL CUSTOMER
Premium Herbal Blue Tea (teabags),Gaurav Pawar,Vijayawada,Andhra Pradesh,4,Ordered this recently and the overall quality felt good. The tea looks especially nice when served to guests. Satisfied with the first order.,SYNTHETIC SAMPLE — FICTIONAL REVIEW / NOT A REAL CUSTOMER
Premium Herbal Blue Tea (teabags),Aditi Chatterjee,Chandigarh,Chandigarh,5,"The aroma was pleasant when I opened the pack. The blue colour looks beautiful in the cup and the teabags are convenient. Overall, happy with the purchase.",SYNTHETIC SAMPLE — FICTIONAL REVIEW / NOT A REAL CUSTOMER
Premium Herbal Blue Tea (teabags),Amrita Chatterjee,Dehradun,Uttarakhand,5,"The packaging was neat and the product looked fresh. The tea looks especially nice when served to guests. Overall, happy with the purchase.",SYNTHETIC SAMPLE — FICTIONAL REVIEW / NOT A REAL CUSTOMER
Premium Herbal Blue Tea (teabags),Gaurav Kapoor,Indore,Madhya Pradesh,5,I bought this for home use and have been using it regularly. The tea looks especially nice when served to guests. It has become a regular item at home.,SYNTHETIC SAMPLE — FICTIONAL REVIEW / NOT A REAL CUSTOMER
Premium Herbal Blue Tea (teabags),Aditya Shah,Bengaluru,Karnataka,5,"Tried this after seeing it online and liked the first experience. I liked the mild herbal taste and quick preparation. Overall, happy with the purchase.",SYNTHETIC SAMPLE — FICTIONAL REVIEW / NOT A REAL CUSTOMER
Premium Herbal Blue Tea (teabags),Vinay Kulkarni,Goa,Goa,5,"The pack arrived sealed and in good condition. I liked the mild herbal taste and quick preparation. So far, a good experience.",SYNTHETIC SAMPLE — FICTIONAL REVIEW / NOT A REAL CUSTOMER
Premium Herbal Blue Tea (teabags),Karan Chatterjee,New Delhi,Delhi,4,Good first impression and the delivery was smooth. The blue colour looks beautiful in the cup and the teabags are convenient. Satisfied with the first order.,SYNTHETIC SAMPLE — FICTIONAL REVIEW / NOT A REAL CUSTOMER
Premium Herbal Blue Tea (teabags),Manish Dutta,Jammu,Jammu & Kashmir,5,Ordered this recently and the overall quality felt good. The blue colour looks beautiful in the cup and the teabags are convenient. Satisfied with the first order.,SYNTHETIC SAMPLE — FICTIONAL REVIEW / NOT A REAL CUSTOMER
Premium Herbal Blue Tea (teabags),Varun Bansal,Kolkata,West Bengal,5,The packaging was neat and the product looked fresh. The blue colour looks beautiful in the cup and the teabags are convenient. I would buy it again.,SYNTHETIC SAMPLE — FICTIONAL REVIEW / NOT A REAL CUSTOMER
Premium Herbal Blue Tea (teabags),Gaurav Pillai,Hyderabad,Telangana,4,"The packaging was neat and the product looked fresh. The tea looks especially nice when served to guests. So far, a good experience.",SYNTHETIC SAMPLE — FICTIONAL REVIEW / NOT A REAL CUSTOMER
Premium Herbal Blue Tea (teabags),Sana Sen,Amritsar,Punjab,5,The aroma was pleasant when I opened the pack. The blue colour looks beautiful in the cup and the teabags are convenient. It has become a regular item at home.,SYNTHETIC SAMPLE — FICTIONAL REVIEW / NOT A REAL CUSTOMER
Premium Herbal Blue Tea (teabags),Aditi Gupta,Gurugram,Haryana,5,Tried this after seeing it online and liked the first experience. The packaging was neat and the teabags were easy to use. I would buy it again.,SYNTHETIC SAMPLE — FICTIONAL REVIEW / NOT A REAL CUSTOMER
Premium Herbal Blue Tea (teabags),Karan Chopra,Ahmedabad,Gujarat,5,The pack arrived sealed and in good condition. I liked the mild herbal taste and quick preparation. I would buy it again.,SYNTHETIC SAMPLE — FICTIONAL REVIEW / NOT A REAL CUSTOMER
Premium Herbal Blue Tea (teabags),Vikram Pawar,Bhubaneswar,Odisha,5,"The aroma was pleasant when I opened the pack. The blue colour looks beautiful in the cup and the teabags are convenient. Overall, happy with the purchase.",SYNTHETIC SAMPLE — FICTIONAL REVIEW / NOT A REAL CUSTOMER
Premium Herbal Blue Tea (teabags),Vinay Bhattacharya,Chennai,Tamil Nadu,5,The flavour was balanced and easy to enjoy. I liked the mild herbal taste and quick preparation. Would consider adding it to my next order.,SYNTHETIC SAMPLE — FICTIONAL REVIEW / NOT A REAL CUSTOMER
Premium Herbal Blue Tea (teabags),Bhavna Mukherjee,Ludhiana,Punjab,5,The packaging was neat and the product looked fresh. The tea looks especially nice when served to guests. It has become a regular item at home.,SYNTHETIC SAMPLE — FICTIONAL REVIEW / NOT A REAL CUSTOMER
Premium Herbal Blue Tea (teabags),Ravi Oberoi,Jaipur,Rajasthan,5,The aroma was pleasant when I opened the pack. I liked the mild herbal taste and quick preparation. Satisfied with the first order.,SYNTHETIC SAMPLE — FICTIONAL REVIEW / NOT A REAL CUSTOMER
Premium Herbal Blue Tea (teabags),Yash Verma,Mumbai,Maharashtra,4,Ordered this recently and the overall quality felt good. The packaging was neat and the teabags were easy to use. Would consider adding it to my next order.,SYNTHETIC SAMPLE — FICTIONAL REVIEW / NOT A REAL CUSTOMER
Premium Herbal Blue Tea (teabags),Pooja Mukherjee,Patna,Bihar,4,The flavour was balanced and easy to enjoy. The blue colour looks beautiful in the cup and the teabags are convenient. It has become a regular item at home.,SYNTHETIC SAMPLE — FICTIONAL REVIEW / NOT A REAL CUSTOMER
Premium Herbal Blue Tea (teabags),Simran Naik,Kochi,Kerala,5,"The aroma was pleasant when I opened the pack. I liked the mild herbal taste and quick preparation. Overall, happy with the purchase.",SYNTHETIC SAMPLE — FICTIONAL REVIEW / NOT A REAL CUSTOMER
Premium Herbal Blue Tea (teabags),Aarav Nair,Jalandhar,Punjab,5,Ordered this recently and the overall quality felt good. I liked the mild herbal taste and quick preparation. It has become a regular item at home.,SYNTHETIC SAMPLE — FICTIONAL REVIEW / NOT A REAL CUSTOMER
Premium Herbal Blue Tea (teabags),Rakesh Mishra,Lucknow,Uttar Pradesh,5,The flavour was balanced and easy to enjoy. The blue colour looks beautiful in the cup and the teabags are convenient. Would consider adding it to my next order.,SYNTHETIC SAMPLE — FICTIONAL REVIEW / NOT A REAL CUSTOMER
Premium Herbal Blue Tea (teabags),Sunil Tripathi,Pune,Maharashtra,4,Ordered this recently and the overall quality felt good. The tea looks especially nice when served to guests. It has become a regular item at home.,SYNTHETIC SAMPLE — FICTIONAL REVIEW / NOT A REAL CUSTOMER
Premium Herbal Blue Tea (teabags),Saurabh Pandey,Guwahati,Assam,5,"I bought this for home use and have been using it regularly. The blue colour looks beautiful in the cup and the teabags are convenient. Overall, happy with the purchase.",SYNTHETIC SAMPLE — FICTIONAL REVIEW / NOT A REAL CUSTOMER
Premium Herbal Blue Tea (teabags),Arpita Kohli,Vijayawada,Andhra Pradesh,5,Good first impression and the delivery was smooth. The blue colour looks beautiful in the cup and the teabags are convenient. Would consider adding it to my next order.,SYNTHETIC SAMPLE — FICTIONAL REVIEW / NOT A REAL CUSTOMER
Premium Herbal Blue Tea (teabags),Aditya Sinha,Chandigarh,Chandigarh,4,"The pack arrived sealed and in good condition. The packaging was neat and the teabags were easy to use. So far, a good experience.",SYNTHETIC SAMPLE — FICTIONAL REVIEW / NOT A REAL CUSTOMER
Premium Herbal Blue Tea (teabags),Saurabh Kaur,Dehradun,Uttarakhand,5,Ordered this recently and the overall quality felt good. I liked the mild herbal taste and quick preparation. Would consider adding it to my next order.,SYNTHETIC SAMPLE — FICTIONAL REVIEW / NOT A REAL CUSTOMER
Premium Herbal Blue Tea (teabags),Monika Rao,Indore,Madhya Pradesh,5,The aroma was pleasant when I opened the pack. The packaging was neat and the teabags were easy to use. It has become a regular item at home.,SYNTHETIC SAMPLE — FICTIONAL REVIEW / NOT A REAL CUSTOMER
Premium Herbal Blue Tea (teabags),Aditya Ghosh,Bengaluru,Karnataka,4,"Tried this after seeing it online and liked the first experience. The packaging was neat and the teabags were easy to use. Overall, happy with the purchase.",SYNTHETIC SAMPLE — FICTIONAL REVIEW / NOT A REAL CUSTOMER
Premium Herbal Blue Tea (teabags),Karan Naik,Goa,Goa,5,Tried this after seeing it online and liked the first experience. The tea looks especially nice when served to guests. It has become a regular item at home.,SYNTHETIC SAMPLE — FICTIONAL REVIEW / NOT A REAL CUSTOMER
Premium Herbal Blue Tea (teabags),Shalini Gill,New Delhi,Delhi,4,Good first impression and the delivery was smooth. The blue colour looks beautiful in the cup and the teabags are convenient. It has become a regular item at home.,SYNTHETIC SAMPLE — FICTIONAL REVIEW / NOT A REAL CUSTOMER
Premium Herbal Blue Tea (teabags),Rohit Reddy,Jammu,Jammu & Kashmir,5,The packaging was neat and the product looked fresh. The packaging was neat and the teabags were easy to use. Would consider adding it to my next order.,SYNTHETIC SAMPLE — FICTIONAL REVIEW / NOT A REAL CUSTOMER
Premium Herbal Blue Tea (teabags),Simran Bedi,Kolkata,West Bengal,4,The flavour was balanced and easy to enjoy. The blue colour looks beautiful in the cup and the teabags are convenient. It has become a regular item at home.,SYNTHETIC SAMPLE — FICTIONAL REVIEW / NOT A REAL CUSTOMER
Premium Herbal Blue Tea (teabags),Vinay Pillai,Hyderabad,Telangana,4,"The flavour was balanced and easy to enjoy. The packaging was neat and the teabags were easy to use. So far, a good experience.",SYNTHETIC SAMPLE — FICTIONAL REVIEW / NOT A REAL CUSTOMER
Premium Herbal Blue Tea (teabags),Amrita Arora,Amritsar,Punjab,5,The packaging was neat and the product looked fresh. The tea looks especially nice when served to guests. Would consider adding it to my next order.,SYNTHETIC SAMPLE — FICTIONAL REVIEW / NOT A REAL CUSTOMER
Premium Herbal Blue Tea (teabags),Gaurav Chatterjee,Gurugram,Haryana,5,The pack arrived sealed and in good condition. The tea looks especially nice when served to guests. It has become a regular item at home.,SYNTHETIC SAMPLE — FICTIONAL REVIEW / NOT A REAL CUSTOMER
Premium Herbal Blue Tea (teabags),Swati Pandey,Ahmedabad,Gujarat,5,The pack arrived sealed and in good condition. The packaging was neat and the teabags were easy to use. Satisfied with the first order.,SYNTHETIC SAMPLE — FICTIONAL REVIEW / NOT A REAL CUSTOMER
Premium Herbal Blue Tea (teabags),Dev Ghosh,Bhubaneswar,Odisha,5,"Ordered this recently and the overall quality felt good. The tea looks especially nice when served to guests. Overall, happy with the purchase.",SYNTHETIC SAMPLE — FICTIONAL REVIEW / NOT A REAL CUSTOMER
Premium Herbal Blue Tea (teabags),Akash Kapoor,Chennai,Tamil Nadu,5,"The pack arrived sealed and in good condition. The blue colour looks beautiful in the cup and the teabags are convenient. So far, a good experience.",SYNTHETIC SAMPLE — FICTIONAL REVIEW / NOT A REAL CUSTOMER
Premium Herbal Blue Tea (teabags),Bhavna Shah,Ludhiana,Punjab,5,The packaging was neat and the product looked fresh. The packaging was neat and the teabags were easy to use. Satisfied with the first order.,SYNTHETIC SAMPLE — FICTIONAL REVIEW / NOT A REAL CUSTOMER
Premium Herbal Blue Tea (teabags),Aishwarya Bedi,Jaipur,Rajasthan,5,The flavour was balanced and easy to enjoy. I liked the mild herbal taste and quick preparation. It has become a regular item at home.,SYNTHETIC SAMPLE — FICTIONAL REVIEW / NOT A REAL CUSTOMER
Premium Herbal Blue Tea (teabags),Amit Dutta,Mumbai,Maharashtra,5,The packaging was neat and the product looked fresh. The tea looks especially nice when served to guests. I would buy it again.,SYNTHETIC SAMPLE — FICTIONAL REVIEW / NOT A REAL CUSTOMER
Premium Herbal Blue Tea (teabags),Sanjay Deshmukh,Patna,Bihar,5,The packaging was neat and the product looked fresh. I liked the mild herbal taste and quick preparation. I would buy it again.,SYNTHETIC SAMPLE — FICTIONAL REVIEW / NOT A REAL CUSTOMER
Premium Herbal Blue Tea (teabags),Aditi Ghosh,Kochi,Kerala,5,Ordered this recently and the overall quality felt good. The tea looks especially nice when served to guests. Would consider adding it to my next order.,SYNTHETIC SAMPLE — FICTIONAL REVIEW / NOT A REAL CUSTOMER
Premium Herbal Blue Tea (teabags),Anil Oberoi,Jalandhar,Punjab,5,The aroma was pleasant when I opened the pack. The packaging was neat and the teabags were easy to use. I would buy it again.,SYNTHETIC SAMPLE — FICTIONAL REVIEW / NOT A REAL CUSTOMER
Premium Herbal Blue Tea (teabags),Tanya Mishra,Lucknow,Uttar Pradesh,5,Tried this after seeing it online and liked the first experience. The blue colour looks beautiful in the cup and the teabags are convenient. It has become a regular item at home.,SYNTHETIC SAMPLE — FICTIONAL REVIEW / NOT A REAL CUSTOMER
Premium Herbal Blue Tea (teabags),Saurabh Bansal,Pune,Maharashtra,5,"The flavour was balanced and easy to enjoy. The packaging was neat and the teabags were easy to use. So far, a good experience.",SYNTHETIC SAMPLE — FICTIONAL REVIEW / NOT A REAL CUSTOMER
Premium Herbal Blue Tea (teabags),Sneha Kulkarni,Guwahati,Assam,5,The flavour was balanced and easy to enjoy. I liked the mild herbal taste and quick preparation. Satisfied with the first order.,SYNTHETIC SAMPLE — FICTIONAL REVIEW / NOT A REAL CUSTOMER
Premium Herbal Blue Tea (teabags),Rhea Hegde,Vijayawada,Andhra Pradesh,5,I bought this for home use and have been using it regularly. The packaging was neat and the teabags were easy to use. Satisfied with the first order.,SYNTHETIC SAMPLE — FICTIONAL REVIEW / NOT A REAL CUSTOMER
Premium Herbal Blue Tea (teabags),Naveen Tripathi,Chandigarh,Chandigarh,4,"The flavour was balanced and easy to enjoy. I liked the mild herbal taste and quick preparation. Overall, happy with the purchase.",SYNTHETIC SAMPLE — FICTIONAL REVIEW / NOT A REAL CUSTOMER
Premium Herbal Blue Tea (teabags),Mohit Banerjee,Dehradun,Uttarakhand,5,Ordered this recently and the overall quality felt good. The tea looks especially nice when served to guests. It has become a regular item at home.,SYNTHETIC SAMPLE — FICTIONAL REVIEW / NOT A REAL CUSTOMER
Premium Herbal Blue Tea (teabags),Aman Pillai,Indore,Madhya Pradesh,5,"The flavour was balanced and easy to enjoy. The tea looks especially nice when served to guests. Overall, happy with the purchase.",SYNTHETIC SAMPLE — FICTIONAL REVIEW / NOT A REAL CUSTOMER
Premium Herbal Blue Tea (teabags),Rahul Chatterjee,Bengaluru,Karnataka,5,I bought this for home use and have been using it regularly. The blue colour looks beautiful in the cup and the teabags are convenient. It has become a regular item at home.,SYNTHETIC SAMPLE — FICTIONAL REVIEW / NOT A REAL CUSTOMER
Premium Herbal Blue Tea (teabags),Gauri Pandey,Goa,Goa,5,Ordered this recently and the overall quality felt good. The tea looks especially nice when served to guests. Satisfied with the first order.,SYNTHETIC SAMPLE — FICTIONAL REVIEW / NOT A REAL CUSTOMER
Premium Herbal Blue Tea (teabags),Pooja Khanna,New Delhi,Delhi,5,The packaging was neat and the product looked fresh. The packaging was neat and the teabags were easy to use. It has become a regular item at home.,SYNTHETIC SAMPLE — FICTIONAL REVIEW / NOT A REAL CUSTOMER
Premium Herbal Blue Tea (teabags),Vinay Banerjee,Jammu,Jammu & Kashmir,5,Ordered this recently and the overall quality felt good. The blue colour looks beautiful in the cup and the teabags are convenient. Satisfied with the first order.,SYNTHETIC SAMPLE — FICTIONAL REVIEW / NOT A REAL CUSTOMER
Premium Herbal Blue Tea (teabags),Pooja Rawat,Kolkata,West Bengal,5,Tried this after seeing it online and liked the first experience. The blue colour looks beautiful in the cup and the teabags are convenient. It has become a regular item at home.,SYNTHETIC SAMPLE — FICTIONAL REVIEW / NOT A REAL CUSTOMER
Premium Herbal Blue Tea (teabags),Jatin Shetty,Hyderabad,Telangana,5,Ordered this recently and the overall quality felt good. I liked the mild herbal taste and quick preparation. I would buy it again.,SYNTHETIC SAMPLE — FICTIONAL REVIEW / NOT A REAL CUSTOMER
Premium Herbal Blue Tea (loose),Sourav Joshi,Jammu,Jammu & Kashmir,5,Ordered this recently and the overall quality felt good. The loose butterfly-pea tea makes a striking blue brew. Would consider adding it to my next order.,SYNTHETIC SAMPLE — FICTIONAL REVIEW / NOT A REAL CUSTOMER
Premium Herbal Blue Tea (loose),Sana Malhotra,Kolkata,West Bengal,4,Good first impression and the delivery was smooth. The colour is the first thing you notice and the herbal taste is mild. It has become a regular item at home.,SYNTHETIC SAMPLE — FICTIONAL REVIEW / NOT A REAL CUSTOMER
Premium Herbal Blue Tea (loose),Manish Ghosh,Hyderabad,Telangana,5,I bought this for home use and have been using it regularly. The colour is the first thing you notice and the herbal taste is mild. It has become a regular item at home.,SYNTHETIC SAMPLE — FICTIONAL REVIEW / NOT A REAL CUSTOMER
Premium Herbal Blue Tea (loose),Rakesh Banerjee,Amritsar,Punjab,5,I bought this for home use and have been using it regularly. The colour is the first thing you notice and the herbal taste is mild. Satisfied with the first order.,SYNTHETIC SAMPLE — FICTIONAL REVIEW / NOT A REAL CUSTOMER
Premium Herbal Blue Tea (loose),Rahul Das,Gurugram,Haryana,5,Tried this after seeing it online and liked the first experience. The loose format is useful when I want to control the quantity. I would buy it again.,SYNTHETIC SAMPLE — FICTIONAL REVIEW / NOT A REAL CUSTOMER
Premium Herbal Blue Tea (loose),Nikhil Kulkarni,Ahmedabad,Gujarat,5,"The pack arrived sealed and in good condition. The loose butterfly-pea tea makes a striking blue brew. So far, a good experience.",SYNTHETIC SAMPLE — FICTIONAL REVIEW / NOT A REAL CUSTOMER
Premium Herbal Blue Tea (loose),Kriti Ghosh,Bhubaneswar,Odisha,5,The flavour was balanced and easy to enjoy. The colour is the first thing you notice and the herbal taste is mild. It has become a regular item at home.,SYNTHETIC SAMPLE — FICTIONAL REVIEW / NOT A REAL CUSTOMER
Premium Herbal Blue Tea (loose),Tanya Kulkarni,Chennai,Tamil Nadu,5,"Ordered this recently and the overall quality felt good. The loose butterfly-pea tea makes a striking blue brew. So far, a good experience.",SYNTHETIC SAMPLE — FICTIONAL REVIEW / NOT A REAL CUSTOMER
Premium Herbal Blue Tea (loose),Monika Malhotra,Ludhiana,Punjab,5,Tried this after seeing it online and liked the first experience. The loose format is useful when I want to control the quantity. Would consider adding it to my next order.,SYNTHETIC SAMPLE — FICTIONAL REVIEW / NOT A REAL CUSTOMER
Premium Herbal Blue Tea (loose),Aditi Malhotra,Jaipur,Rajasthan,5,Good first impression and the delivery was smooth. The loose format is useful when I want to control the quantity. Satisfied with the first order.,SYNTHETIC SAMPLE — FICTIONAL REVIEW / NOT A REAL CUSTOMER
Premium Herbal Blue Tea (loose),Ashish Mukherjee,Mumbai,Maharashtra,4,"The aroma was pleasant when I opened the pack. The loose format is useful when I want to control the quantity. Overall, happy with the purchase.",SYNTHETIC SAMPLE — FICTIONAL REVIEW / NOT A REAL CUSTOMER
Premium Herbal Blue Tea (loose),Zoya Hegde,Patna,Bihar,5,Ordered this recently and the overall quality felt good. The loose butterfly-pea tea makes a striking blue brew. It has become a regular item at home.,SYNTHETIC SAMPLE — FICTIONAL REVIEW / NOT A REAL CUSTOMER
Premium Herbal Blue Tea (loose),Shalini Patel,Kochi,Kerala,5,"Ordered this recently and the overall quality felt good. The colour is the first thing you notice and the herbal taste is mild. Overall, happy with the purchase.",SYNTHETIC SAMPLE — FICTIONAL REVIEW / NOT A REAL CUSTOMER
Premium Herbal Blue Tea (loose),Varun Verma,Jalandhar,Punjab,5,The pack arrived sealed and in good condition. The loose butterfly-pea tea makes a striking blue brew. It has become a regular item at home.,SYNTHETIC SAMPLE — FICTIONAL REVIEW / NOT A REAL CUSTOMER
Premium Herbal Blue Tea (loose),Sakshi Gill,Lucknow,Uttar Pradesh,4,The flavour was balanced and easy to enjoy. The colour is the first thing you notice and the herbal taste is mild. I would buy it again.,SYNTHETIC SAMPLE — FICTIONAL REVIEW / NOT A REAL CUSTOMER
Premium Herbal Blue Tea (loose),Swati Srivastava,Pune,Maharashtra,5,The packaging was neat and the product looked fresh. I liked making this both hot and chilled with lemon. Satisfied with the first order.,SYNTHETIC SAMPLE — FICTIONAL REVIEW / NOT A REAL CUSTOMER
Premium Herbal Blue Tea (loose),Aman Patel,Guwahati,Assam,5,"Tried this after seeing it online and liked the first experience. The loose format is useful when I want to control the quantity. Overall, happy with the purchase.",SYNTHETIC SAMPLE — FICTIONAL REVIEW / NOT A REAL CUSTOMER
Premium Herbal Blue Tea (loose),Vikas Kohli,Vijayawada,Andhra Pradesh,5,Tried this after seeing it online and liked the first experience. The colour is the first thing you notice and the herbal taste is mild. Satisfied with the first order.,SYNTHETIC SAMPLE — FICTIONAL REVIEW / NOT A REAL CUSTOMER
Premium Herbal Blue Tea (loose),Rajat Joshi,Chandigarh,Chandigarh,4,The pack arrived sealed and in good condition. The loose format is useful when I want to control the quantity. Would consider adding it to my next order.,SYNTHETIC SAMPLE — FICTIONAL REVIEW / NOT A REAL CUSTOMER
Premium Herbal Blue Tea (loose),Chetan Chaudhary,Dehradun,Uttarakhand,5,Tried this after seeing it online and liked the first experience. I liked making this both hot and chilled with lemon. Would consider adding it to my next order.,SYNTHETIC SAMPLE — FICTIONAL REVIEW / NOT A REAL CUSTOMER
Premium Herbal Blue Tea (loose),Varun Chatterjee,Indore,Madhya Pradesh,5,The pack arrived sealed and in good condition. The loose butterfly-pea tea makes a striking blue brew. Satisfied with the first order.,SYNTHETIC SAMPLE — FICTIONAL REVIEW / NOT A REAL CUSTOMER
Premium Herbal Blue Tea (loose),Dev Sethi,Bengaluru,Karnataka,5,The packaging was neat and the product looked fresh. The loose format is useful when I want to control the quantity. It has become a regular item at home.,SYNTHETIC SAMPLE — FICTIONAL REVIEW / NOT A REAL CUSTOMER
Premium Herbal Blue Tea (loose),Harpreet Mishra,Goa,Goa,5,"Ordered this recently and the overall quality felt good. The colour is the first thing you notice and the herbal taste is mild. So far, a good experience.",SYNTHETIC SAMPLE — FICTIONAL REVIEW / NOT A REAL CUSTOMER
Premium Herbal Blue Tea (loose),Vinay Yadav,New Delhi,Delhi,3,The packaging was neat and the product looked fresh. I liked making this both hot and chilled with lemon. Satisfied with the first order.,SYNTHETIC SAMPLE — FICTIONAL REVIEW / NOT A REAL CUSTOMER
Premium Herbal Blue Tea (loose),Saurabh Khanna,Jammu,Jammu & Kashmir,5,"The pack arrived sealed and in good condition. The loose format is useful when I want to control the quantity. So far, a good experience.",SYNTHETIC SAMPLE — FICTIONAL REVIEW / NOT A REAL CUSTOMER
Premium Herbal Blue Tea (loose),Saurabh Das,Kolkata,West Bengal,5,"Tried this after seeing it online and liked the first experience. The loose butterfly-pea tea makes a striking blue brew. So far, a good experience.",SYNTHETIC SAMPLE — FICTIONAL REVIEW / NOT A REAL CUSTOMER
Premium Herbal Blue Tea (loose),Megha Patel,Hyderabad,Telangana,5,"Ordered this recently and the overall quality felt good. The loose butterfly-pea tea makes a striking blue brew. So far, a good experience.",SYNTHETIC SAMPLE — FICTIONAL REVIEW / NOT A REAL CUSTOMER
Premium Herbal Blue Tea (loose),Pankaj Chaudhary,Amritsar,Punjab,5,Good first impression and the delivery was smooth. I liked making this both hot and chilled with lemon. Would consider adding it to my next order.,SYNTHETIC SAMPLE — FICTIONAL REVIEW / NOT A REAL CUSTOMER
Premium Herbal Blue Tea (loose),Simran Sodhi,Gurugram,Haryana,5,"The pack arrived sealed and in good condition. The loose format is useful when I want to control the quantity. So far, a good experience.",SYNTHETIC SAMPLE — FICTIONAL REVIEW / NOT A REAL CUSTOMER
Premium Herbal Blue Tea (loose),Naveen Yadav,Ahmedabad,Gujarat,5,The packaging was neat and the product looked fresh. The loose format is useful when I want to control the quantity. Would consider adding it to my next order.,SYNTHETIC SAMPLE — FICTIONAL REVIEW / NOT A REAL CUSTOMER
Premium Herbal Blue Tea (loose),Deepika Dhillon,Bhubaneswar,Odisha,5,Good first impression and the delivery was smooth. The colour is the first thing you notice and the herbal taste is mild. It has become a regular item at home.,SYNTHETIC SAMPLE — FICTIONAL REVIEW / NOT A REAL CUSTOMER
Premium Herbal Blue Tea (loose),Amrita Sandhu,Chennai,Tamil Nadu,5,I bought this for home use and have been using it regularly. I liked making this both hot and chilled with lemon. Would consider adding it to my next order.,SYNTHETIC SAMPLE — FICTIONAL REVIEW / NOT A REAL CUSTOMER
Premium Herbal Blue Tea (loose),Rhea Sandhu,Ludhiana,Punjab,5,"I bought this for home use and have been using it regularly. I liked making this both hot and chilled with lemon. Overall, happy with the purchase.",SYNTHETIC SAMPLE — FICTIONAL REVIEW / NOT A REAL CUSTOMER
Premium Herbal Blue Tea (loose),Vikas Iyer,Jaipur,Rajasthan,5,Ordered this recently and the overall quality felt good. The loose format is useful when I want to control the quantity. Would consider adding it to my next order.,SYNTHETIC SAMPLE — FICTIONAL REVIEW / NOT A REAL CUSTOMER
Premium Herbal Blue Tea (loose),Amit Kulkarni,Mumbai,Maharashtra,5,"The aroma was pleasant when I opened the pack. The loose butterfly-pea tea makes a striking blue brew. So far, a good experience.",SYNTHETIC SAMPLE — FICTIONAL REVIEW / NOT A REAL CUSTOMER
Premium Herbal Blue Tea (loose),Srishti Arora,Patna,Bihar,5,Ordered this recently and the overall quality felt good. The loose butterfly-pea tea makes a striking blue brew. It has become a regular item at home.,SYNTHETIC SAMPLE — FICTIONAL REVIEW / NOT A REAL CUSTOMER
Premium Herbal Blue Tea (loose),Pooja Chatterjee,Kochi,Kerala,5,Good first impression and the delivery was smooth. The loose butterfly-pea tea makes a striking blue brew. It has become a regular item at home.,SYNTHETIC SAMPLE — FICTIONAL REVIEW / NOT A REAL CUSTOMER
Premium Herbal Blue Tea (loose),Harpreet Sharma,Jalandhar,Punjab,5,"I bought this for home use and have been using it regularly. I liked making this both hot and chilled with lemon. Overall, happy with the purchase.",SYNTHETIC SAMPLE — FICTIONAL REVIEW / NOT A REAL CUSTOMER
Premium Herbal Blue Tea (loose),Yash Mehta,Lucknow,Uttar Pradesh,5,Good first impression and the delivery was smooth. The loose butterfly-pea tea makes a striking blue brew. It has become a regular item at home.,SYNTHETIC SAMPLE — FICTIONAL REVIEW / NOT A REAL CUSTOMER
Premium Herbal Blue Tea (loose),Mohit Bhattacharya,Pune,Maharashtra,5,"Good first impression and the delivery was smooth. The loose format is useful when I want to control the quantity. So far, a good experience.",SYNTHETIC SAMPLE — FICTIONAL REVIEW / NOT A REAL CUSTOMER
Premium Herbal Blue Tea (loose),Naveen Jain,Guwahati,Assam,5,The flavour was balanced and easy to enjoy. The colour is the first thing you notice and the herbal taste is mild. Satisfied with the first order.,SYNTHETIC SAMPLE — FICTIONAL REVIEW / NOT A REAL CUSTOMER
Premium Herbal Blue Tea (loose),Meena Kaur,Vijayawada,Andhra Pradesh,5,"Good first impression and the delivery was smooth. The loose butterfly-pea tea makes a striking blue brew. Overall, happy with the purchase.",SYNTHETIC SAMPLE — FICTIONAL REVIEW / NOT A REAL CUSTOMER
Premium Herbal Blue Tea (loose),Deepika Menon,Chandigarh,Chandigarh,5,Tried this after seeing it online and liked the first experience. The loose butterfly-pea tea makes a striking blue brew. I would buy it again.,SYNTHETIC SAMPLE — FICTIONAL REVIEW / NOT A REAL CUSTOMER
Premium Herbal Blue Tea (loose),Aditi Mukherjee,Dehradun,Uttarakhand,5,Ordered this recently and the overall quality felt good. I liked making this both hot and chilled with lemon. I would buy it again.,SYNTHETIC SAMPLE — FICTIONAL REVIEW / NOT A REAL CUSTOMER
Premium Herbal Blue Tea (loose),Rishi Shah,Indore,Madhya Pradesh,5,"Good first impression and the delivery was smooth. I liked making this both hot and chilled with lemon. So far, a good experience.",SYNTHETIC SAMPLE — FICTIONAL REVIEW / NOT A REAL CUSTOMER
Premium Herbal Blue Tea (loose),Harish Tiwari,Bengaluru,Karnataka,4,"The pack arrived sealed and in good condition. I liked making this both hot and chilled with lemon. So far, a good experience.",SYNTHETIC SAMPLE — FICTIONAL REVIEW / NOT A REAL CUSTOMER
Premium Herbal Blue Tea (loose),Sonam Jain,Goa,Goa,5,"Good first impression and the delivery was smooth. The loose format is useful when I want to control the quantity. So far, a good experience.",SYNTHETIC SAMPLE — FICTIONAL REVIEW / NOT A REAL CUSTOMER
Premium Herbal Blue Tea (loose),Sourav Bhattacharya,New Delhi,Delhi,5,The flavour was balanced and easy to enjoy. The loose butterfly-pea tea makes a striking blue brew. It has become a regular item at home.,SYNTHETIC SAMPLE — FICTIONAL REVIEW / NOT A REAL CUSTOMER
Premium Herbal Blue Tea (loose),Priya Ghosh,Jammu,Jammu & Kashmir,4,"Tried this after seeing it online and liked the first experience. The colour is the first thing you notice and the herbal taste is mild. So far, a good experience.",SYNTHETIC SAMPLE — FICTIONAL REVIEW / NOT A REAL CUSTOMER
Premium Herbal Blue Tea (loose),Tarun Patel,Kolkata,West Bengal,5,"I bought this for home use and have been using it regularly. The colour is the first thing you notice and the herbal taste is mild. Overall, happy with the purchase.",SYNTHETIC SAMPLE — FICTIONAL REVIEW / NOT A REAL CUSTOMER
Premium Herbal Blue Tea (loose),Rishi Rawat,Hyderabad,Telangana,4,Good first impression and the delivery was smooth. The colour is the first thing you notice and the herbal taste is mild. It has become a regular item at home.,SYNTHETIC SAMPLE — FICTIONAL REVIEW / NOT A REAL CUSTOMER
Premium Herbal Blue Tea (loose),Arpita Sen,Amritsar,Punjab,5,The aroma was pleasant when I opened the pack. I liked making this both hot and chilled with lemon. I would buy it again.,SYNTHETIC SAMPLE — FICTIONAL REVIEW / NOT A REAL CUSTOMER
Premium Herbal Blue Tea (loose),Mohit Gupta,Gurugram,Haryana,5,"I bought this for home use and have been using it regularly. The colour is the first thing you notice and the herbal taste is mild. So far, a good experience.",SYNTHETIC SAMPLE — FICTIONAL REVIEW / NOT A REAL CUSTOMER
Premium Herbal Blue Tea (loose),Rishi Rao,Ahmedabad,Gujarat,5,"Ordered this recently and the overall quality felt good. The colour is the first thing you notice and the herbal taste is mild. Overall, happy with the purchase.",SYNTHETIC SAMPLE — FICTIONAL REVIEW / NOT A REAL CUSTOMER
Premium Herbal Blue Tea (loose),Shivam Sen,Bhubaneswar,Odisha,5,I bought this for home use and have been using it regularly. The colour is the first thing you notice and the herbal taste is mild. It has become a regular item at home.,SYNTHETIC SAMPLE — FICTIONAL REVIEW / NOT A REAL CUSTOMER
Premium Herbal Blue Tea (loose),Sneha Dhillon,Chennai,Tamil Nadu,5,Ordered this recently and the overall quality felt good. The loose format is useful when I want to control the quantity. It has become a regular item at home.,SYNTHETIC SAMPLE — FICTIONAL REVIEW / NOT A REAL CUSTOMER
Premium Herbal Blue Tea (loose),Varun Mukherjee,Ludhiana,Punjab,4,The pack arrived sealed and in good condition. The loose format is useful when I want to control the quantity. Would consider adding it to my next order.,SYNTHETIC SAMPLE — FICTIONAL REVIEW / NOT A REAL CUSTOMER
Premium Herbal Blue Tea (loose),Pankaj Pillai,Jaipur,Rajasthan,5,"Good first impression and the delivery was smooth. The loose butterfly-pea tea makes a striking blue brew. Overall, happy with the purchase.",SYNTHETIC SAMPLE — FICTIONAL REVIEW / NOT A REAL CUSTOMER
Premium Herbal Blue Tea (loose),Raj Dutta,Mumbai,Maharashtra,5,The packaging was neat and the product looked fresh. The colour is the first thing you notice and the herbal taste is mild. It has become a regular item at home.,SYNTHETIC SAMPLE — FICTIONAL REVIEW / NOT A REAL CUSTOMER
Premium Herbal Blue Tea (loose),Priya Sodhi,Patna,Bihar,5,Ordered this recently and the overall quality felt good. I liked making this both hot and chilled with lemon. Satisfied with the first order.,SYNTHETIC SAMPLE — FICTIONAL REVIEW / NOT A REAL CUSTOMER
Premium Herbal Blue Tea (loose),Vikram Deshmukh,Kochi,Kerala,5,"The flavour was balanced and easy to enjoy. The loose format is useful when I want to control the quantity. Overall, happy with the purchase.",SYNTHETIC SAMPLE — FICTIONAL REVIEW / NOT A REAL CUSTOMER
Premium Herbal Blue Tea (loose),Reena Tiwari,Jalandhar,Punjab,5,Good first impression and the delivery was smooth. I liked making this both hot and chilled with lemon. It has become a regular item at home.,SYNTHETIC SAMPLE — FICTIONAL REVIEW / NOT A REAL CUSTOMER
Premium Herbal Blue Tea (loose),Zoya Mukherjee,Lucknow,Uttar Pradesh,5,Good first impression and the delivery was smooth. The colour is the first thing you notice and the herbal taste is mild. Would consider adding it to my next order.,SYNTHETIC SAMPLE — FICTIONAL REVIEW / NOT A REAL CUSTOMER
Premium Herbal Blue Tea (loose),Rajat Kapoor,Pune,Maharashtra,5,Good first impression and the delivery was smooth. The colour is the first thing you notice and the herbal taste is mild. Satisfied with the first order.,SYNTHETIC SAMPLE — FICTIONAL REVIEW / NOT A REAL CUSTOMER
Premium Herbal Blue Tea (loose),Naveen Nair,Guwahati,Assam,5,"Ordered this recently and the overall quality felt good. The loose butterfly-pea tea makes a striking blue brew. So far, a good experience.",SYNTHETIC SAMPLE — FICTIONAL REVIEW / NOT A REAL CUSTOMER
Premium Herbal Blue Tea (loose),Aditya Kumar,Vijayawada,Andhra Pradesh,5,"Good first impression and the delivery was smooth. The loose format is useful when I want to control the quantity. So far, a good experience.",SYNTHETIC SAMPLE — FICTIONAL REVIEW / NOT A REAL CUSTOMER
Premium Herbal Blue Tea (loose),Divya Mukherjee,Chandigarh,Chandigarh,5,Good first impression and the delivery was smooth. The loose format is useful when I want to control the quantity. It has become a regular item at home.,SYNTHETIC SAMPLE — FICTIONAL REVIEW / NOT A REAL CUSTOMER
Premium Herbal Blue Tea (loose),Srishti Dhillon,Dehradun,Uttarakhand,3,"Tried this after seeing it online and liked the first experience. I liked making this both hot and chilled with lemon. So far, a good experience.",SYNTHETIC SAMPLE — FICTIONAL REVIEW / NOT A REAL CUSTOMER
Premium Herbal Blue Tea (loose),Rajat Menon,Indore,Madhya Pradesh,5,Tried this after seeing it online and liked the first experience. The colour is the first thing you notice and the herbal taste is mild. Satisfied with the first order.,SYNTHETIC SAMPLE — FICTIONAL REVIEW / NOT A REAL CUSTOMER
Blue Tea + Red Tea Duo,Nisha Pillai,Pune,Maharashtra,5,The flavour was balanced and easy to enjoy. I liked having two different herbal tea options in one combo. It has become a regular item at home.,SYNTHETIC SAMPLE — FICTIONAL REVIEW / NOT A REAL CUSTOMER
Blue Tea + Red Tea Duo,Akash Shetty,Guwahati,Assam,5,The aroma was pleasant when I opened the pack. Nice way to try both teas without ordering them separately. It has become a regular item at home.,SYNTHETIC SAMPLE — FICTIONAL REVIEW / NOT A REAL CUSTOMER
Blue Tea + Red Tea Duo,Karan Rawat,Vijayawada,Andhra Pradesh,5,"The flavour was balanced and easy to enjoy. Nice way to try both teas without ordering them separately. So far, a good experience.",SYNTHETIC SAMPLE — FICTIONAL REVIEW / NOT A REAL CUSTOMER
Blue Tea + Red Tea Duo,Chetan Chatterjee,Chandigarh,Chandigarh,5,The packaging was neat and the product looked fresh. I liked having two different herbal tea options in one combo. It has become a regular item at home.,SYNTHETIC SAMPLE — FICTIONAL REVIEW / NOT A REAL CUSTOMER
Blue Tea + Red Tea Duo,Sonam Kulkarni,Dehradun,Uttarakhand,4,The packaging was neat and the product looked fresh. Nice way to try both teas without ordering them separately. I would buy it again.,SYNTHETIC SAMPLE — FICTIONAL REVIEW / NOT A REAL CUSTOMER
Blue Tea + Red Tea Duo,Amit Kaur,Indore,Madhya Pradesh,4,The packaging was neat and the product looked fresh. I liked having two different herbal tea options in one combo. Would consider adding it to my next order.,SYNTHETIC SAMPLE — FICTIONAL REVIEW / NOT A REAL CUSTOMER
Blue Tea + Red Tea Duo,Pallavi Sinha,Bengaluru,Karnataka,5,Ordered this recently and the overall quality felt good. I liked having two different herbal tea options in one combo. I would buy it again.,SYNTHETIC SAMPLE — FICTIONAL REVIEW / NOT A REAL CUSTOMER
Blue Tea + Red Tea Duo,Manish Srivastava,Goa,Goa,4,"The pack arrived sealed and in good condition. The blue and red teas make a colourful little tea collection at home. Overall, happy with the purchase.",SYNTHETIC SAMPLE — FICTIONAL REVIEW / NOT A REAL CUSTOMER
Blue Tea + Red Tea Duo,Manish Roy,New Delhi,Delhi,5,"I bought this for home use and have been using it regularly. The blue and red teas make a colourful little tea collection at home. So far, a good experience.",SYNTHETIC SAMPLE — FICTIONAL REVIEW / NOT A REAL CUSTOMER
Blue Tea + Red Tea Duo,Divya Bansal,Jammu,Jammu & Kashmir,4,The pack arrived sealed and in good condition. Good combo for serving different preferences at home. It has become a regular item at home.,SYNTHETIC SAMPLE — FICTIONAL REVIEW / NOT A REAL CUSTOMER
Blue Tea + Red Tea Duo,Bhavna Joshi,Kolkata,West Bengal,5,Tried this after seeing it online and liked the first experience. Nice way to try both teas without ordering them separately. Would consider adding it to my next order.,SYNTHETIC SAMPLE — FICTIONAL REVIEW / NOT A REAL CUSTOMER
Blue Tea + Red Tea Duo,Amit Verma,Hyderabad,Telangana,5,"The pack arrived sealed and in good condition. The blue and red teas make a colourful little tea collection at home. So far, a good experience.",SYNTHETIC SAMPLE — FICTIONAL REVIEW / NOT A REAL CUSTOMER
Blue Tea + Red Tea Duo,Srishti Roy,Amritsar,Punjab,5,The flavour was balanced and easy to enjoy. The blue and red teas make a colourful little tea collection at home. Would consider adding it to my next order.,SYNTHETIC SAMPLE — FICTIONAL REVIEW / NOT A REAL CUSTOMER
Blue Tea + Red Tea Duo,Amit Bedi,Gurugram,Haryana,5,Ordered this recently and the overall quality felt good. I liked having two different herbal tea options in one combo. I would buy it again.,SYNTHETIC SAMPLE — FICTIONAL REVIEW / NOT A REAL CUSTOMER
Blue Tea + Red Tea Duo,Raj Gupta,Ahmedabad,Gujarat,4,"The aroma was pleasant when I opened the pack. Good combo for serving different preferences at home. Overall, happy with the purchase.",SYNTHETIC SAMPLE — FICTIONAL REVIEW / NOT A REAL CUSTOMER
Blue Tea + Red Tea Duo,Deepika Yadav,Bhubaneswar,Odisha,5,Tried this after seeing it online and liked the first experience. The blue and red teas make a colourful little tea collection at home. I would buy it again.,SYNTHETIC SAMPLE — FICTIONAL REVIEW / NOT A REAL CUSTOMER
Blue Tea + Red Tea Duo,Rashi Bisht,Chennai,Tamil Nadu,3,"Tried this after seeing it online and liked the first experience. The blue and red teas make a colourful little tea collection at home. So far, a good experience.",SYNTHETIC SAMPLE — FICTIONAL REVIEW / NOT A REAL CUSTOMER
Blue Tea + Red Tea Duo,Ravi Mehta,Ludhiana,Punjab,5,The aroma was pleasant when I opened the pack. Good combo for serving different preferences at home. Satisfied with the first order.,SYNTHETIC SAMPLE — FICTIONAL REVIEW / NOT A REAL CUSTOMER
Blue Tea + Red Tea Duo,Rishi Oberoi,Jaipur,Rajasthan,3,The flavour was balanced and easy to enjoy. The blue and red teas make a colourful little tea collection at home. Satisfied with the first order.,SYNTHETIC SAMPLE — FICTIONAL REVIEW / NOT A REAL CUSTOMER
Blue Tea + Red Tea Duo,Shalini Malhotra,Mumbai,Maharashtra,5,The pack arrived sealed and in good condition. Good combo for serving different preferences at home. It has become a regular item at home.,SYNTHETIC SAMPLE — FICTIONAL REVIEW / NOT A REAL CUSTOMER
Blue Tea + Red Tea Duo,Vinay Sinha,Patna,Bihar,4,Ordered this recently and the overall quality felt good. Good combo for serving different preferences at home. Satisfied with the first order.,SYNTHETIC SAMPLE — FICTIONAL REVIEW / NOT A REAL CUSTOMER
Blue Tea + Red Tea Duo,Rohit Mukherjee,Kochi,Kerala,5,I bought this for home use and have been using it regularly. Nice way to try both teas without ordering them separately. I would buy it again.,SYNTHETIC SAMPLE — FICTIONAL REVIEW / NOT A REAL CUSTOMER
Blue Tea + Red Tea Duo,Pallavi Sen,Jalandhar,Punjab,5,"Tried this after seeing it online and liked the first experience. The blue and red teas make a colourful little tea collection at home. Overall, happy with the purchase.",SYNTHETIC SAMPLE — FICTIONAL REVIEW / NOT A REAL CUSTOMER
Blue Tea + Red Tea Duo,Ravi Shetty,Lucknow,Uttar Pradesh,5,Ordered this recently and the overall quality felt good. I liked having two different herbal tea options in one combo. Satisfied with the first order.,SYNTHETIC SAMPLE — FICTIONAL REVIEW / NOT A REAL CUSTOMER
Blue Tea + Red Tea Duo,Shivam Hegde,Pune,Maharashtra,5,"The flavour was balanced and easy to enjoy. Nice way to try both teas without ordering them separately. Overall, happy with the purchase.",SYNTHETIC SAMPLE — FICTIONAL REVIEW / NOT A REAL CUSTOMER
Blue Tea + Red Tea Duo,Sameer Reddy,Guwahati,Assam,5,The aroma was pleasant when I opened the pack. Good combo for serving different preferences at home. Satisfied with the first order.,SYNTHETIC SAMPLE — FICTIONAL REVIEW / NOT A REAL CUSTOMER
Blue Tea + Red Tea Duo,Aditi Singh,Vijayawada,Andhra Pradesh,4,"Ordered this recently and the overall quality felt good. The blue and red teas make a colourful little tea collection at home. Overall, happy with the purchase.",SYNTHETIC SAMPLE — FICTIONAL REVIEW / NOT A REAL CUSTOMER
Blue Tea + Red Tea Duo,Pankaj Patel,Chandigarh,Chandigarh,5,I bought this for home use and have been using it regularly. Good combo for serving different preferences at home. Would consider adding it to my next order.,SYNTHETIC SAMPLE — FICTIONAL REVIEW / NOT A REAL CUSTOMER
Blue Tea + Red Tea Duo,Rahul Roy,Dehradun,Uttarakhand,5,Tried this after seeing it online and liked the first experience. Good combo for serving different preferences at home. Satisfied with the first order.,SYNTHETIC SAMPLE — FICTIONAL REVIEW / NOT A REAL CUSTOMER
Blue Tea + Red Tea Duo,Sanjana Kulkarni,Indore,Madhya Pradesh,5,The flavour was balanced and easy to enjoy. Good combo for serving different preferences at home. I would buy it again.,SYNTHETIC SAMPLE — FICTIONAL REVIEW / NOT A REAL CUSTOMER
Blue Tea + Red Tea Duo,Akash Sandhu,Bengaluru,Karnataka,5,"The flavour was balanced and easy to enjoy. The blue and red teas make a colourful little tea collection at home. So far, a good experience.",SYNTHETIC SAMPLE — FICTIONAL REVIEW / NOT A REAL CUSTOMER
Blue Tea + Red Tea Duo,Jatin Kulkarni,Goa,Goa,5,"Tried this after seeing it online and liked the first experience. I liked having two different herbal tea options in one combo. So far, a good experience.",SYNTHETIC SAMPLE — FICTIONAL REVIEW / NOT A REAL CUSTOMER
Blue Tea + Red Tea Duo,Vikram Sethi,New Delhi,Delhi,5,"The aroma was pleasant when I opened the pack. I liked having two different herbal tea options in one combo. So far, a good experience.",SYNTHETIC SAMPLE — FICTIONAL REVIEW / NOT A REAL CUSTOMER
Blue Tea + Red Tea Duo,Ashish Bisht,Jammu,Jammu & Kashmir,5,"The pack arrived sealed and in good condition. The blue and red teas make a colourful little tea collection at home. Overall, happy with the purchase.",SYNTHETIC SAMPLE — FICTIONAL REVIEW / NOT A REAL CUSTOMER
Blue Tea + Red Tea Duo,Pankaj Deshmukh,Kolkata,West Bengal,5,"Ordered this recently and the overall quality felt good. Nice way to try both teas without ordering them separately. Overall, happy with the purchase.",SYNTHETIC SAMPLE — FICTIONAL REVIEW / NOT A REAL CUSTOMER
Blue Tea + Red Tea Duo,Megha Singh,Hyderabad,Telangana,4,Ordered this recently and the overall quality felt good. Nice way to try both teas without ordering them separately. I would buy it again.,SYNTHETIC SAMPLE — FICTIONAL REVIEW / NOT A REAL CUSTOMER
Blue Tea + Red Tea Duo,Bhavna Hegde,Amritsar,Punjab,5,Ordered this recently and the overall quality felt good. The blue and red teas make a colourful little tea collection at home. Satisfied with the first order.,SYNTHETIC SAMPLE — FICTIONAL REVIEW / NOT A REAL CUSTOMER
Blue Tea + Red Tea Duo,Monika Agarwal,Gurugram,Haryana,5,Good first impression and the delivery was smooth. Nice way to try both teas without ordering them separately. Would consider adding it to my next order.,SYNTHETIC SAMPLE — FICTIONAL REVIEW / NOT A REAL CUSTOMER
Blue Tea + Red Tea Duo,Pooja Bedi,Ahmedabad,Gujarat,5,The flavour was balanced and easy to enjoy. Good combo for serving different preferences at home. Satisfied with the first order.,SYNTHETIC SAMPLE — FICTIONAL REVIEW / NOT A REAL CUSTOMER
Blue Tea + Red Tea Duo,Gaurav Agarwal,Bhubaneswar,Odisha,5,"The pack arrived sealed and in good condition. Good combo for serving different preferences at home. Overall, happy with the purchase.",SYNTHETIC SAMPLE — FICTIONAL REVIEW / NOT A REAL CUSTOMER
Blue Tea + Red Tea Duo,Ankit Kumar,Chennai,Tamil Nadu,5,The pack arrived sealed and in good condition. I liked having two different herbal tea options in one combo. I would buy it again.,SYNTHETIC SAMPLE — FICTIONAL REVIEW / NOT A REAL CUSTOMER
Blue Tea + Red Tea Duo,Ankit Iyer,Ludhiana,Punjab,5,Ordered this recently and the overall quality felt good. The blue and red teas make a colourful little tea collection at home. I would buy it again.,SYNTHETIC SAMPLE — FICTIONAL REVIEW / NOT A REAL CUSTOMER
Blue Tea + Red Tea Duo,Manish Kulkarni,Jaipur,Rajasthan,3,"Good first impression and the delivery was smooth. Good combo for serving different preferences at home. Overall, happy with the purchase.",SYNTHETIC SAMPLE — FICTIONAL REVIEW / NOT A REAL CUSTOMER
Blue Tea + Red Tea Duo,Kriti Kulkarni,Mumbai,Maharashtra,5,Ordered this recently and the overall quality felt good. Good combo for serving different preferences at home. It has become a regular item at home.,SYNTHETIC SAMPLE — FICTIONAL REVIEW / NOT A REAL CUSTOMER
Blue Tea + Red Tea Duo,Jatin Gill,Patna,Bihar,5,I bought this for home use and have been using it regularly. Good combo for serving different preferences at home. Would consider adding it to my next order.,SYNTHETIC SAMPLE — FICTIONAL REVIEW / NOT A REAL CUSTOMER
Blue Tea + Red Tea Duo,Harish Arora,Kochi,Kerala,5,Tried this after seeing it online and liked the first experience. Nice way to try both teas without ordering them separately. It has become a regular item at home.,SYNTHETIC SAMPLE — FICTIONAL REVIEW / NOT A REAL CUSTOMER
Blue Tea + Red Tea Duo,Sunil Agarwal,Jalandhar,Punjab,3,The aroma was pleasant when I opened the pack. Nice way to try both teas without ordering them separately. Would consider adding it to my next order.,SYNTHETIC SAMPLE — FICTIONAL REVIEW / NOT A REAL CUSTOMER
Blue Tea + Red Tea Duo,Simran Mehta,Lucknow,Uttar Pradesh,4,Tried this after seeing it online and liked the first experience. I liked having two different herbal tea options in one combo. It has become a regular item at home.,SYNTHETIC SAMPLE — FICTIONAL REVIEW / NOT A REAL CUSTOMER
Blue Tea + Red Tea Duo,Saurabh Dutta,Pune,Maharashtra,5,"Good first impression and the delivery was smooth. Nice way to try both teas without ordering them separately. Overall, happy with the purchase.",SYNTHETIC SAMPLE — FICTIONAL REVIEW / NOT A REAL CUSTOMER
Blue Tea + Red Tea Duo,Gaurav Mehta,Guwahati,Assam,4,Ordered this recently and the overall quality felt good. Good combo for serving different preferences at home. It has become a regular item at home.,SYNTHETIC SAMPLE — FICTIONAL REVIEW / NOT A REAL CUSTOMER
Blue Tea + Red Tea Duo,Priya Kaur,Vijayawada,Andhra Pradesh,5,"Good first impression and the delivery was smooth. Nice way to try both teas without ordering them separately. Overall, happy with the purchase.",SYNTHETIC SAMPLE — FICTIONAL REVIEW / NOT A REAL CUSTOMER
Blue Tea + Red Tea Duo,Isha Dutta,Chandigarh,Chandigarh,4,"I bought this for home use and have been using it regularly. Good combo for serving different preferences at home. Overall, happy with the purchase.",SYNTHETIC SAMPLE — FICTIONAL REVIEW / NOT A REAL CUSTOMER
Blue Tea + Red Tea Duo,Zoya Sinha,Dehradun,Uttarakhand,5,"The flavour was balanced and easy to enjoy. The blue and red teas make a colourful little tea collection at home. Overall, happy with the purchase.",SYNTHETIC SAMPLE — FICTIONAL REVIEW / NOT A REAL CUSTOMER
Blue Tea + Red Tea Duo,Naveen Iyer,Indore,Madhya Pradesh,5,The aroma was pleasant when I opened the pack. Nice way to try both teas without ordering them separately. I would buy it again.,SYNTHETIC SAMPLE — FICTIONAL REVIEW / NOT A REAL CUSTOMER
Blue Tea + Red Tea Duo,Monika Tiwari,Bengaluru,Karnataka,4,"The packaging was neat and the product looked fresh. Nice way to try both teas without ordering them separately. So far, a good experience.",SYNTHETIC SAMPLE — FICTIONAL REVIEW / NOT A REAL CUSTOMER
Blue Tea + Red Tea Duo,Arjun Pandey,Goa,Goa,5,Ordered this recently and the overall quality felt good. Nice way to try both teas without ordering them separately. Satisfied with the first order.,SYNTHETIC SAMPLE — FICTIONAL REVIEW / NOT A REAL CUSTOMER
Blue Tea + Red Tea Duo,Nisha Rao,New Delhi,Delhi,5,Ordered this recently and the overall quality felt good. I liked having two different herbal tea options in one combo. I would buy it again.,SYNTHETIC SAMPLE — FICTIONAL REVIEW / NOT A REAL CUSTOMER
Blue Tea + Red Tea Duo,Akash Patil,Jammu,Jammu & Kashmir,5,"Ordered this recently and the overall quality felt good. Nice way to try both teas without ordering them separately. So far, a good experience.",SYNTHETIC SAMPLE — FICTIONAL REVIEW / NOT A REAL CUSTOMER
Blue Tea + Red Tea Duo,Aarav Sinha,Kolkata,West Bengal,5,The packaging was neat and the product looked fresh. The blue and red teas make a colourful little tea collection at home. I would buy it again.,SYNTHETIC SAMPLE — FICTIONAL REVIEW / NOT A REAL CUSTOMER
Blue Tea + Red Tea Duo,Raj Kaur,Hyderabad,Telangana,5,The flavour was balanced and easy to enjoy. I liked having two different herbal tea options in one combo. It has become a regular item at home.,SYNTHETIC SAMPLE — FICTIONAL REVIEW / NOT A REAL CUSTOMER
Blue Tea + Red Tea Duo,Varun Joshi,Amritsar,Punjab,5,"Ordered this recently and the overall quality felt good. Good combo for serving different preferences at home. Overall, happy with the purchase.",SYNTHETIC SAMPLE — FICTIONAL REVIEW / NOT A REAL CUSTOMER
Blue Tea + Red Tea Duo,Bharat Dhillon,Gurugram,Haryana,5,Good first impression and the delivery was smooth. Good combo for serving different preferences at home. I would buy it again.,SYNTHETIC SAMPLE — FICTIONAL REVIEW / NOT A REAL CUSTOMER
Blue Tea + Red Tea Duo,Aman Dutta,Ahmedabad,Gujarat,4,The packaging was neat and the product looked fresh. Nice way to try both teas without ordering them separately. It has become a regular item at home.,SYNTHETIC SAMPLE — FICTIONAL REVIEW / NOT A REAL CUSTOMER
Blue Tea + Red Tea Duo,Deepak Sen,Bhubaneswar,Odisha,5,I bought this for home use and have been using it regularly. I liked having two different herbal tea options in one combo. Satisfied with the first order.,SYNTHETIC SAMPLE — FICTIONAL REVIEW / NOT A REAL CUSTOMER
Blue Tea + Red Tea Duo,Aman Thakur,Chennai,Tamil Nadu,5,"Tried this after seeing it online and liked the first experience. Nice way to try both teas without ordering them separately. Overall, happy with the purchase.",SYNTHETIC SAMPLE — FICTIONAL REVIEW / NOT A REAL CUSTOMER
Blue Tea + Red Tea Duo,Aditya Kapoor,Ludhiana,Punjab,5,The packaging was neat and the product looked fresh. I liked having two different herbal tea options in one combo. Satisfied with the first order.,SYNTHETIC SAMPLE — FICTIONAL REVIEW / NOT A REAL CUSTOMER
Blue Tea + Red Tea Duo,Rajat Shetty,Jaipur,Rajasthan,5,Good first impression and the delivery was smooth. Nice way to try both teas without ordering them separately. I would buy it again.,SYNTHETIC SAMPLE — FICTIONAL REVIEW / NOT A REAL CUSTOMER
Blue Tea + Red Tea Duo,Rashi Joshi,Mumbai,Maharashtra,5,"The packaging was neat and the product looked fresh. I liked having two different herbal tea options in one combo. So far, a good experience.",SYNTHETIC SAMPLE — FICTIONAL REVIEW / NOT A REAL CUSTOMER
Blue Tea + Red Tea Duo,Divya Sodhi,Patna,Bihar,5,Ordered this recently and the overall quality felt good. I liked having two different herbal tea options in one combo. It has become a regular item at home.,SYNTHETIC SAMPLE — FICTIONAL REVIEW / NOT A REAL CUSTOMER
Blue Tea + Red Tea Duo,Sonam Mehta,Kochi,Kerala,5,The flavour was balanced and easy to enjoy. I liked having two different herbal tea options in one combo. Would consider adding it to my next order.,SYNTHETIC SAMPLE — FICTIONAL REVIEW / NOT A REAL CUSTOMER
Blue Tea + Red Tea Duo,Jatin Chatterjee,Jalandhar,Punjab,5,"The packaging was neat and the product looked fresh. I liked having two different herbal tea options in one combo. Overall, happy with the purchase.",SYNTHETIC SAMPLE — FICTIONAL REVIEW / NOT A REAL CUSTOMER
Blue Tea + Red Tea Duo,Tarun Dhillon,Lucknow,Uttar Pradesh,5,"The aroma was pleasant when I opened the pack. Nice way to try both teas without ordering them separately. Overall, happy with the purchase.",SYNTHETIC SAMPLE — FICTIONAL REVIEW / NOT A REAL CUSTOMER
Blue Tea + Red Tea Duo,Vikas Mehta,Pune,Maharashtra,4,"I bought this for home use and have been using it regularly. The blue and red teas make a colourful little tea collection at home. So far, a good experience.",SYNTHETIC SAMPLE — FICTIONAL REVIEW / NOT A REAL CUSTOMER
Blue Tea + Red Tea Duo,Tarun Bedi,Guwahati,Assam,5,Tried this after seeing it online and liked the first experience. I liked having two different herbal tea options in one combo. It has become a regular item at home.,SYNTHETIC SAMPLE — FICTIONAL REVIEW / NOT A REAL CUSTOMER
Blue Tea + Red Tea Duo,Zoya Tiwari,Vijayawada,Andhra Pradesh,4,The aroma was pleasant when I opened the pack. Good combo for serving different preferences at home. Satisfied with the first order.,SYNTHETIC SAMPLE — FICTIONAL REVIEW / NOT A REAL CUSTOMER
Blue Tea + Red Tea Duo,Simran Sinha,Chandigarh,Chandigarh,5,"Tried this after seeing it online and liked the first experience. Good combo for serving different preferences at home. Overall, happy with the purchase.",SYNTHETIC SAMPLE — FICTIONAL REVIEW / NOT A REAL CUSTOMER
Blue Tea + Red Tea Duo,Sameer Nair,Dehradun,Uttarakhand,5,The pack arrived sealed and in good condition. Good combo for serving different preferences at home. Satisfied with the first order.,SYNTHETIC SAMPLE — FICTIONAL REVIEW / NOT A REAL CUSTOMER
Blue Tea + Red Tea Duo,Megha Jain,Indore,Madhya Pradesh,5,The flavour was balanced and easy to enjoy. Nice way to try both teas without ordering them separately. I would buy it again.,SYNTHETIC SAMPLE — FICTIONAL REVIEW / NOT A REAL CUSTOMER
Blue Tea + Red Tea Duo,Sanjay Malhotra,Bengaluru,Karnataka,5,"The packaging was neat and the product looked fresh. I liked having two different herbal tea options in one combo. So far, a good experience.",SYNTHETIC SAMPLE — FICTIONAL REVIEW / NOT A REAL CUSTOMER
Blue Tea + Red Tea Duo,Sameer Verma,Goa,Goa,5,Tried this after seeing it online and liked the first experience. The blue and red teas make a colourful little tea collection at home. Satisfied with the first order.,SYNTHETIC SAMPLE — FICTIONAL REVIEW / NOT A REAL CUSTOMER
Blue Tea + Red Tea Duo,Varun Pandey,New Delhi,Delhi,5,Ordered this recently and the overall quality felt good. The blue and red teas make a colourful little tea collection at home. I would buy it again.,SYNTHETIC SAMPLE — FICTIONAL REVIEW / NOT A REAL CUSTOMER
Blue Tea + Red Tea Duo,Tanya Mehta,Jammu,Jammu & Kashmir,5,The flavour was balanced and easy to enjoy. Good combo for serving different preferences at home. It has become a regular item at home.,SYNTHETIC SAMPLE — FICTIONAL REVIEW / NOT A REAL CUSTOMER
Blue Tea + Red Tea Duo,Reena Nair,Kolkata,West Bengal,5,The aroma was pleasant when I opened the pack. The blue and red teas make a colourful little tea collection at home. Would consider adding it to my next order.,SYNTHETIC SAMPLE — FICTIONAL REVIEW / NOT A REAL CUSTOMER
Blue Tea + Red Tea Duo,Aditya Patel,Hyderabad,Telangana,5,"The packaging was neat and the product looked fresh. The blue and red teas make a colourful little tea collection at home. Overall, happy with the purchase.",SYNTHETIC SAMPLE — FICTIONAL REVIEW / NOT A REAL CUSTOMER
Blue Tea + Red Tea Duo,Deepika Verma,Amritsar,Punjab,5,"Good first impression and the delivery was smooth. I liked having two different herbal tea options in one combo. Overall, happy with the purchase.",SYNTHETIC SAMPLE — FICTIONAL REVIEW / NOT A REAL CUSTOMER
Blue Tea + Red Tea Duo,Pallavi Bansal,Gurugram,Haryana,5,Ordered this recently and the overall quality felt good. Good combo for serving different preferences at home. I would buy it again.,SYNTHETIC SAMPLE — FICTIONAL REVIEW / NOT A REAL CUSTOMER
Blue Tea + Red Tea Transformation Combo (4 Packs),Nisha Srivastava,Bhubaneswar,Odisha,5,Good first impression and the delivery was smooth. Having four packs makes it practical for regular use and gifting. Would consider adding it to my next order.,SYNTHETIC SAMPLE — FICTIONAL REVIEW / NOT A REAL CUSTOMER
Blue Tea + Red Tea Transformation Combo (4 Packs),Saurabh Bedi,Chennai,Tamil Nadu,4,The packaging was neat and the product looked fresh. The combination gives a nice mix of the blue and red herbal teas. I would buy it again.,SYNTHETIC SAMPLE — FICTIONAL REVIEW / NOT A REAL CUSTOMER
Blue Tea + Red Tea Transformation Combo (4 Packs),Sonam Nair,Ludhiana,Punjab,5,The packaging was neat and the product looked fresh. I ordered this to try both varieties and liked the overall selection. It has become a regular item at home.,SYNTHETIC SAMPLE — FICTIONAL REVIEW / NOT A REAL CUSTOMER
Blue Tea + Red Tea Transformation Combo (4 Packs),Aarav Bedi,Jaipur,Rajasthan,5,The aroma was pleasant when I opened the pack. The combination gives a nice mix of the blue and red herbal teas. Satisfied with the first order.,SYNTHETIC SAMPLE — FICTIONAL REVIEW / NOT A REAL CUSTOMER
Blue Tea + Red Tea Transformation Combo (4 Packs),Chetan Bisht,Mumbai,Maharashtra,5,"The pack arrived sealed and in good condition. A useful combo when you want to keep both herbal teas stocked. Overall, happy with the purchase.",SYNTHETIC SAMPLE — FICTIONAL REVIEW / NOT A REAL CUSTOMER
Blue Tea + Red Tea Transformation Combo (4 Packs),Pooja Gill,Patna,Bihar,4,The flavour was balanced and easy to enjoy. Having four packs makes it practical for regular use and gifting. Would consider adding it to my next order.,SYNTHETIC SAMPLE — FICTIONAL REVIEW / NOT A REAL CUSTOMER
Blue Tea + Red Tea Transformation Combo (4 Packs),Tarun Singh,Kochi,Kerala,4,The packaging was neat and the product looked fresh. Having four packs makes it practical for regular use and gifting. I would buy it again.,SYNTHETIC SAMPLE — FICTIONAL REVIEW / NOT A REAL CUSTOMER
Blue Tea + Red Tea Transformation Combo (4 Packs),Harish Sharma,Jalandhar,Punjab,5,The packaging was neat and the product looked fresh. The combination gives a nice mix of the blue and red herbal teas. Would consider adding it to my next order.,SYNTHETIC SAMPLE — FICTIONAL REVIEW / NOT A REAL CUSTOMER
Blue Tea + Red Tea Transformation Combo (4 Packs),Aarav Iyer,Lucknow,Uttar Pradesh,5,I bought this for home use and have been using it regularly. Having four packs makes it practical for regular use and gifting. I would buy it again.,SYNTHETIC SAMPLE — FICTIONAL REVIEW / NOT A REAL CUSTOMER
Blue Tea + Red Tea Transformation Combo (4 Packs),Rahul Bisht,Pune,Maharashtra,5,The aroma was pleasant when I opened the pack. The combination gives a nice mix of the blue and red herbal teas. It has become a regular item at home.,SYNTHETIC SAMPLE — FICTIONAL REVIEW / NOT A REAL CUSTOMER
Blue Tea + Red Tea Transformation Combo (4 Packs),Vinay Mehta,Guwahati,Assam,5,The flavour was balanced and easy to enjoy. I ordered this to try both varieties and liked the overall selection. I would buy it again.,SYNTHETIC SAMPLE — FICTIONAL REVIEW / NOT A REAL CUSTOMER
Blue Tea + Red Tea Transformation Combo (4 Packs),Pankaj Pandey,Vijayawada,Andhra Pradesh,5,Ordered this recently and the overall quality felt good. I ordered this to try both varieties and liked the overall selection. Would consider adding it to my next order.,SYNTHETIC SAMPLE — FICTIONAL REVIEW / NOT A REAL CUSTOMER
Blue Tea + Red Tea Transformation Combo (4 Packs),Chetan Sodhi,Chandigarh,Chandigarh,5,"The packaging was neat and the product looked fresh. I ordered this to try both varieties and liked the overall selection. Overall, happy with the purchase.",SYNTHETIC SAMPLE — FICTIONAL REVIEW / NOT A REAL CUSTOMER
Blue Tea + Red Tea Transformation Combo (4 Packs),Sanjay Sinha,Dehradun,Uttarakhand,5,Ordered this recently and the overall quality felt good. The combination gives a nice mix of the blue and red herbal teas. Satisfied with the first order.,SYNTHETIC SAMPLE — FICTIONAL REVIEW / NOT A REAL CUSTOMER
Blue Tea + Red Tea Transformation Combo (4 Packs),Aditi Kohli,Indore,Madhya Pradesh,5,"The aroma was pleasant when I opened the pack. I ordered this to try both varieties and liked the overall selection. So far, a good experience.",SYNTHETIC SAMPLE — FICTIONAL REVIEW / NOT A REAL CUSTOMER
Blue Tea + Red Tea Transformation Combo (4 Packs),Harish Gill,Bengaluru,Karnataka,5,The packaging was neat and the product looked fresh. A useful combo when you want to keep both herbal teas stocked. I would buy it again.,SYNTHETIC SAMPLE — FICTIONAL REVIEW / NOT A REAL CUSTOMER
Blue Tea + Red Tea Transformation Combo (4 Packs),Divya Gupta,Goa,Goa,5,"Good first impression and the delivery was smooth. The combination gives a nice mix of the blue and red herbal teas. Overall, happy with the purchase.",SYNTHETIC SAMPLE — FICTIONAL REVIEW / NOT A REAL CUSTOMER
Blue Tea + Red Tea Transformation Combo (4 Packs),Manish Pawar,New Delhi,Delhi,5,"The aroma was pleasant when I opened the pack. I ordered this to try both varieties and liked the overall selection. So far, a good experience.",SYNTHETIC SAMPLE — FICTIONAL REVIEW / NOT A REAL CUSTOMER
Blue Tea + Red Tea Transformation Combo (4 Packs),Harish Bisht,Jammu,Jammu & Kashmir,5,Tried this after seeing it online and liked the first experience. I ordered this to try both varieties and liked the overall selection. Would consider adding it to my next order.,SYNTHETIC SAMPLE — FICTIONAL REVIEW / NOT A REAL CUSTOMER
Blue Tea + Red Tea Transformation Combo (4 Packs),Nisha Patil,Kolkata,West Bengal,5,The aroma was pleasant when I opened the pack. The combination gives a nice mix of the blue and red herbal teas. It has become a regular item at home.,SYNTHETIC SAMPLE — FICTIONAL REVIEW / NOT A REAL CUSTOMER
Blue Tea + Red Tea Transformation Combo (4 Packs),Harish Kumar,Hyderabad,Telangana,5,The packaging was neat and the product looked fresh. A useful combo when you want to keep both herbal teas stocked. Satisfied with the first order.,SYNTHETIC SAMPLE — FICTIONAL REVIEW / NOT A REAL CUSTOMER
Blue Tea + Red Tea Transformation Combo (4 Packs),Rhea Pillai,Amritsar,Punjab,5,"I bought this for home use and have been using it regularly. The combination gives a nice mix of the blue and red herbal teas. Overall, happy with the purchase.",SYNTHETIC SAMPLE — FICTIONAL REVIEW / NOT A REAL CUSTOMER
Blue Tea + Red Tea Transformation Combo (4 Packs),Divya Nair,Gurugram,Haryana,5,I bought this for home use and have been using it regularly. Having four packs makes it practical for regular use and gifting. Would consider adding it to my next order.,SYNTHETIC SAMPLE — FICTIONAL REVIEW / NOT A REAL CUSTOMER
Blue Tea + Red Tea Transformation Combo (4 Packs),Kavita Sandhu,Ahmedabad,Gujarat,5,The aroma was pleasant when I opened the pack. The combination gives a nice mix of the blue and red herbal teas. It has become a regular item at home.,SYNTHETIC SAMPLE — FICTIONAL REVIEW / NOT A REAL CUSTOMER
Blue Tea + Red Tea Transformation Combo (4 Packs),Anil Mukherjee,Bhubaneswar,Odisha,5,"The packaging was neat and the product looked fresh. Having four packs makes it practical for regular use and gifting. Overall, happy with the purchase.",SYNTHETIC SAMPLE — FICTIONAL REVIEW / NOT A REAL CUSTOMER
Blue Tea + Red Tea Transformation Combo (4 Packs),Swati Dhillon,Chennai,Tamil Nadu,5,The flavour was balanced and easy to enjoy. I ordered this to try both varieties and liked the overall selection. Would consider adding it to my next order.,SYNTHETIC SAMPLE — FICTIONAL REVIEW / NOT A REAL CUSTOMER
Blue Tea + Red Tea Transformation Combo (4 Packs),Reena Kapoor,Ludhiana,Punjab,5,The pack arrived sealed and in good condition. I ordered this to try both varieties and liked the overall selection. Would consider adding it to my next order.,SYNTHETIC SAMPLE — FICTIONAL REVIEW / NOT A REAL CUSTOMER
Blue Tea + Red Tea Transformation Combo (4 Packs),Reena Yadav,Jaipur,Rajasthan,4,Tried this after seeing it online and liked the first experience. Having four packs makes it practical for regular use and gifting. Would consider adding it to my next order.,SYNTHETIC SAMPLE — FICTIONAL REVIEW / NOT A REAL CUSTOMER
Blue Tea + Red Tea Transformation Combo (4 Packs),Sana Naik,Mumbai,Maharashtra,5,"Ordered this recently and the overall quality felt good. I ordered this to try both varieties and liked the overall selection. So far, a good experience.",SYNTHETIC SAMPLE — FICTIONAL REVIEW / NOT A REAL CUSTOMER
Blue Tea + Red Tea Transformation Combo (4 Packs),Swati Mukherjee,Patna,Bihar,4,"Good first impression and the delivery was smooth. I ordered this to try both varieties and liked the overall selection. Overall, happy with the purchase.",SYNTHETIC SAMPLE — FICTIONAL REVIEW / NOT A REAL CUSTOMER
Blue Tea + Red Tea Transformation Combo (4 Packs),Rishi Khanna,Kochi,Kerala,5,The aroma was pleasant when I opened the pack. I ordered this to try both varieties and liked the overall selection. I would buy it again.,SYNTHETIC SAMPLE — FICTIONAL REVIEW / NOT A REAL CUSTOMER
Blue Tea + Red Tea Transformation Combo (4 Packs),Megha Shah,Jalandhar,Punjab,4,Good first impression and the delivery was smooth. The combination gives a nice mix of the blue and red herbal teas. Would consider adding it to my next order.,SYNTHETIC SAMPLE — FICTIONAL REVIEW / NOT A REAL CUSTOMER
Blue Tea + Red Tea Transformation Combo (4 Packs),Ravi Thakur,Lucknow,Uttar Pradesh,5,"Good first impression and the delivery was smooth. Having four packs makes it practical for regular use and gifting. So far, a good experience.",SYNTHETIC SAMPLE — FICTIONAL REVIEW / NOT A REAL CUSTOMER
Blue Tea + Red Tea Transformation Combo (4 Packs),Srishti Sinha,Pune,Maharashtra,5,Tried this after seeing it online and liked the first experience. I ordered this to try both varieties and liked the overall selection. I would buy it again.,SYNTHETIC SAMPLE — FICTIONAL REVIEW / NOT A REAL CUSTOMER
Blue Tea + Red Tea Transformation Combo (4 Packs),Ravi Rao,Guwahati,Assam,5,I bought this for home use and have been using it regularly. I ordered this to try both varieties and liked the overall selection. Would consider adding it to my next order.,SYNTHETIC SAMPLE — FICTIONAL REVIEW / NOT A REAL CUSTOMER
Blue Tea + Red Tea Transformation Combo (4 Packs),Shalini Yadav,Vijayawada,Andhra Pradesh,5,"The aroma was pleasant when I opened the pack. The combination gives a nice mix of the blue and red herbal teas. Overall, happy with the purchase.",SYNTHETIC SAMPLE — FICTIONAL REVIEW / NOT A REAL CUSTOMER
Blue Tea + Red Tea Transformation Combo (4 Packs),Rajat Verma,Chandigarh,Chandigarh,5,The aroma was pleasant when I opened the pack. The combination gives a nice mix of the blue and red herbal teas. It has become a regular item at home.,SYNTHETIC SAMPLE — FICTIONAL REVIEW / NOT A REAL CUSTOMER
Blue Tea + Red Tea Transformation Combo (4 Packs),Aditi Gill,Dehradun,Uttarakhand,4,I bought this for home use and have been using it regularly. I ordered this to try both varieties and liked the overall selection. I would buy it again.,SYNTHETIC SAMPLE — FICTIONAL REVIEW / NOT A REAL CUSTOMER
Blue Tea + Red Tea Transformation Combo (4 Packs),Aishwarya Shetty,Indore,Madhya Pradesh,4,I bought this for home use and have been using it regularly. Having four packs makes it practical for regular use and gifting. I would buy it again.,SYNTHETIC SAMPLE — FICTIONAL REVIEW / NOT A REAL CUSTOMER
Blue Tea + Red Tea Transformation Combo (4 Packs),Divya Pillai,Bengaluru,Karnataka,5,"Good first impression and the delivery was smooth. The combination gives a nice mix of the blue and red herbal teas. So far, a good experience.",SYNTHETIC SAMPLE — FICTIONAL REVIEW / NOT A REAL CUSTOMER
Blue Tea + Red Tea Transformation Combo (4 Packs),Jatin Verma,Goa,Goa,5,"I bought this for home use and have been using it regularly. Having four packs makes it practical for regular use and gifting. So far, a good experience.",SYNTHETIC SAMPLE — FICTIONAL REVIEW / NOT A REAL CUSTOMER
Blue Tea + Red Tea Transformation Combo (4 Packs),Harpreet Gupta,New Delhi,Delhi,5,I bought this for home use and have been using it regularly. Having four packs makes it practical for regular use and gifting. I would buy it again.,SYNTHETIC SAMPLE — FICTIONAL REVIEW / NOT A REAL CUSTOMER
Blue Tea + Red Tea Transformation Combo (4 Packs),Anil Dutta,Jammu,Jammu & Kashmir,5,"The flavour was balanced and easy to enjoy. I ordered this to try both varieties and liked the overall selection. So far, a good experience.",SYNTHETIC SAMPLE — FICTIONAL REVIEW / NOT A REAL CUSTOMER
Blue Tea + Red Tea Transformation Combo (4 Packs),Aditya Sharma,Kolkata,West Bengal,5,The flavour was balanced and easy to enjoy. Having four packs makes it practical for regular use and gifting. I would buy it again.,SYNTHETIC SAMPLE — FICTIONAL REVIEW / NOT A REAL CUSTOMER
Blue Tea + Red Tea Transformation Combo (4 Packs),Arjun Patil,Hyderabad,Telangana,5,The packaging was neat and the product looked fresh. Having four packs makes it practical for regular use and gifting. It has become a regular item at home.,SYNTHETIC SAMPLE — FICTIONAL REVIEW / NOT A REAL CUSTOMER
Blue Tea + Red Tea Transformation Combo (4 Packs),Deepak Shetty,Amritsar,Punjab,5,The pack arrived sealed and in good condition. I ordered this to try both varieties and liked the overall selection. I would buy it again.,SYNTHETIC SAMPLE — FICTIONAL REVIEW / NOT A REAL CUSTOMER
Blue Tea + Red Tea Transformation Combo (4 Packs),Kriti Oberoi,Gurugram,Haryana,5,I bought this for home use and have been using it regularly. A useful combo when you want to keep both herbal teas stocked. I would buy it again.,SYNTHETIC SAMPLE — FICTIONAL REVIEW / NOT A REAL CUSTOMER
Blue Tea + Red Tea Transformation Combo (4 Packs),Gauri Srivastava,Ahmedabad,Gujarat,5,"The packaging was neat and the product looked fresh. I ordered this to try both varieties and liked the overall selection. So far, a good experience.",SYNTHETIC SAMPLE — FICTIONAL REVIEW / NOT A REAL CUSTOMER
Blue Tea + Red Tea Transformation Combo (4 Packs),Ananya Thakur,Bhubaneswar,Odisha,5,The aroma was pleasant when I opened the pack. A useful combo when you want to keep both herbal teas stocked. Satisfied with the first order.,SYNTHETIC SAMPLE — FICTIONAL REVIEW / NOT A REAL CUSTOMER
Blue Tea + Red Tea Transformation Combo (4 Packs),Anil Pillai,Chennai,Tamil Nadu,5,I bought this for home use and have been using it regularly. A useful combo when you want to keep both herbal teas stocked. It has become a regular item at home.,SYNTHETIC SAMPLE — FICTIONAL REVIEW / NOT A REAL CUSTOMER
Blue Tea + Red Tea Transformation Combo (4 Packs),Zoya Bansal,Ludhiana,Punjab,5,"The packaging was neat and the product looked fresh. Having four packs makes it practical for regular use and gifting. Overall, happy with the purchase.",SYNTHETIC SAMPLE — FICTIONAL REVIEW / NOT A REAL CUSTOMER
Blue Tea + Red Tea Transformation Combo (4 Packs),Deepika Iyer,Jaipur,Rajasthan,5,"The flavour was balanced and easy to enjoy. The combination gives a nice mix of the blue and red herbal teas. So far, a good experience.",SYNTHETIC SAMPLE — FICTIONAL REVIEW / NOT A REAL CUSTOMER
Blue Tea + Red Tea Transformation Combo (4 Packs),Zoya Khanna,Mumbai,Maharashtra,5,"The flavour was balanced and easy to enjoy. A useful combo when you want to keep both herbal teas stocked. Overall, happy with the purchase.",SYNTHETIC SAMPLE — FICTIONAL REVIEW / NOT A REAL CUSTOMER
Blue Tea + Red Tea Transformation Combo (4 Packs),Nisha Kulkarni,Patna,Bihar,5,Good first impression and the delivery was smooth. The combination gives a nice mix of the blue and red herbal teas. Would consider adding it to my next order.,SYNTHETIC SAMPLE — FICTIONAL REVIEW / NOT A REAL CUSTOMER
Blue Tea + Red Tea Transformation Combo (4 Packs),Sonam Malhotra,Kochi,Kerala,5,"The flavour was balanced and easy to enjoy. The combination gives a nice mix of the blue and red herbal teas. So far, a good experience.",SYNTHETIC SAMPLE — FICTIONAL REVIEW / NOT A REAL CUSTOMER
Red Tea + Blue Tea Gift Combo,Harish Bedi,Bengaluru,Karnataka,5,I bought this for home use and have been using it regularly. The combination looks suitable for gifting and the tea selection feels premium. Satisfied with the first order.,SYNTHETIC SAMPLE — FICTIONAL REVIEW / NOT A REAL CUSTOMER
Red Tea + Blue Tea Gift Combo,Meena Kohli,Goa,Goa,5,"I bought this for home use and have been using it regularly. The two colours make the combo look attractive when opened. So far, a good experience.",SYNTHETIC SAMPLE — FICTIONAL REVIEW / NOT A REAL CUSTOMER
Red Tea + Blue Tea Gift Combo,Vinay Mishra,New Delhi,Delhi,5,The packaging was neat and the product looked fresh. A practical gift because both teas are easy to use at home. It has become a regular item at home.,SYNTHETIC SAMPLE — FICTIONAL REVIEW / NOT A REAL CUSTOMER
Red Tea + Blue Tea Gift Combo,Rhea Mehta,Jammu,Jammu & Kashmir,5,Ordered this recently and the overall quality felt good. The two colours make the combo look attractive when opened. Satisfied with the first order.,SYNTHETIC SAMPLE — FICTIONAL REVIEW / NOT A REAL CUSTOMER
Red Tea + Blue Tea Gift Combo,Simran Shah,Kolkata,West Bengal,5,"The aroma was pleasant when I opened the pack. The combination looks suitable for gifting and the tea selection feels premium. So far, a good experience.",SYNTHETIC SAMPLE — FICTIONAL REVIEW / NOT A REAL CUSTOMER
Red Tea + Blue Tea Gift Combo,Isha Mehta,Hyderabad,Telangana,3,The packaging was neat and the product looked fresh. The combination looks suitable for gifting and the tea selection feels premium. Satisfied with the first order.,SYNTHETIC SAMPLE — FICTIONAL REVIEW / NOT A REAL CUSTOMER
Red Tea + Blue Tea Gift Combo,Aman Chopra,Amritsar,Punjab,5,"The flavour was balanced and easy to enjoy. Bought this as a small gift and liked the presentation. So far, a good experience.",SYNTHETIC SAMPLE — FICTIONAL REVIEW / NOT A REAL CUSTOMER
Red Tea + Blue Tea Gift Combo,Deepika Kumar,Gurugram,Haryana,5,"Good first impression and the delivery was smooth. Bought this as a small gift and liked the presentation. So far, a good experience.",SYNTHETIC SAMPLE — FICTIONAL REVIEW / NOT A REAL CUSTOMER
Red Tea + Blue Tea Gift Combo,Bhavna Yadav,Ahmedabad,Gujarat,5,"The aroma was pleasant when I opened the pack. A practical gift because both teas are easy to use at home. Overall, happy with the purchase.",SYNTHETIC SAMPLE — FICTIONAL REVIEW / NOT A REAL CUSTOMER
Red Tea + Blue Tea Gift Combo,Pankaj Oberoi,Bhubaneswar,Odisha,5,The aroma was pleasant when I opened the pack. A practical gift because both teas are easy to use at home. It has become a regular item at home.,SYNTHETIC SAMPLE — FICTIONAL REVIEW / NOT A REAL CUSTOMER
Red Tea + Blue Tea Gift Combo,Monika Bedi,Chennai,Tamil Nadu,5,"Ordered this recently and the overall quality felt good. The two colours make the combo look attractive when opened. So far, a good experience.",SYNTHETIC SAMPLE — FICTIONAL REVIEW / NOT A REAL CUSTOMER
Red Tea + Blue Tea Gift Combo,Anjali Kaur,Ludhiana,Punjab,5,Good first impression and the delivery was smooth. The combination looks suitable for gifting and the tea selection feels premium. It has become a regular item at home.,SYNTHETIC SAMPLE — FICTIONAL REVIEW / NOT A REAL CUSTOMER
Red Tea + Blue Tea Gift Combo,Saurabh Chaudhary,Jaipur,Rajasthan,5,"Tried this after seeing it online and liked the first experience. The combination looks suitable for gifting and the tea selection feels premium. So far, a good experience.",SYNTHETIC SAMPLE — FICTIONAL REVIEW / NOT A REAL CUSTOMER
Red Tea + Blue Tea Gift Combo,Sana Bedi,Mumbai,Maharashtra,5,"Ordered this recently and the overall quality felt good. Bought this as a small gift and liked the presentation. So far, a good experience.",SYNTHETIC SAMPLE — FICTIONAL REVIEW / NOT A REAL CUSTOMER
Red Tea + Blue Tea Gift Combo,Kriti Kaur,Patna,Bihar,5,Ordered this recently and the overall quality felt good. The two colours make the combo look attractive when opened. Would consider adding it to my next order.,SYNTHETIC SAMPLE — FICTIONAL REVIEW / NOT A REAL CUSTOMER
Red Tea + Blue Tea Gift Combo,Naveen Bisht,Kochi,Kerala,5,Tried this after seeing it online and liked the first experience. A practical gift because both teas are easy to use at home. Satisfied with the first order.,SYNTHETIC SAMPLE — FICTIONAL REVIEW / NOT A REAL CUSTOMER
Red Tea + Blue Tea Gift Combo,Sonam Arora,Jalandhar,Punjab,5,I bought this for home use and have been using it regularly. Bought this as a small gift and liked the presentation. Satisfied with the first order.,SYNTHETIC SAMPLE — FICTIONAL REVIEW / NOT A REAL CUSTOMER
Red Tea + Blue Tea Gift Combo,Varun Sharma,Lucknow,Uttar Pradesh,4,"The pack arrived sealed and in good condition. A practical gift because both teas are easy to use at home. Overall, happy with the purchase.",SYNTHETIC SAMPLE — FICTIONAL REVIEW / NOT A REAL CUSTOMER
Red Tea + Blue Tea Gift Combo,Ravi Pandey,Pune,Maharashtra,5,"I bought this for home use and have been using it regularly. The two colours make the combo look attractive when opened. So far, a good experience.",SYNTHETIC SAMPLE — FICTIONAL REVIEW / NOT A REAL CUSTOMER
Red Tea + Blue Tea Gift Combo,Arpita Bhattacharya,Guwahati,Assam,4,The pack arrived sealed and in good condition. The two colours make the combo look attractive when opened. Would consider adding it to my next order.,SYNTHETIC SAMPLE — FICTIONAL REVIEW / NOT A REAL CUSTOMER
Red Tea + Blue Tea Gift Combo,Chetan Srivastava,Vijayawada,Andhra Pradesh,5,Ordered this recently and the overall quality felt good. Bought this as a small gift and liked the presentation. Would consider adding it to my next order.,SYNTHETIC SAMPLE — FICTIONAL REVIEW / NOT A REAL CUSTOMER
Red Tea + Blue Tea Gift Combo,Aditi Bansal,Chandigarh,Chandigarh,5,Ordered this recently and the overall quality felt good. A practical gift because both teas are easy to use at home. I would buy it again.,SYNTHETIC SAMPLE — FICTIONAL REVIEW / NOT A REAL CUSTOMER
Red Tea + Blue Tea Gift Combo,Shivam Iyer,Dehradun,Uttarakhand,3,The packaging was neat and the product looked fresh. The two colours make the combo look attractive when opened. Would consider adding it to my next order.,SYNTHETIC SAMPLE — FICTIONAL REVIEW / NOT A REAL CUSTOMER
Red Tea + Blue Tea Gift Combo,Srishti Joshi,Indore,Madhya Pradesh,5,The aroma was pleasant when I opened the pack. A practical gift because both teas are easy to use at home. It has become a regular item at home.,SYNTHETIC SAMPLE — FICTIONAL REVIEW / NOT A REAL CUSTOMER
Red Tea + Blue Tea Gift Combo,Megha Bhattacharya,Bengaluru,Karnataka,5,The packaging was neat and the product looked fresh. The two colours make the combo look attractive when opened. It has become a regular item at home.,SYNTHETIC SAMPLE — FICTIONAL REVIEW / NOT A REAL CUSTOMER
Red Tea + Blue Tea Gift Combo,Jatin Kohli,Goa,Goa,5,Ordered this recently and the overall quality felt good. The two colours make the combo look attractive when opened. It has become a regular item at home.,SYNTHETIC SAMPLE — FICTIONAL REVIEW / NOT A REAL CUSTOMER
Red Tea + Blue Tea Gift Combo,Sana Banerjee,New Delhi,Delhi,5,"I bought this for home use and have been using it regularly. The two colours make the combo look attractive when opened. So far, a good experience.",SYNTHETIC SAMPLE — FICTIONAL REVIEW / NOT A REAL CUSTOMER
Red Tea + Blue Tea Gift Combo,Mohit Chopra,Jammu,Jammu & Kashmir,5,I bought this for home use and have been using it regularly. A practical gift because both teas are easy to use at home. I would buy it again.,SYNTHETIC SAMPLE — FICTIONAL REVIEW / NOT A REAL CUSTOMER
Red Tea + Blue Tea Gift Combo,Amrita Kaur,Kolkata,West Bengal,5,"I bought this for home use and have been using it regularly. A practical gift because both teas are easy to use at home. So far, a good experience.",SYNTHETIC SAMPLE — FICTIONAL REVIEW / NOT A REAL CUSTOMER
Red Tea + Blue Tea Gift Combo,Rohit Kaur,Hyderabad,Telangana,5,The pack arrived sealed and in good condition. The combination looks suitable for gifting and the tea selection feels premium. Satisfied with the first order.,SYNTHETIC SAMPLE — FICTIONAL REVIEW / NOT A REAL CUSTOMER
Red Tea + Blue Tea Gift Combo,Vinay Sethi,Amritsar,Punjab,5,"Good first impression and the delivery was smooth. The two colours make the combo look attractive when opened. Overall, happy with the purchase.",SYNTHETIC SAMPLE — FICTIONAL REVIEW / NOT A REAL CUSTOMER
Red Tea + Blue Tea Gift Combo,Anjali Agarwal,Gurugram,Haryana,5,I bought this for home use and have been using it regularly. The combination looks suitable for gifting and the tea selection feels premium. Would consider adding it to my next order.,SYNTHETIC SAMPLE — FICTIONAL REVIEW / NOT A REAL CUSTOMER
Red Tea + Blue Tea Gift Combo,Pradeep Chatterjee,Ahmedabad,Gujarat,5,I bought this for home use and have been using it regularly. A practical gift because both teas are easy to use at home. Satisfied with the first order.,SYNTHETIC SAMPLE — FICTIONAL REVIEW / NOT A REAL CUSTOMER
Red Tea + Blue Tea Gift Combo,Dev Rawat,Bhubaneswar,Odisha,5,Tried this after seeing it online and liked the first experience. A practical gift because both teas are easy to use at home. Satisfied with the first order.,SYNTHETIC SAMPLE — FICTIONAL REVIEW / NOT A REAL CUSTOMER
Red Tea + Blue Tea Gift Combo,Jatin Joshi,Chennai,Tamil Nadu,5,Good first impression and the delivery was smooth. Bought this as a small gift and liked the presentation. Would consider adding it to my next order.,SYNTHETIC SAMPLE — FICTIONAL REVIEW / NOT A REAL CUSTOMER
Red Tea + Blue Tea Gift Combo,Sanjana Patil,Ludhiana,Punjab,5,The packaging was neat and the product looked fresh. The combination looks suitable for gifting and the tea selection feels premium. Satisfied with the first order.,SYNTHETIC SAMPLE — FICTIONAL REVIEW / NOT A REAL CUSTOMER
Red Tea + Blue Tea Gift Combo,Rashi Reddy,Jaipur,Rajasthan,5,The aroma was pleasant when I opened the pack. The combination looks suitable for gifting and the tea selection feels premium. Satisfied with the first order.,SYNTHETIC SAMPLE — FICTIONAL REVIEW / NOT A REAL CUSTOMER
Red Tea + Blue Tea Gift Combo,Divya Bedi,Mumbai,Maharashtra,4,I bought this for home use and have been using it regularly. A practical gift because both teas are easy to use at home. It has become a regular item at home.,SYNTHETIC SAMPLE — FICTIONAL REVIEW / NOT A REAL CUSTOMER
Red Tea + Blue Tea Gift Combo,Nikhil Deshmukh,Patna,Bihar,5,Good first impression and the delivery was smooth. The two colours make the combo look attractive when opened. Would consider adding it to my next order.,SYNTHETIC SAMPLE — FICTIONAL REVIEW / NOT A REAL CUSTOMER
Red Tea + Blue Tea Gift Combo,Pradeep Roy,Kochi,Kerala,3,"The pack arrived sealed and in good condition. A practical gift because both teas are easy to use at home. Overall, happy with the purchase.",SYNTHETIC SAMPLE — FICTIONAL REVIEW / NOT A REAL CUSTOMER
Red Tea + Blue Tea Gift Combo,Varun Agarwal,Jalandhar,Punjab,5,The packaging was neat and the product looked fresh. A practical gift because both teas are easy to use at home. Would consider adding it to my next order.,SYNTHETIC SAMPLE — FICTIONAL REVIEW / NOT A REAL CUSTOMER
Red Tea + Blue Tea Gift Combo,Rahul Yadav,Lucknow,Uttar Pradesh,5,Good first impression and the delivery was smooth. The combination looks suitable for gifting and the tea selection feels premium. Would consider adding it to my next order.,SYNTHETIC SAMPLE — FICTIONAL REVIEW / NOT A REAL CUSTOMER
Red Tea + Blue Tea Gift Combo,Mohit Sen,Pune,Maharashtra,5,The aroma was pleasant when I opened the pack. The two colours make the combo look attractive when opened. Satisfied with the first order.,SYNTHETIC SAMPLE — FICTIONAL REVIEW / NOT A REAL CUSTOMER
Red Tea + Blue Tea Gift Combo,Jatin Naik,Guwahati,Assam,5,Good first impression and the delivery was smooth. Bought this as a small gift and liked the presentation. Would consider adding it to my next order.,SYNTHETIC SAMPLE — FICTIONAL REVIEW / NOT A REAL CUSTOMER
Red Tea + Blue Tea Gift Combo,Pankaj Gupta,Vijayawada,Andhra Pradesh,3,Tried this after seeing it online and liked the first experience. The two colours make the combo look attractive when opened. Would consider adding it to my next order.,SYNTHETIC SAMPLE — FICTIONAL REVIEW / NOT A REAL CUSTOMER
Red Tea + Blue Tea Gift Combo,Dev Banerjee,Chandigarh,Chandigarh,5,The packaging was neat and the product looked fresh. The combination looks suitable for gifting and the tea selection feels premium. Would consider adding it to my next order.,SYNTHETIC SAMPLE — FICTIONAL REVIEW / NOT A REAL CUSTOMER
Red Tea + Blue Tea Gift Combo,Yash Kapoor,Dehradun,Uttarakhand,4,The pack arrived sealed and in good condition. A practical gift because both teas are easy to use at home. Would consider adding it to my next order.,SYNTHETIC SAMPLE — FICTIONAL REVIEW / NOT A REAL CUSTOMER
Red Tea + Blue Tea Gift Combo,Gaurav Malhotra,Indore,Madhya Pradesh,5,The aroma was pleasant when I opened the pack. Bought this as a small gift and liked the presentation. It has become a regular item at home.,SYNTHETIC SAMPLE — FICTIONAL REVIEW / NOT A REAL CUSTOMER
Red Tea + Blue Tea Gift Combo,Anil Malhotra,Bengaluru,Karnataka,4,"The packaging was neat and the product looked fresh. The combination looks suitable for gifting and the tea selection feels premium. Overall, happy with the purchase.",SYNTHETIC SAMPLE — FICTIONAL REVIEW / NOT A REAL CUSTOMER
Red Tea + Blue Tea Gift Combo,Dev Bedi,Goa,Goa,5,Good first impression and the delivery was smooth. Bought this as a small gift and liked the presentation. Satisfied with the first order.,SYNTHETIC SAMPLE — FICTIONAL REVIEW / NOT A REAL CUSTOMER
Red Tea + Blue Tea Gift Combo,Shalini Arora,New Delhi,Delhi,5,I bought this for home use and have been using it regularly. Bought this as a small gift and liked the presentation. It has become a regular item at home.,SYNTHETIC SAMPLE — FICTIONAL REVIEW / NOT A REAL CUSTOMER
Red Tea + Blue Tea Gift Combo,Bhavna Sharma,Jammu,Jammu & Kashmir,5,Tried this after seeing it online and liked the first experience. The two colours make the combo look attractive when opened. I would buy it again.,SYNTHETIC SAMPLE — FICTIONAL REVIEW / NOT A REAL CUSTOMER
Red Tea + Blue Tea Gift Combo,Aarav Sandhu,Kolkata,West Bengal,5,"The flavour was balanced and easy to enjoy. A practical gift because both teas are easy to use at home. So far, a good experience.",SYNTHETIC SAMPLE — FICTIONAL REVIEW / NOT A REAL CUSTOMER
Red Tea + Blue Tea Gift Combo,Nisha Nair,Hyderabad,Telangana,5,I bought this for home use and have been using it regularly. A practical gift because both teas are easy to use at home. Satisfied with the first order.,SYNTHETIC SAMPLE — FICTIONAL REVIEW / NOT A REAL CUSTOMER
Red Tea + Blue Tea Gift Combo,Simran Tripathi,Amritsar,Punjab,5,Tried this after seeing it online and liked the first experience. Bought this as a small gift and liked the presentation. I would buy it again.,SYNTHETIC SAMPLE — FICTIONAL REVIEW / NOT A REAL CUSTOMER
Red Tea + Blue Tea Gift Combo,Dev Mehta,Gurugram,Haryana,4,The packaging was neat and the product looked fresh. The two colours make the combo look attractive when opened. I would buy it again.,SYNTHETIC SAMPLE — FICTIONAL REVIEW / NOT A REAL CUSTOMER
Red Tea + Blue Tea Gift Combo,Kavita Khanna,Ahmedabad,Gujarat,5,The aroma was pleasant when I opened the pack. The two colours make the combo look attractive when opened. Satisfied with the first order.,SYNTHETIC SAMPLE — FICTIONAL REVIEW / NOT A REAL CUSTOMER
Red Tea + Blue Tea Gift Combo,Yash Kohli,Bhubaneswar,Odisha,4,"The flavour was balanced and easy to enjoy. The combination looks suitable for gifting and the tea selection feels premium. So far, a good experience.",SYNTHETIC SAMPLE — FICTIONAL REVIEW / NOT A REAL CUSTOMER
Red Tea + Blue Tea Gift Combo,Rashi Ghosh,Chennai,Tamil Nadu,5,"The pack arrived sealed and in good condition. Bought this as a small gift and liked the presentation. Overall, happy with the purchase.",SYNTHETIC SAMPLE — FICTIONAL REVIEW / NOT A REAL CUSTOMER
Red Tea + Blue Tea Gift Combo,Aman Khanna,Ludhiana,Punjab,5,"The aroma was pleasant when I opened the pack. The combination looks suitable for gifting and the tea selection feels premium. So far, a good experience.",SYNTHETIC SAMPLE — FICTIONAL REVIEW / NOT A REAL CUSTOMER
Red Tea + Blue Tea Gift Combo,Bharat Deshmukh,Jaipur,Rajasthan,5,The pack arrived sealed and in good condition. The combination looks suitable for gifting and the tea selection feels premium. Would consider adding it to my next order.,SYNTHETIC SAMPLE — FICTIONAL REVIEW / NOT A REAL CUSTOMER
Red Tea + Blue Tea Gift Combo,Shivam Naik,Mumbai,Maharashtra,5,Tried this after seeing it online and liked the first experience. The combination looks suitable for gifting and the tea selection feels premium. I would buy it again.,SYNTHETIC SAMPLE — FICTIONAL REVIEW / NOT A REAL CUSTOMER
Red Tea + Blue Tea Gift Combo,Rashi Verma,Patna,Bihar,5,"The flavour was balanced and easy to enjoy. Bought this as a small gift and liked the presentation. So far, a good experience.",SYNTHETIC SAMPLE — FICTIONAL REVIEW / NOT A REAL CUSTOMER
Red Tea + Blue Tea Gift Combo,Aarav Reddy,Kochi,Kerala,5,"The flavour was balanced and easy to enjoy. Bought this as a small gift and liked the presentation. Overall, happy with the purchase.",SYNTHETIC SAMPLE — FICTIONAL REVIEW / NOT A REAL CUSTOMER
