product,reviewer,city,state,rating,review,verified_purchase,review_type
Black Pepper + Coriander,Karan Patel,Noida,Uttar Pradesh,5,Really liked this one. Convenient combo when making gravies and marinades. I would order it again.,FALSE,SYNTHETIC SAMPLE — FICTIONAL CUSTOMER NAME/REVIEW FOR DEMO USE
Black Pepper + Coriander,Rohan Basu,Ahmedabad,Gujarat,5,Very happy with the purchase. Convenient combo when making gravies and marinades. Already thinking of getting another pack.,FALSE,SYNTHETIC SAMPLE — FICTIONAL CUSTOMER NAME/REVIEW FOR DEMO USE
Black Pepper + Coriander,Gurpreet Singh,Kolkata,West Bengal,5,Good quality overall. The pepper and coriander flavours complement each other nicely. It has found a place in my regular kitchen use.,FALSE,SYNTHETIC SAMPLE — FICTIONAL CUSTOMER NAME/REVIEW FOR DEMO USE
Black Pepper + Coriander,Ankit Negi,Chennai,Tamil Nadu,5,This was a pleasant surprise. Convenient combo when making gravies and marinades. Would recommend trying it once.,FALSE,SYNTHETIC SAMPLE — FICTIONAL CUSTOMER NAME/REVIEW FOR DEMO USE
Black Pepper + Coriander,Simran Kaur,Raipur,Chhattisgarh,5,Quite happy with the flavour. Both spices are useful together for daily cooking. Good for home cooking.,FALSE,SYNTHETIC SAMPLE — FICTIONAL CUSTOMER NAME/REVIEW FOR DEMO USE
Black Pepper + Coriander,Pooja Gupta,Gurugram,Haryana,5,Really liked this one. Both spices are useful together for daily cooking. I would order it again.,FALSE,SYNTHETIC SAMPLE — FICTIONAL CUSTOMER NAME/REVIEW FOR DEMO USE
Black Pepper + Coriander,Rakesh Kumar,Srinagar,Jammu & Kashmir,4,Nice quality for regular cooking. Both spices are useful together for daily cooking. Works well for daily meals.,FALSE,SYNTHETIC SAMPLE — FICTIONAL CUSTOMER NAME/REVIEW FOR DEMO USE
Black Pepper + Coriander,Renu Kumari,Bhopal,Madhya Pradesh,5,Good quality overall. Convenient combo when making gravies and marinades. It has found a place in my regular kitchen use.,FALSE,SYNTHETIC SAMPLE — FICTIONAL CUSTOMER NAME/REVIEW FOR DEMO USE
Black Pepper + Coriander,Nandini Rao,Hyderabad,Telangana,5,This was a pleasant surprise. Both spices are useful together for daily cooking. Would recommend trying it once.,FALSE,SYNTHETIC SAMPLE — FICTIONAL CUSTOMER NAME/REVIEW FOR DEMO USE
Black Pepper + Coriander,Ananya Ghosh,Goa,Goa,5,Quite happy with the flavour. Both spices are useful together for daily cooking. Good for home cooking.,FALSE,SYNTHETIC SAMPLE — FICTIONAL CUSTOMER NAME/REVIEW FOR DEMO USE
Black Pepper + Coriander,Sonia Kapoor,New Delhi,Delhi,3,It is decent for everyday use. Convenient combo when making gravies and marinades. I may try another product from the range.,FALSE,SYNTHETIC SAMPLE — FICTIONAL CUSTOMER NAME/REVIEW FOR DEMO USE
Black Pepper + Coriander,Megha Yadav,Jammu,Jammu & Kashmir,5,Very happy with the purchase. The pepper and coriander flavours complement each other nicely. Already thinking of getting another pack.,FALSE,SYNTHETIC SAMPLE — FICTIONAL CUSTOMER NAME/REVIEW FOR DEMO USE
Black Pepper + Coriander,Srinivas Rao,Indore,Madhya Pradesh,5,Good quality overall. Convenient combo when making gravies and marinades. It has found a place in my regular kitchen use.,FALSE,SYNTHETIC SAMPLE — FICTIONAL CUSTOMER NAME/REVIEW FOR DEMO USE
Black Pepper + Coriander,Komal Agarwal,Bengaluru,Karnataka,4,Good product overall. The pepper and coriander flavours complement each other nicely. Useful to keep at home.,FALSE,SYNTHETIC SAMPLE — FICTIONAL CUSTOMER NAME/REVIEW FOR DEMO USE
Black Pepper + Coriander,Pradeep Reddy,Visakhapatnam,Andhra Pradesh,5,Quite happy with the flavour. The pepper and coriander flavours complement each other nicely. Good for home cooking.,FALSE,SYNTHETIC SAMPLE — FICTIONAL CUSTOMER NAME/REVIEW FOR DEMO USE
Black Pepper + Coriander,Imran Sheikh,Jodhpur,Rajasthan,5,Really liked this one. Both spices are useful together for daily cooking. I would order it again.,FALSE,SYNTHETIC SAMPLE — FICTIONAL CUSTOMER NAME/REVIEW FOR DEMO USE
Black Pepper + Coriander,Sana Khan,Shimla,Himachal Pradesh,5,Very happy with the purchase. Convenient combo when making gravies and marinades. Already thinking of getting another pack.,FALSE,SYNTHETIC SAMPLE — FICTIONAL CUSTOMER NAME/REVIEW FOR DEMO USE
Black Pepper + Coriander,Saurabh Jain,Nagpur,Maharashtra,5,Good quality overall. The pepper and coriander flavours complement each other nicely. It has found a place in my regular kitchen use.,FALSE,SYNTHETIC SAMPLE — FICTIONAL CUSTOMER NAME/REVIEW FOR DEMO USE
Black Pepper + Coriander,Manish Verma,Guwahati,Assam,5,This was a pleasant surprise. The pepper and coriander flavours complement each other nicely. Would recommend trying it once.,FALSE,SYNTHETIC SAMPLE — FICTIONAL CUSTOMER NAME/REVIEW FOR DEMO USE
Black Pepper + Coriander,Debashis Roy,Vijayawada,Andhra Pradesh,5,Quite happy with the flavour. The pepper and coriander flavours complement each other nicely. Good for home cooking.,FALSE,SYNTHETIC SAMPLE — FICTIONAL CUSTOMER NAME/REVIEW FOR DEMO USE
Black Pepper + Coriander,Arif Ansari,Jaipur,Rajasthan,4,Pretty good product. Both spices are useful together for daily cooking. May order it again.,FALSE,SYNTHETIC SAMPLE — FICTIONAL CUSTOMER NAME/REVIEW FOR DEMO USE
Black Pepper + Coriander,Madhuri Patil,Dehradun,Uttarakhand,3,The product is okay overall. Convenient combo when making gravies and marinades. It works fine for basic cooking.,FALSE,SYNTHETIC SAMPLE — FICTIONAL CUSTOMER NAME/REVIEW FOR DEMO USE
Black Pepper + Coriander,Arjun Kapoor,Pune,Maharashtra,5,Good quality overall. The pepper and coriander flavours complement each other nicely. It has found a place in my regular kitchen use.,FALSE,SYNTHETIC SAMPLE — FICTIONAL CUSTOMER NAME/REVIEW FOR DEMO USE
Black Pepper + Coriander,Manoj Kumar,Patna,Bihar,5,This was a pleasant surprise. Convenient combo when making gravies and marinades. Would recommend trying it once.,FALSE,SYNTHETIC SAMPLE — FICTIONAL CUSTOMER NAME/REVIEW FOR DEMO USE
Black Pepper + Coriander,Vikas Bansal,Thiruvananthapuram,Kerala,5,Quite happy with the flavour. The pepper and coriander flavours complement each other nicely. Good for home cooking.,FALSE,SYNTHETIC SAMPLE — FICTIONAL CUSTOMER NAME/REVIEW FOR DEMO USE
Black Pepper + Coriander,Nitin Sood,Chandigarh,Chandigarh,5,Really liked this one. Convenient combo when making gravies and marinades. I would order it again.,FALSE,SYNTHETIC SAMPLE — FICTIONAL CUSTOMER NAME/REVIEW FOR DEMO USE
Black Pepper + Coriander,Divya Sharma,Varanasi,Uttar Pradesh,5,Very happy with the purchase. The pepper and coriander flavours complement each other nicely. Already thinking of getting another pack.,FALSE,SYNTHETIC SAMPLE — FICTIONAL CUSTOMER NAME/REVIEW FOR DEMO USE
Black Pepper + Coriander,Joseph Mathew,Mumbai,Maharashtra,4,Liked the flavour and freshness. Convenient combo when making gravies and marinades. I will probably try it again.,FALSE,SYNTHETIC SAMPLE — FICTIONAL CUSTOMER NAME/REVIEW FOR DEMO USE
Black Pepper + Coriander,Tejas Kulkarni,Ranchi,Jharkhand,5,This was a pleasant surprise. The pepper and coriander flavours complement each other nicely. Would recommend trying it once.,FALSE,SYNTHETIC SAMPLE — FICTIONAL CUSTOMER NAME/REVIEW FOR DEMO USE
Black Pepper + Coriander,Rahul Iyer,Kochi,Kerala,5,Quite happy with the flavour. The pepper and coriander flavours complement each other nicely. Good for home cooking.,FALSE,SYNTHETIC SAMPLE — FICTIONAL CUSTOMER NAME/REVIEW FOR DEMO USE
Black Pepper + Coriander,Lavanya Rao,Ludhiana,Punjab,5,Really liked this one. Convenient combo when making gravies and marinades. I would order it again.,FALSE,SYNTHETIC SAMPLE — FICTIONAL CUSTOMER NAME/REVIEW FOR DEMO USE
Black Pepper + Coriander,Rohit Mehta,Lucknow,Uttar Pradesh,5,Very happy with the purchase. Convenient combo when making gravies and marinades. Already thinking of getting another pack.,FALSE,SYNTHETIC SAMPLE — FICTIONAL CUSTOMER NAME/REVIEW FOR DEMO USE
Black Pepper + Coriander,Reshma Nair,Surat,Gujarat,3,Good enough for regular cooking. Both spices are useful together for daily cooking. The overall experience was okay.,FALSE,SYNTHETIC SAMPLE — FICTIONAL CUSTOMER NAME/REVIEW FOR DEMO USE
Black Pepper + Coriander,Rajesh Nair,Bhubaneswar,Odisha,5,This was a pleasant surprise. Both spices are useful together for daily cooking. Would recommend trying it once.,FALSE,SYNTHETIC SAMPLE — FICTIONAL CUSTOMER NAME/REVIEW FOR DEMO USE
Black Pepper + Coriander,Amit Sinha,Coimbatore,Tamil Nadu,4,Happy with the first pack. Both spices are useful together for daily cooking. Overall a good experience.,FALSE,SYNTHETIC SAMPLE — FICTIONAL CUSTOMER NAME/REVIEW FOR DEMO USE
Black Pepper + Coriander,Sunita Devi,Amritsar,Punjab,5,Really liked this one. The pepper and coriander flavours complement each other nicely. I would order it again.,FALSE,SYNTHETIC SAMPLE — FICTIONAL CUSTOMER NAME/REVIEW FOR DEMO USE
Black Pepper + Coriander,Abhishek Tiwari,Noida,Uttar Pradesh,5,Very happy with the purchase. Convenient combo when making gravies and marinades. Already thinking of getting another pack.,FALSE,SYNTHETIC SAMPLE — FICTIONAL CUSTOMER NAME/REVIEW FOR DEMO USE
Black Pepper + Coriander,Pallavi Deshmukh,Ahmedabad,Gujarat,5,Good quality overall. The pepper and coriander flavours complement each other nicely. It has found a place in my regular kitchen use.,FALSE,SYNTHETIC SAMPLE — FICTIONAL CUSTOMER NAME/REVIEW FOR DEMO USE
Black Pepper + Coriander,Bhavna Shah,Kolkata,West Bengal,5,This was a pleasant surprise. Both spices are useful together for daily cooking. Would recommend trying it once.,FALSE,SYNTHETIC SAMPLE — FICTIONAL CUSTOMER NAME/REVIEW FOR DEMO USE
Black Pepper + Coriander,Pritam Das,Chennai,Tamil Nadu,5,Quite happy with the flavour. The pepper and coriander flavours complement each other nicely. Good for home cooking.,FALSE,SYNTHETIC SAMPLE — FICTIONAL CUSTOMER NAME/REVIEW FOR DEMO USE
Black Pepper + Coriander,Aarav Bhatia,Raipur,Chhattisgarh,5,Really liked this one. Convenient combo when making gravies and marinades. I would order it again.,FALSE,SYNTHETIC SAMPLE — FICTIONAL CUSTOMER NAME/REVIEW FOR DEMO USE
Black Pepper + Coriander,Maya George,Gurugram,Haryana,4,Nice quality for regular cooking. The pepper and coriander flavours complement each other nicely. Works well for daily meals.,FALSE,SYNTHETIC SAMPLE — FICTIONAL CUSTOMER NAME/REVIEW FOR DEMO USE
Black Pepper + Coriander,Vivek Menon,Srinagar,Jammu & Kashmir,5,Good quality overall. The pepper and coriander flavours complement each other nicely. It has found a place in my regular kitchen use.,FALSE,SYNTHETIC SAMPLE — FICTIONAL CUSTOMER NAME/REVIEW FOR DEMO USE
Black Pepper + Coriander,Ritika Malhotra,Bhopal,Madhya Pradesh,3,"Quite average, but usable. The pepper and coriander flavours complement each other nicely. Nothing major to complain about.",FALSE,SYNTHETIC SAMPLE — FICTIONAL CUSTOMER NAME/REVIEW FOR DEMO USE
Black Pepper + Coriander,Sneha Menon,Hyderabad,Telangana,5,Quite happy with the flavour. The pepper and coriander flavours complement each other nicely. Good for home cooking.,FALSE,SYNTHETIC SAMPLE — FICTIONAL CUSTOMER NAME/REVIEW FOR DEMO USE
Black Pepper + Coriander,Rajiv Sethi,Goa,Goa,5,Really liked this one. Both spices are useful together for daily cooking. I would order it again.,FALSE,SYNTHETIC SAMPLE — FICTIONAL CUSTOMER NAME/REVIEW FOR DEMO USE
Black Pepper + Coriander,Deepak Thakur,New Delhi,Delhi,5,Very happy with the purchase. Both spices are useful together for daily cooking. Already thinking of getting another pack.,FALSE,SYNTHETIC SAMPLE — FICTIONAL CUSTOMER NAME/REVIEW FOR DEMO USE
Black Pepper + Coriander,Shalini Sinha,Jammu,Jammu & Kashmir,5,Good quality overall. Convenient combo when making gravies and marinades. It has found a place in my regular kitchen use.,FALSE,SYNTHETIC SAMPLE — FICTIONAL CUSTOMER NAME/REVIEW FOR DEMO USE
Black Pepper + Coriander,Sakshi Walia,Indore,Madhya Pradesh,4,Good product overall. Convenient combo when making gravies and marinades. Useful to keep at home.,FALSE,SYNTHETIC SAMPLE — FICTIONAL CUSTOMER NAME/REVIEW FOR DEMO USE
Black Pepper + Coriander,Amol Joshi,Bengaluru,Karnataka,5,Quite happy with the flavour. Both spices are useful together for daily cooking. Good for home cooking.,FALSE,SYNTHETIC SAMPLE — FICTIONAL CUSTOMER NAME/REVIEW FOR DEMO USE
Black Pepper + Coriander,Neha Verma,Visakhapatnam,Andhra Pradesh,5,Really liked this one. Convenient combo when making gravies and marinades. I would order it again.,FALSE,SYNTHETIC SAMPLE — FICTIONAL CUSTOMER NAME/REVIEW FOR DEMO USE
Black Pepper + Coriander,Varun Khanna,Jodhpur,Rajasthan,5,Very happy with the purchase. Both spices are useful together for daily cooking. Already thinking of getting another pack.,FALSE,SYNTHETIC SAMPLE — FICTIONAL CUSTOMER NAME/REVIEW FOR DEMO USE
Black Pepper + Coriander,Kavita Joshi,Shimla,Himachal Pradesh,5,Good quality overall. Convenient combo when making gravies and marinades. It has found a place in my regular kitchen use.,FALSE,SYNTHETIC SAMPLE — FICTIONAL CUSTOMER NAME/REVIEW FOR DEMO USE
Black Pepper + Coriander,Shweta Mishra,Nagpur,Maharashtra,5,This was a pleasant surprise. The pepper and coriander flavours complement each other nicely. Would recommend trying it once.,FALSE,SYNTHETIC SAMPLE — FICTIONAL CUSTOMER NAME/REVIEW FOR DEMO USE
Black Pepper + Coriander,Isha Srivastava,Guwahati,Assam,3,Not bad for the price. The pepper and coriander flavours complement each other nicely. It does the job.,FALSE,SYNTHETIC SAMPLE — FICTIONAL CUSTOMER NAME/REVIEW FOR DEMO USE
Black Pepper + Coriander,Faizan Ahmed,Vijayawada,Andhra Pradesh,4,Pretty good product. The pepper and coriander flavours complement each other nicely. May order it again.,FALSE,SYNTHETIC SAMPLE — FICTIONAL CUSTOMER NAME/REVIEW FOR DEMO USE
Black Pepper + Coriander,Sandeep Das,Jaipur,Rajasthan,5,Very happy with the purchase. Both spices are useful together for daily cooking. Already thinking of getting another pack.,FALSE,SYNTHETIC SAMPLE — FICTIONAL CUSTOMER NAME/REVIEW FOR DEMO USE
Black Pepper + Coriander,Anu Thomas,Dehradun,Uttarakhand,5,Good quality overall. The pepper and coriander flavours complement each other nicely. It has found a place in my regular kitchen use.,FALSE,SYNTHETIC SAMPLE — FICTIONAL CUSTOMER NAME/REVIEW FOR DEMO USE
Black Pepper + Coriander,Yash Desai,Pune,Maharashtra,5,This was a pleasant surprise. Both spices are useful together for daily cooking. Would recommend trying it once.,FALSE,SYNTHETIC SAMPLE — FICTIONAL CUSTOMER NAME/REVIEW FOR DEMO USE
Black Pepper + Coriander,Snehal Patil,Patna,Bihar,5,Quite happy with the flavour. The pepper and coriander flavours complement each other nicely. Good for home cooking.,FALSE,SYNTHETIC SAMPLE — FICTIONAL CUSTOMER NAME/REVIEW FOR DEMO USE
Black Pepper + Coriander,Vijay Kumar,Thiruvananthapuram,Kerala,5,Really liked this one. The pepper and coriander flavours complement each other nicely. I would order it again.,FALSE,SYNTHETIC SAMPLE — FICTIONAL CUSTOMER NAME/REVIEW FOR DEMO USE
Black Pepper + Coriander,Riya Shah,Chandigarh,Chandigarh,5,Very happy with the purchase. Convenient combo when making gravies and marinades. Already thinking of getting another pack.,FALSE,SYNTHETIC SAMPLE — FICTIONAL CUSTOMER NAME/REVIEW FOR DEMO USE
Black Pepper + Coriander,Sourav Dutta,Varanasi,Uttar Pradesh,4,Liked the flavour and freshness. The pepper and coriander flavours complement each other nicely. I will probably try it again.,FALSE,SYNTHETIC SAMPLE — FICTIONAL CUSTOMER NAME/REVIEW FOR DEMO USE
Black Pepper + Coriander,Nikhil Agarwal,Mumbai,Maharashtra,5,This was a pleasant surprise. Convenient combo when making gravies and marinades. Would recommend trying it once.,FALSE,SYNTHETIC SAMPLE — FICTIONAL CUSTOMER NAME/REVIEW FOR DEMO USE
Black Pepper + Coriander,Moumita Sen,Ranchi,Jharkhand,5,Quite happy with the flavour. The pepper and coriander flavours complement each other nicely. Good for home cooking.,FALSE,SYNTHETIC SAMPLE — FICTIONAL CUSTOMER NAME/REVIEW FOR DEMO USE
Black Pepper + Coriander,Anjali Arora,Kochi,Kerala,3,It is decent for everyday use. The pepper and coriander flavours complement each other nicely. I may try another product from the range.,FALSE,SYNTHETIC SAMPLE — FICTIONAL CUSTOMER NAME/REVIEW FOR DEMO USE
Black Pepper + Garam Masala + Coriander,Sameer Khan,Dehradun,Uttarakhand,5,Very happy with the purchase. I liked having three commonly used spices in one order. Already thinking of getting another pack.,FALSE,SYNTHETIC SAMPLE — FICTIONAL CUSTOMER NAME/REVIEW FOR DEMO USE
Black Pepper + Garam Masala + Coriander,Manpreet Kaur,Pune,Maharashtra,5,"Good quality overall. A practical combo for curries, pulao and everyday masalas. It has found a place in my regular kitchen use.",FALSE,SYNTHETIC SAMPLE — FICTIONAL CUSTOMER NAME/REVIEW FOR DEMO USE
Black Pepper + Garam Masala + Coriander,Monika Chauhan,Patna,Bihar,5,This was a pleasant surprise. The flavours work nicely together without making dishes taste too strong. Would recommend trying it once.,FALSE,SYNTHETIC SAMPLE — FICTIONAL CUSTOMER NAME/REVIEW FOR DEMO USE
Black Pepper + Garam Masala + Coriander,Ayesha Khan,Thiruvananthapuram,Kerala,5,"Quite happy with the flavour. A practical combo for curries, pulao and everyday masalas. Good for home cooking.",FALSE,SYNTHETIC SAMPLE — FICTIONAL CUSTOMER NAME/REVIEW FOR DEMO USE
Black Pepper + Garam Masala + Coriander,Aditya Singh,Chandigarh,Chandigarh,5,Really liked this one. The flavours work nicely together without making dishes taste too strong. I would order it again.,FALSE,SYNTHETIC SAMPLE — FICTIONAL CUSTOMER NAME/REVIEW FOR DEMO USE
Black Pepper + Garam Masala + Coriander,Priya Nair,Varanasi,Uttar Pradesh,5,Very happy with the purchase. I liked having three commonly used spices in one order. Already thinking of getting another pack.,FALSE,SYNTHETIC SAMPLE — FICTIONAL CUSTOMER NAME/REVIEW FOR DEMO USE
Black Pepper + Garam Masala + Coriander,Rupali Ghosh,Mumbai,Maharashtra,4,Liked the flavour and freshness. The flavours work nicely together without making dishes taste too strong. I will probably try it again.,FALSE,SYNTHETIC SAMPLE — FICTIONAL CUSTOMER NAME/REVIEW FOR DEMO USE
Black Pepper + Garam Masala + Coriander,Mohit Rawat,Ranchi,Jharkhand,5,This was a pleasant surprise. The flavours work nicely together without making dishes taste too strong. Would recommend trying it once.,FALSE,SYNTHETIC SAMPLE — FICTIONAL CUSTOMER NAME/REVIEW FOR DEMO USE
Black Pepper + Garam Masala + Coriander,Aman Sharma,Kochi,Kerala,5,Quite happy with the flavour. The flavours work nicely together without making dishes taste too strong. Good for home cooking.,FALSE,SYNTHETIC SAMPLE — FICTIONAL CUSTOMER NAME/REVIEW FOR DEMO USE
Black Pepper + Garam Masala + Coriander,Harpreet Singh,Ludhiana,Punjab,5,"Really liked this one. A practical combo for curries, pulao and everyday masalas. I would order it again.",FALSE,SYNTHETIC SAMPLE — FICTIONAL CUSTOMER NAME/REVIEW FOR DEMO USE
Black Pepper + Garam Masala + Coriander,Prakash Yadav,Lucknow,Uttar Pradesh,3,"The product is okay overall. A practical combo for curries, pulao and everyday masalas. It works fine for basic cooking.",FALSE,SYNTHETIC SAMPLE — FICTIONAL CUSTOMER NAME/REVIEW FOR DEMO USE
Black Pepper + Garam Masala + Coriander,Keerthi Reddy,Surat,Gujarat,5,"Good quality overall. A practical combo for curries, pulao and everyday masalas. It has found a place in my regular kitchen use.",FALSE,SYNTHETIC SAMPLE — FICTIONAL CUSTOMER NAME/REVIEW FOR DEMO USE
Black Pepper + Garam Masala + Coriander,Aishwarya Iyer,Bhubaneswar,Odisha,5,"This was a pleasant surprise. A practical combo for curries, pulao and everyday masalas. Would recommend trying it once.",FALSE,SYNTHETIC SAMPLE — FICTIONAL CUSTOMER NAME/REVIEW FOR DEMO USE
Black Pepper + Garam Masala + Coriander,Akshay Jadhav,Coimbatore,Tamil Nadu,4,Happy with the first pack. I liked having three commonly used spices in one order. Overall a good experience.,FALSE,SYNTHETIC SAMPLE — FICTIONAL CUSTOMER NAME/REVIEW FOR DEMO USE
Black Pepper + Garam Masala + Coriander,Karan Patel 2,Amritsar,Punjab,5,Really liked this one. The flavours work nicely together without making dishes taste too strong. I would order it again.,FALSE,SYNTHETIC SAMPLE — FICTIONAL CUSTOMER NAME/REVIEW FOR DEMO USE
Black Pepper + Garam Masala + Coriander,Rohan Basu 2,Noida,Uttar Pradesh,5,"Very happy with the purchase. A practical combo for curries, pulao and everyday masalas. Already thinking of getting another pack.",FALSE,SYNTHETIC SAMPLE — FICTIONAL CUSTOMER NAME/REVIEW FOR DEMO USE
Black Pepper + Garam Masala + Coriander,Gurpreet Singh 2,Ahmedabad,Gujarat,5,Good quality overall. I liked having three commonly used spices in one order. It has found a place in my regular kitchen use.,FALSE,SYNTHETIC SAMPLE — FICTIONAL CUSTOMER NAME/REVIEW FOR DEMO USE
Black Pepper + Garam Masala + Coriander,Ankit Negi 2,Kolkata,West Bengal,5,This was a pleasant surprise. The flavours work nicely together without making dishes taste too strong. Would recommend trying it once.,FALSE,SYNTHETIC SAMPLE — FICTIONAL CUSTOMER NAME/REVIEW FOR DEMO USE
Black Pepper + Garam Masala + Coriander,Simran Kaur 2,Chennai,Tamil Nadu,5,Quite happy with the flavour. The flavours work nicely together without making dishes taste too strong. Good for home cooking.,FALSE,SYNTHETIC SAMPLE — FICTIONAL CUSTOMER NAME/REVIEW FOR DEMO USE
Black Pepper + Garam Masala + Coriander,Pooja Gupta 2,Raipur,Chhattisgarh,5,Really liked this one. I liked having three commonly used spices in one order. I would order it again.,FALSE,SYNTHETIC SAMPLE — FICTIONAL CUSTOMER NAME/REVIEW FOR DEMO USE
Black Pepper + Garam Masala + Coriander,Rakesh Kumar 2,Gurugram,Haryana,4,Nice quality for regular cooking. The flavours work nicely together without making dishes taste too strong. Works well for daily meals.,FALSE,SYNTHETIC SAMPLE — FICTIONAL CUSTOMER NAME/REVIEW FOR DEMO USE
Black Pepper + Garam Masala + Coriander,Renu Kumari 2,Srinagar,Jammu & Kashmir,3,Good enough for regular cooking. The flavours work nicely together without making dishes taste too strong. The overall experience was okay.,FALSE,SYNTHETIC SAMPLE — FICTIONAL CUSTOMER NAME/REVIEW FOR DEMO USE
Black Pepper + Garam Masala + Coriander,Nandini Rao 2,Bhopal,Madhya Pradesh,5,"This was a pleasant surprise. A practical combo for curries, pulao and everyday masalas. Would recommend trying it once.",FALSE,SYNTHETIC SAMPLE — FICTIONAL CUSTOMER NAME/REVIEW FOR DEMO USE
Black Pepper + Garam Masala + Coriander,Ananya Ghosh 2,Hyderabad,Telangana,5,"Quite happy with the flavour. A practical combo for curries, pulao and everyday masalas. Good for home cooking.",FALSE,SYNTHETIC SAMPLE — FICTIONAL CUSTOMER NAME/REVIEW FOR DEMO USE
Black Pepper + Garam Masala + Coriander,Sonia Kapoor 2,Goa,Goa,5,Really liked this one. The flavours work nicely together without making dishes taste too strong. I would order it again.,FALSE,SYNTHETIC SAMPLE — FICTIONAL CUSTOMER NAME/REVIEW FOR DEMO USE
Black Pepper + Garam Masala + Coriander,Megha Yadav 2,New Delhi,Delhi,5,"Very happy with the purchase. A practical combo for curries, pulao and everyday masalas. Already thinking of getting another pack.",FALSE,SYNTHETIC SAMPLE — FICTIONAL CUSTOMER NAME/REVIEW FOR DEMO USE
Black Pepper + Garam Masala + Coriander,Srinivas Rao 2,Jammu,Jammu & Kashmir,5,Good quality overall. The flavours work nicely together without making dishes taste too strong. It has found a place in my regular kitchen use.,FALSE,SYNTHETIC SAMPLE — FICTIONAL CUSTOMER NAME/REVIEW FOR DEMO USE
Black Pepper + Garam Masala + Coriander,Komal Agarwal 2,Indore,Madhya Pradesh,4,"Good product overall. A practical combo for curries, pulao and everyday masalas. Useful to keep at home.",FALSE,SYNTHETIC SAMPLE — FICTIONAL CUSTOMER NAME/REVIEW FOR DEMO USE
Black Pepper + Garam Masala + Coriander,Pradeep Reddy 2,Bengaluru,Karnataka,5,Quite happy with the flavour. I liked having three commonly used spices in one order. Good for home cooking.,FALSE,SYNTHETIC SAMPLE — FICTIONAL CUSTOMER NAME/REVIEW FOR DEMO USE
Black Pepper + Garam Masala + Coriander,Imran Sheikh 2,Visakhapatnam,Andhra Pradesh,5,Really liked this one. I liked having three commonly used spices in one order. I would order it again.,FALSE,SYNTHETIC SAMPLE — FICTIONAL CUSTOMER NAME/REVIEW FOR DEMO USE
Black Pepper + Garam Masala + Coriander,Sana Khan 2,Jodhpur,Rajasthan,5,"Very happy with the purchase. A practical combo for curries, pulao and everyday masalas. Already thinking of getting another pack.",FALSE,SYNTHETIC SAMPLE — FICTIONAL CUSTOMER NAME/REVIEW FOR DEMO USE
Black Pepper + Garam Masala + Coriander,Saurabh Jain 2,Shimla,Himachal Pradesh,5,Good quality overall. The flavours work nicely together without making dishes taste too strong. It has found a place in my regular kitchen use.,FALSE,SYNTHETIC SAMPLE — FICTIONAL CUSTOMER NAME/REVIEW FOR DEMO USE
Black Pepper + Garam Masala + Coriander,Manish Verma 2,Nagpur,Maharashtra,3,"Quite average, but usable. A practical combo for curries, pulao and everyday masalas. Nothing major to complain about.",FALSE,SYNTHETIC SAMPLE — FICTIONAL CUSTOMER NAME/REVIEW FOR DEMO USE
Black Pepper + Garam Masala + Coriander,Debashis Roy 2,Guwahati,Assam,5,Quite happy with the flavour. I liked having three commonly used spices in one order. Good for home cooking.,FALSE,SYNTHETIC SAMPLE — FICTIONAL CUSTOMER NAME/REVIEW FOR DEMO USE
Black Pepper + Garam Masala + Coriander,Arif Ansari 2,Vijayawada,Andhra Pradesh,4,"Pretty good product. A practical combo for curries, pulao and everyday masalas. May order it again.",FALSE,SYNTHETIC SAMPLE — FICTIONAL CUSTOMER NAME/REVIEW FOR DEMO USE
Black Pepper + Garam Masala + Coriander,Madhuri Patil 2,Jaipur,Rajasthan,5,Very happy with the purchase. The flavours work nicely together without making dishes taste too strong. Already thinking of getting another pack.,FALSE,SYNTHETIC SAMPLE — FICTIONAL CUSTOMER NAME/REVIEW FOR DEMO USE
Black Pepper + Garam Masala + Coriander,Arjun Kapoor 2,Dehradun,Uttarakhand,5,Good quality overall. I liked having three commonly used spices in one order. It has found a place in my regular kitchen use.,FALSE,SYNTHETIC SAMPLE — FICTIONAL CUSTOMER NAME/REVIEW FOR DEMO USE
Black Pepper + Garam Masala + Coriander,Manoj Kumar 2,Pune,Maharashtra,5,This was a pleasant surprise. I liked having three commonly used spices in one order. Would recommend trying it once.,FALSE,SYNTHETIC SAMPLE — FICTIONAL CUSTOMER NAME/REVIEW FOR DEMO USE
Black Pepper + Garam Masala + Coriander,Vikas Bansal 2,Patna,Bihar,5,"Quite happy with the flavour. A practical combo for curries, pulao and everyday masalas. Good for home cooking.",FALSE,SYNTHETIC SAMPLE — FICTIONAL CUSTOMER NAME/REVIEW FOR DEMO USE
Black Pepper + Garam Masala + Coriander,Nitin Sood 2,Thiruvananthapuram,Kerala,5,"Really liked this one. A practical combo for curries, pulao and everyday masalas. I would order it again.",FALSE,SYNTHETIC SAMPLE — FICTIONAL CUSTOMER NAME/REVIEW FOR DEMO USE
Black Pepper + Garam Masala + Coriander,Divya Sharma 2,Chandigarh,Chandigarh,5,Very happy with the purchase. The flavours work nicely together without making dishes taste too strong. Already thinking of getting another pack.,FALSE,SYNTHETIC SAMPLE — FICTIONAL CUSTOMER NAME/REVIEW FOR DEMO USE
Black Pepper + Garam Masala + Coriander,Joseph Mathew 2,Varanasi,Uttar Pradesh,4,Liked the flavour and freshness. The flavours work nicely together without making dishes taste too strong. I will probably try it again.,FALSE,SYNTHETIC SAMPLE — FICTIONAL CUSTOMER NAME/REVIEW FOR DEMO USE
Black Pepper + Garam Masala + Coriander,Tejas Kulkarni 2,Mumbai,Maharashtra,5,"This was a pleasant surprise. A practical combo for curries, pulao and everyday masalas. Would recommend trying it once.",FALSE,SYNTHETIC SAMPLE — FICTIONAL CUSTOMER NAME/REVIEW FOR DEMO USE
Black Pepper + Garam Masala + Coriander,Rahul Iyer 2,Ranchi,Jharkhand,3,Not bad for the price. The flavours work nicely together without making dishes taste too strong. It does the job.,FALSE,SYNTHETIC SAMPLE — FICTIONAL CUSTOMER NAME/REVIEW FOR DEMO USE
Black Pepper + Garam Masala + Coriander,Lavanya Rao 2,Kochi,Kerala,5,Really liked this one. The flavours work nicely together without making dishes taste too strong. I would order it again.,FALSE,SYNTHETIC SAMPLE — FICTIONAL CUSTOMER NAME/REVIEW FOR DEMO USE
Black Pepper + Garam Masala + Coriander,Rohit Mehta 2,Ludhiana,Punjab,5,Very happy with the purchase. The flavours work nicely together without making dishes taste too strong. Already thinking of getting another pack.,FALSE,SYNTHETIC SAMPLE — FICTIONAL CUSTOMER NAME/REVIEW FOR DEMO USE
Black Pepper + Garam Masala + Coriander,Reshma Nair 2,Lucknow,Uttar Pradesh,5,Good quality overall. I liked having three commonly used spices in one order. It has found a place in my regular kitchen use.,FALSE,SYNTHETIC SAMPLE — FICTIONAL CUSTOMER NAME/REVIEW FOR DEMO USE
Black Pepper + Garam Masala + Coriander,Rajesh Nair 2,Surat,Gujarat,5,This was a pleasant surprise. I liked having three commonly used spices in one order. Would recommend trying it once.,FALSE,SYNTHETIC SAMPLE — FICTIONAL CUSTOMER NAME/REVIEW FOR DEMO USE
Black Pepper + Garam Masala + Coriander,Amit Sinha 2,Bhubaneswar,Odisha,4,Happy with the first pack. I liked having three commonly used spices in one order. Overall a good experience.,FALSE,SYNTHETIC SAMPLE — FICTIONAL CUSTOMER NAME/REVIEW FOR DEMO USE
Black Pepper + Garam Masala + Coriander,Sunita Devi 2,Coimbatore,Tamil Nadu,5,Really liked this one. The flavours work nicely together without making dishes taste too strong. I would order it again.,FALSE,SYNTHETIC SAMPLE — FICTIONAL CUSTOMER NAME/REVIEW FOR DEMO USE
Black Pepper + Garam Masala + Coriander,Abhishek Tiwari 2,Amritsar,Punjab,5,"Very happy with the purchase. A practical combo for curries, pulao and everyday masalas. Already thinking of getting another pack.",FALSE,SYNTHETIC SAMPLE — FICTIONAL CUSTOMER NAME/REVIEW FOR DEMO USE
Black Pepper + Garam Masala + Coriander,Pallavi Deshmukh 2,Noida,Uttar Pradesh,5,"Good quality overall. A practical combo for curries, pulao and everyday masalas. It has found a place in my regular kitchen use.",FALSE,SYNTHETIC SAMPLE — FICTIONAL CUSTOMER NAME/REVIEW FOR DEMO USE
Black Pepper + Garam Masala + Coriander,Bhavna Shah 2,Ahmedabad,Gujarat,5,This was a pleasant surprise. The flavours work nicely together without making dishes taste too strong. Would recommend trying it once.,FALSE,SYNTHETIC SAMPLE — FICTIONAL CUSTOMER NAME/REVIEW FOR DEMO USE
Black Pepper + Garam Masala + Coriander,Pritam Das 2,Kolkata,West Bengal,5,Quite happy with the flavour. I liked having three commonly used spices in one order. Good for home cooking.,FALSE,SYNTHETIC SAMPLE — FICTIONAL CUSTOMER NAME/REVIEW FOR DEMO USE
Black Pepper + Garam Masala + Coriander,Aarav Bhatia 2,Chennai,Tamil Nadu,3,It is decent for everyday use. I liked having three commonly used spices in one order. I may try another product from the range.,FALSE,SYNTHETIC SAMPLE — FICTIONAL CUSTOMER NAME/REVIEW FOR DEMO USE
Black Pepper + Garam Masala + Coriander,Maya George 2,Raipur,Chhattisgarh,4,"Nice quality for regular cooking. A practical combo for curries, pulao and everyday masalas. Works well for daily meals.",FALSE,SYNTHETIC SAMPLE — FICTIONAL CUSTOMER NAME/REVIEW FOR DEMO USE
Black Pepper + Garam Masala + Coriander,Vivek Menon 2,Gurugram,Haryana,5,Good quality overall. The flavours work nicely together without making dishes taste too strong. It has found a place in my regular kitchen use.,FALSE,SYNTHETIC SAMPLE — FICTIONAL CUSTOMER NAME/REVIEW FOR DEMO USE
Black Pepper + Garam Masala + Coriander,Ritika Malhotra 2,Srinagar,Jammu & Kashmir,5,This was a pleasant surprise. The flavours work nicely together without making dishes taste too strong. Would recommend trying it once.,FALSE,SYNTHETIC SAMPLE — FICTIONAL CUSTOMER NAME/REVIEW FOR DEMO USE
Black Pepper + Garam Masala + Coriander,Sneha Menon 2,Bhopal,Madhya Pradesh,5,Quite happy with the flavour. I liked having three commonly used spices in one order. Good for home cooking.,FALSE,SYNTHETIC SAMPLE — FICTIONAL CUSTOMER NAME/REVIEW FOR DEMO USE
Black Pepper + Garam Masala + Coriander,Rajiv Sethi 2,Hyderabad,Telangana,5,Really liked this one. I liked having three commonly used spices in one order. I would order it again.,FALSE,SYNTHETIC SAMPLE — FICTIONAL CUSTOMER NAME/REVIEW FOR DEMO USE
Black Pepper + Garam Masala + Coriander,Deepak Thakur 2,Goa,Goa,5,Very happy with the purchase. The flavours work nicely together without making dishes taste too strong. Already thinking of getting another pack.,FALSE,SYNTHETIC SAMPLE — FICTIONAL CUSTOMER NAME/REVIEW FOR DEMO USE
Black Pepper + Garam Masala + Coriander,Shalini Sinha 2,New Delhi,Delhi,5,Good quality overall. I liked having three commonly used spices in one order. It has found a place in my regular kitchen use.,FALSE,SYNTHETIC SAMPLE — FICTIONAL CUSTOMER NAME/REVIEW FOR DEMO USE
Black Pepper + Garam Masala + Coriander,Sakshi Walia 2,Jammu,Jammu & Kashmir,4,Good product overall. The flavours work nicely together without making dishes taste too strong. Useful to keep at home.,FALSE,SYNTHETIC SAMPLE — FICTIONAL CUSTOMER NAME/REVIEW FOR DEMO USE
Black Pepper + Garam Masala + Coriander,Amol Joshi 2,Indore,Madhya Pradesh,5,Quite happy with the flavour. I liked having three commonly used spices in one order. Good for home cooking.,FALSE,SYNTHETIC SAMPLE — FICTIONAL CUSTOMER NAME/REVIEW FOR DEMO USE
Black Pepper + Garam Masala + Coriander,Neha Verma 2,Bengaluru,Karnataka,5,Really liked this one. The flavours work nicely together without making dishes taste too strong. I would order it again.,FALSE,SYNTHETIC SAMPLE — FICTIONAL CUSTOMER NAME/REVIEW FOR DEMO USE
Black Pepper + Garam Masala + Coriander,Varun Khanna 2,Visakhapatnam,Andhra Pradesh,3,"The product is okay overall. A practical combo for curries, pulao and everyday masalas. It works fine for basic cooking.",FALSE,SYNTHETIC SAMPLE — FICTIONAL CUSTOMER NAME/REVIEW FOR DEMO USE
Black Pepper + Garam Masala + Coriander,Kavita Joshi 2,Jodhpur,Rajasthan,5,"Good quality overall. A practical combo for curries, pulao and everyday masalas. It has found a place in my regular kitchen use.",FALSE,SYNTHETIC SAMPLE — FICTIONAL CUSTOMER NAME/REVIEW FOR DEMO USE
Black Pepper + Garam Masala + Coriander,Shweta Mishra 2,Shimla,Himachal Pradesh,5,This was a pleasant surprise. I liked having three commonly used spices in one order. Would recommend trying it once.,FALSE,SYNTHETIC SAMPLE — FICTIONAL CUSTOMER NAME/REVIEW FOR DEMO USE
Black Pepper + Garam Masala + Coriander,Isha Srivastava 2,Nagpur,Maharashtra,5,Quite happy with the flavour. I liked having three commonly used spices in one order. Good for home cooking.,FALSE,SYNTHETIC SAMPLE — FICTIONAL CUSTOMER NAME/REVIEW FOR DEMO USE
Black Pepper + Garam Masala + Coriander,Faizan Ahmed 2,Guwahati,Assam,4,Pretty good product. The flavours work nicely together without making dishes taste too strong. May order it again.,FALSE,SYNTHETIC SAMPLE — FICTIONAL CUSTOMER NAME/REVIEW FOR DEMO USE
Black Pepper + Garam Masala + Coriander,Sandeep Das 2,Vijayawada,Andhra Pradesh,5,"Very happy with the purchase. A practical combo for curries, pulao and everyday masalas. Already thinking of getting another pack.",FALSE,SYNTHETIC SAMPLE — FICTIONAL CUSTOMER NAME/REVIEW FOR DEMO USE
Black Pepper + Garam Masala + Coriander,Anu Thomas 2,Jaipur,Rajasthan,5,Good quality overall. I liked having three commonly used spices in one order. It has found a place in my regular kitchen use.,FALSE,SYNTHETIC SAMPLE — FICTIONAL CUSTOMER NAME/REVIEW FOR DEMO USE
Black Pepper + Garam Masala + Coriander,Yash Desai 2,Dehradun,Uttarakhand,5,This was a pleasant surprise. I liked having three commonly used spices in one order. Would recommend trying it once.,FALSE,SYNTHETIC SAMPLE — FICTIONAL CUSTOMER NAME/REVIEW FOR DEMO USE
Black Pepper + Garam Masala + Coriander,Snehal Patil 2,Pune,Maharashtra,5,"Quite happy with the flavour. A practical combo for curries, pulao and everyday masalas. Good for home cooking.",FALSE,SYNTHETIC SAMPLE — FICTIONAL CUSTOMER NAME/REVIEW FOR DEMO USE
Black Pepper + Garam Masala + Coriander,Vijay Kumar 2,Patna,Bihar,5,"Really liked this one. A practical combo for curries, pulao and everyday masalas. I would order it again.",FALSE,SYNTHETIC SAMPLE — FICTIONAL CUSTOMER NAME/REVIEW FOR DEMO USE
Black Pepper + Garam Masala + Coriander,Riya Shah 2,Thiruvananthapuram,Kerala,5,Very happy with the purchase. The flavours work nicely together without making dishes taste too strong. Already thinking of getting another pack.,FALSE,SYNTHETIC SAMPLE — FICTIONAL CUSTOMER NAME/REVIEW FOR DEMO USE
Black Pepper + Garam Masala + Coriander,Sourav Dutta 2,Chandigarh,Chandigarh,3,Good enough for regular cooking. The flavours work nicely together without making dishes taste too strong. The overall experience was okay.,FALSE,SYNTHETIC SAMPLE — FICTIONAL CUSTOMER NAME/REVIEW FOR DEMO USE
Black Pepper + Garam Masala + Coriander,Nikhil Agarwal 2,Varanasi,Uttar Pradesh,5,This was a pleasant surprise. I liked having three commonly used spices in one order. Would recommend trying it once.,FALSE,SYNTHETIC SAMPLE — FICTIONAL CUSTOMER NAME/REVIEW FOR DEMO USE
Black Pepper + Garam Masala + Coriander,Moumita Sen 2,Mumbai,Maharashtra,5,"Quite happy with the flavour. A practical combo for curries, pulao and everyday masalas. Good for home cooking.",FALSE,SYNTHETIC SAMPLE — FICTIONAL CUSTOMER NAME/REVIEW FOR DEMO USE
Black Pepper + Garam Masala + Coriander,Anjali Arora 2,Ranchi,Jharkhand,5,Really liked this one. I liked having three commonly used spices in one order. I would order it again.,FALSE,SYNTHETIC SAMPLE — FICTIONAL CUSTOMER NAME/REVIEW FOR DEMO USE
Black Pepper + Garam Masala + Coriander,Sameer Khan 2,Kochi,Kerala,5,Very happy with the purchase. The flavours work nicely together without making dishes taste too strong. Already thinking of getting another pack.,FALSE,SYNTHETIC SAMPLE — FICTIONAL CUSTOMER NAME/REVIEW FOR DEMO USE
Black Pepper + Garam Masala + Coriander,Manpreet Kaur 2,Ludhiana,Punjab,5,Good quality overall. I liked having three commonly used spices in one order. It has found a place in my regular kitchen use.,FALSE,SYNTHETIC SAMPLE — FICTIONAL CUSTOMER NAME/REVIEW FOR DEMO USE
Black Pepper + Garam Masala + Coriander,Monika Chauhan 2,Lucknow,Uttar Pradesh,5,This was a pleasant surprise. I liked having three commonly used spices in one order. Would recommend trying it once.,FALSE,SYNTHETIC SAMPLE — FICTIONAL CUSTOMER NAME/REVIEW FOR DEMO USE
Black Pepper + Garam Masala + Coriander,Ayesha Khan 2,Surat,Gujarat,4,Happy with the first pack. I liked having three commonly used spices in one order. Overall a good experience.,FALSE,SYNTHETIC SAMPLE — FICTIONAL CUSTOMER NAME/REVIEW FOR DEMO USE
Black Pepper + Garam Masala + Coriander,Aditya Singh 2,Bhubaneswar,Odisha,5,Really liked this one. I liked having three commonly used spices in one order. I would order it again.,FALSE,SYNTHETIC SAMPLE — FICTIONAL CUSTOMER NAME/REVIEW FOR DEMO USE
Black Pepper + Garam Masala + Coriander,Priya Nair 2,Coimbatore,Tamil Nadu,5,Very happy with the purchase. I liked having three commonly used spices in one order. Already thinking of getting another pack.,FALSE,SYNTHETIC SAMPLE — FICTIONAL CUSTOMER NAME/REVIEW FOR DEMO USE
Black Pepper + Garam Masala + Coriander,Rupali Ghosh 2,Amritsar,Punjab,5,Good quality overall. The flavours work nicely together without making dishes taste too strong. It has found a place in my regular kitchen use.,FALSE,SYNTHETIC SAMPLE — FICTIONAL CUSTOMER NAME/REVIEW FOR DEMO USE
Black Pepper + Garam Masala + Coriander,Mohit Rawat 2,Noida,Uttar Pradesh,3,"Quite average, but usable. A practical combo for curries, pulao and everyday masalas. Nothing major to complain about.",FALSE,SYNTHETIC SAMPLE — FICTIONAL CUSTOMER NAME/REVIEW FOR DEMO USE
Black Pepper + Garam Masala + Coriander,Aman Sharma 2,Ahmedabad,Gujarat,5,Quite happy with the flavour. I liked having three commonly used spices in one order. Good for home cooking.,FALSE,SYNTHETIC SAMPLE — FICTIONAL CUSTOMER NAME/REVIEW FOR DEMO USE
Black Pepper + Garam Masala + Coriander,Harpreet Singh 2,Kolkata,West Bengal,5,"Really liked this one. A practical combo for curries, pulao and everyday masalas. I would order it again.",FALSE,SYNTHETIC SAMPLE — FICTIONAL CUSTOMER NAME/REVIEW FOR DEMO USE
Black Pepper + Garam Masala + Coriander,Prakash Yadav 2,Chennai,Tamil Nadu,4,Nice quality for regular cooking. The flavours work nicely together without making dishes taste too strong. Works well for daily meals.,FALSE,SYNTHETIC SAMPLE — FICTIONAL CUSTOMER NAME/REVIEW FOR DEMO USE
Black Pepper + Garam Masala + Coriander,Keerthi Reddy 2,Raipur,Chhattisgarh,5,Good quality overall. I liked having three commonly used spices in one order. It has found a place in my regular kitchen use.,FALSE,SYNTHETIC SAMPLE — FICTIONAL CUSTOMER NAME/REVIEW FOR DEMO USE
Black Pepper + Garam Masala + Coriander,Aishwarya Iyer 2,Gurugram,Haryana,5,This was a pleasant surprise. I liked having three commonly used spices in one order. Would recommend trying it once.,FALSE,SYNTHETIC SAMPLE — FICTIONAL CUSTOMER NAME/REVIEW FOR DEMO USE
Black Pepper + Garam Masala + Coriander,Akshay Jadhav 2,Srinagar,Jammu & Kashmir,5,"Quite happy with the flavour. A practical combo for curries, pulao and everyday masalas. Good for home cooking.",FALSE,SYNTHETIC SAMPLE — FICTIONAL CUSTOMER NAME/REVIEW FOR DEMO USE
Black Pepper + Garam Masala + Coriander,Karan Patel 3,Bhopal,Madhya Pradesh,5,"Really liked this one. A practical combo for curries, pulao and everyday masalas. I would order it again.",FALSE,SYNTHETIC SAMPLE — FICTIONAL CUSTOMER NAME/REVIEW FOR DEMO USE
Black Pepper + Garam Masala + Coriander,Rohan Basu 3,Hyderabad,Telangana,5,Very happy with the purchase. The flavours work nicely together without making dishes taste too strong. Already thinking of getting another pack.,FALSE,SYNTHETIC SAMPLE — FICTIONAL CUSTOMER NAME/REVIEW FOR DEMO USE
Black Pepper Powder,Gurpreet Singh 3,Srinagar,Jammu & Kashmir,5,Good quality overall. A little was enough to give soups and curries a good kick. It has found a place in my regular kitchen use.,FALSE,SYNTHETIC SAMPLE — FICTIONAL CUSTOMER NAME/REVIEW FOR DEMO USE
Black Pepper Powder,Ankit Negi 3,Bhopal,Madhya Pradesh,5,This was a pleasant surprise. The pepper has a sharp aroma without tasting stale. Would recommend trying it once.,FALSE,SYNTHETIC SAMPLE — FICTIONAL CUSTOMER NAME/REVIEW FOR DEMO USE
Black Pepper Powder,Simran Kaur 3,Hyderabad,Telangana,5,"Quite happy with the flavour. Nice peppery flavour for chai, eggs and savoury dishes. Good for home cooking.",FALSE,SYNTHETIC SAMPLE — FICTIONAL CUSTOMER NAME/REVIEW FOR DEMO USE
Black Pepper Powder,Pooja Gupta 3,Goa,Goa,5,Really liked this one. A little was enough to give soups and curries a good kick. I would order it again.,FALSE,SYNTHETIC SAMPLE — FICTIONAL CUSTOMER NAME/REVIEW FOR DEMO USE
Black Pepper Powder,Rakesh Kumar 3,New Delhi,Delhi,5,"Very happy with the purchase. Nice peppery flavour for chai, eggs and savoury dishes. Already thinking of getting another pack.",FALSE,SYNTHETIC SAMPLE — FICTIONAL CUSTOMER NAME/REVIEW FOR DEMO USE
Black Pepper Powder,Renu Kumari 3,Jammu,Jammu & Kashmir,5,"Good quality overall. Nice peppery flavour for chai, eggs and savoury dishes. It has found a place in my regular kitchen use.",FALSE,SYNTHETIC SAMPLE — FICTIONAL CUSTOMER NAME/REVIEW FOR DEMO USE
Black Pepper Powder,Nandini Rao 3,Indore,Madhya Pradesh,4,"Good product overall. Nice peppery flavour for chai, eggs and savoury dishes. Useful to keep at home.",FALSE,SYNTHETIC SAMPLE — FICTIONAL CUSTOMER NAME/REVIEW FOR DEMO USE
Black Pepper Powder,Ananya Ghosh 3,Bengaluru,Karnataka,5,Quite happy with the flavour. A little was enough to give soups and curries a good kick. Good for home cooking.,FALSE,SYNTHETIC SAMPLE — FICTIONAL CUSTOMER NAME/REVIEW FOR DEMO USE
Black Pepper Powder,Sonia Kapoor 3,Visakhapatnam,Andhra Pradesh,5,Really liked this one. A little was enough to give soups and curries a good kick. I would order it again.,FALSE,SYNTHETIC SAMPLE — FICTIONAL CUSTOMER NAME/REVIEW FOR DEMO USE
Black Pepper Powder,Megha Yadav 3,Jodhpur,Rajasthan,5,Very happy with the purchase. A little was enough to give soups and curries a good kick. Already thinking of getting another pack.,FALSE,SYNTHETIC SAMPLE — FICTIONAL CUSTOMER NAME/REVIEW FOR DEMO USE
Black Pepper Powder,Srinivas Rao 3,Shimla,Himachal Pradesh,3,Good enough for regular cooking. The pepper has a sharp aroma without tasting stale. The overall experience was okay.,FALSE,SYNTHETIC SAMPLE — FICTIONAL CUSTOMER NAME/REVIEW FOR DEMO USE
Black Pepper Powder,Komal Agarwal 3,Nagpur,Maharashtra,5,"This was a pleasant surprise. Nice peppery flavour for chai, eggs and savoury dishes. Would recommend trying it once.",FALSE,SYNTHETIC SAMPLE — FICTIONAL CUSTOMER NAME/REVIEW FOR DEMO USE
Black Pepper Powder,Pradeep Reddy 3,Guwahati,Assam,5,"Quite happy with the flavour. Nice peppery flavour for chai, eggs and savoury dishes. Good for home cooking.",FALSE,SYNTHETIC SAMPLE — FICTIONAL CUSTOMER NAME/REVIEW FOR DEMO USE
Black Pepper Powder,Imran Sheikh 3,Vijayawada,Andhra Pradesh,4,Pretty good product. A little was enough to give soups and curries a good kick. May order it again.,FALSE,SYNTHETIC SAMPLE — FICTIONAL CUSTOMER NAME/REVIEW FOR DEMO USE
Black Pepper Powder,Sana Khan 3,Jaipur,Rajasthan,5,"Very happy with the purchase. Nice peppery flavour for chai, eggs and savoury dishes. Already thinking of getting another pack.",FALSE,SYNTHETIC SAMPLE — FICTIONAL CUSTOMER NAME/REVIEW FOR DEMO USE
Black Pepper Powder,Saurabh Jain 3,Dehradun,Uttarakhand,5,Good quality overall. The pepper has a sharp aroma without tasting stale. It has found a place in my regular kitchen use.,FALSE,SYNTHETIC SAMPLE — FICTIONAL CUSTOMER NAME/REVIEW FOR DEMO USE
Black Pepper Powder,Manish Verma 3,Pune,Maharashtra,5,"This was a pleasant surprise. Nice peppery flavour for chai, eggs and savoury dishes. Would recommend trying it once.",FALSE,SYNTHETIC SAMPLE — FICTIONAL CUSTOMER NAME/REVIEW FOR DEMO USE
Black Pepper Powder,Debashis Roy 3,Patna,Bihar,5,Quite happy with the flavour. A little was enough to give soups and curries a good kick. Good for home cooking.,FALSE,SYNTHETIC SAMPLE — FICTIONAL CUSTOMER NAME/REVIEW FOR DEMO USE
Black Pepper Powder,Arif Ansari 3,Thiruvananthapuram,Kerala,5,Really liked this one. A little was enough to give soups and curries a good kick. I would order it again.,FALSE,SYNTHETIC SAMPLE — FICTIONAL CUSTOMER NAME/REVIEW FOR DEMO USE
Black Pepper Powder,Madhuri Patil 3,Chandigarh,Chandigarh,5,"Very happy with the purchase. Nice peppery flavour for chai, eggs and savoury dishes. Already thinking of getting another pack.",FALSE,SYNTHETIC SAMPLE — FICTIONAL CUSTOMER NAME/REVIEW FOR DEMO USE
Black Pepper Powder,Arjun Kapoor 3,Varanasi,Uttar Pradesh,4,"Liked the flavour and freshness. Nice peppery flavour for chai, eggs and savoury dishes. I will probably try it again.",FALSE,SYNTHETIC SAMPLE — FICTIONAL CUSTOMER NAME/REVIEW FOR DEMO USE
Black Pepper Powder,Manoj Kumar 3,Mumbai,Maharashtra,3,"Quite average, but usable. A little was enough to give soups and curries a good kick. Nothing major to complain about.",FALSE,SYNTHETIC SAMPLE — FICTIONAL CUSTOMER NAME/REVIEW FOR DEMO USE
Black Pepper Powder,Vikas Bansal 3,Ranchi,Jharkhand,5,Quite happy with the flavour. A little was enough to give soups and curries a good kick. Good for home cooking.,FALSE,SYNTHETIC SAMPLE — FICTIONAL CUSTOMER NAME/REVIEW FOR DEMO USE
Black Pepper Powder,Nitin Sood 3,Kochi,Kerala,5,"Really liked this one. Nice peppery flavour for chai, eggs and savoury dishes. I would order it again.",FALSE,SYNTHETIC SAMPLE — FICTIONAL CUSTOMER NAME/REVIEW FOR DEMO USE
Black Pepper Powder,Divya Sharma 3,Ludhiana,Punjab,5,Very happy with the purchase. The pepper has a sharp aroma without tasting stale. Already thinking of getting another pack.,FALSE,SYNTHETIC SAMPLE — FICTIONAL CUSTOMER NAME/REVIEW FOR DEMO USE
Black Pepper Powder,Joseph Mathew 3,Lucknow,Uttar Pradesh,5,"Good quality overall. Nice peppery flavour for chai, eggs and savoury dishes. It has found a place in my regular kitchen use.",FALSE,SYNTHETIC SAMPLE — FICTIONAL CUSTOMER NAME/REVIEW FOR DEMO USE
Black Pepper Powder,Tejas Kulkarni 3,Surat,Gujarat,5,This was a pleasant surprise. The pepper has a sharp aroma without tasting stale. Would recommend trying it once.,FALSE,SYNTHETIC SAMPLE — FICTIONAL CUSTOMER NAME/REVIEW FOR DEMO USE
Black Pepper Powder,Rahul Iyer 3,Bhubaneswar,Odisha,4,Happy with the first pack. The pepper has a sharp aroma without tasting stale. Overall a good experience.,FALSE,SYNTHETIC SAMPLE — FICTIONAL CUSTOMER NAME/REVIEW FOR DEMO USE
Black Pepper Powder,Lavanya Rao 3,Coimbatore,Tamil Nadu,5,"Really liked this one. Nice peppery flavour for chai, eggs and savoury dishes. I would order it again.",FALSE,SYNTHETIC SAMPLE — FICTIONAL CUSTOMER NAME/REVIEW FOR DEMO USE
Black Pepper Powder,Rohit Mehta 3,Amritsar,Punjab,5,Very happy with the purchase. The pepper has a sharp aroma without tasting stale. Already thinking of getting another pack.,FALSE,SYNTHETIC SAMPLE — FICTIONAL CUSTOMER NAME/REVIEW FOR DEMO USE
Black Pepper Powder,Reshma Nair 3,Noida,Uttar Pradesh,5,Good quality overall. The pepper has a sharp aroma without tasting stale. It has found a place in my regular kitchen use.,FALSE,SYNTHETIC SAMPLE — FICTIONAL CUSTOMER NAME/REVIEW FOR DEMO USE
Black Pepper Powder,Rajesh Nair 3,Ahmedabad,Gujarat,5,This was a pleasant surprise. A little was enough to give soups and curries a good kick. Would recommend trying it once.,FALSE,SYNTHETIC SAMPLE — FICTIONAL CUSTOMER NAME/REVIEW FOR DEMO USE
Black Pepper Powder,Amit Sinha 3,Kolkata,West Bengal,3,Not bad for the price. A little was enough to give soups and curries a good kick. It does the job.,FALSE,SYNTHETIC SAMPLE — FICTIONAL CUSTOMER NAME/REVIEW FOR DEMO USE
Black Pepper Powder,Sunita Devi 3,Chennai,Tamil Nadu,5,"Really liked this one. Nice peppery flavour for chai, eggs and savoury dishes. I would order it again.",FALSE,SYNTHETIC SAMPLE — FICTIONAL CUSTOMER NAME/REVIEW FOR DEMO USE
Black Pepper Powder,Abhishek Tiwari 3,Raipur,Chhattisgarh,4,Nice quality for regular cooking. The pepper has a sharp aroma without tasting stale. Works well for daily meals.,FALSE,SYNTHETIC SAMPLE — FICTIONAL CUSTOMER NAME/REVIEW FOR DEMO USE
Black Pepper Powder,Pallavi Deshmukh 3,Gurugram,Haryana,5,Good quality overall. The pepper has a sharp aroma without tasting stale. It has found a place in my regular kitchen use.,FALSE,SYNTHETIC SAMPLE — FICTIONAL CUSTOMER NAME/REVIEW FOR DEMO USE
Black Pepper Powder,Bhavna Shah 3,Srinagar,Jammu & Kashmir,5,This was a pleasant surprise. The pepper has a sharp aroma without tasting stale. Would recommend trying it once.,FALSE,SYNTHETIC SAMPLE — FICTIONAL CUSTOMER NAME/REVIEW FOR DEMO USE
Black Pepper Powder,Pritam Das 3,Bhopal,Madhya Pradesh,5,"Quite happy with the flavour. Nice peppery flavour for chai, eggs and savoury dishes. Good for home cooking.",FALSE,SYNTHETIC SAMPLE — FICTIONAL CUSTOMER NAME/REVIEW FOR DEMO USE
Black Pepper Powder,Aarav Bhatia 3,Hyderabad,Telangana,5,Really liked this one. A little was enough to give soups and curries a good kick. I would order it again.,FALSE,SYNTHETIC SAMPLE — FICTIONAL CUSTOMER NAME/REVIEW FOR DEMO USE
Black Pepper Powder,Maya George 3,Goa,Goa,5,Very happy with the purchase. A little was enough to give soups and curries a good kick. Already thinking of getting another pack.,FALSE,SYNTHETIC SAMPLE — FICTIONAL CUSTOMER NAME/REVIEW FOR DEMO USE
Black Pepper Powder,Vivek Menon 3,New Delhi,Delhi,5,Good quality overall. The pepper has a sharp aroma without tasting stale. It has found a place in my regular kitchen use.,FALSE,SYNTHETIC SAMPLE — FICTIONAL CUSTOMER NAME/REVIEW FOR DEMO USE
Black Pepper Powder,Ritika Malhotra 3,Jammu,Jammu & Kashmir,4,"Good product overall. Nice peppery flavour for chai, eggs and savoury dishes. Useful to keep at home.",FALSE,SYNTHETIC SAMPLE — FICTIONAL CUSTOMER NAME/REVIEW FOR DEMO USE
Black Pepper Powder,Sneha Menon 3,Indore,Madhya Pradesh,5,Quite happy with the flavour. The pepper has a sharp aroma without tasting stale. Good for home cooking.,FALSE,SYNTHETIC SAMPLE — FICTIONAL CUSTOMER NAME/REVIEW FOR DEMO USE
Black Pepper Powder,Rajiv Sethi 3,Bengaluru,Karnataka,3,It is decent for everyday use. The pepper has a sharp aroma without tasting stale. I may try another product from the range.,FALSE,SYNTHETIC SAMPLE — FICTIONAL CUSTOMER NAME/REVIEW FOR DEMO USE
Black Pepper Powder,Deepak Thakur 3,Visakhapatnam,Andhra Pradesh,5,Very happy with the purchase. A little was enough to give soups and curries a good kick. Already thinking of getting another pack.,FALSE,SYNTHETIC SAMPLE — FICTIONAL CUSTOMER NAME/REVIEW FOR DEMO USE
Black Pepper Powder,Shalini Sinha 3,Jodhpur,Rajasthan,5,"Good quality overall. Nice peppery flavour for chai, eggs and savoury dishes. It has found a place in my regular kitchen use.",FALSE,SYNTHETIC SAMPLE — FICTIONAL CUSTOMER NAME/REVIEW FOR DEMO USE
Black Pepper Powder,Sakshi Walia 3,Shimla,Himachal Pradesh,5,This was a pleasant surprise. A little was enough to give soups and curries a good kick. Would recommend trying it once.,FALSE,SYNTHETIC SAMPLE — FICTIONAL CUSTOMER NAME/REVIEW FOR DEMO USE
Black Pepper Powder,Amol Joshi 3,Nagpur,Maharashtra,5,"Quite happy with the flavour. Nice peppery flavour for chai, eggs and savoury dishes. Good for home cooking.",FALSE,SYNTHETIC SAMPLE — FICTIONAL CUSTOMER NAME/REVIEW FOR DEMO USE
Black Pepper Powder,Neha Verma 3,Guwahati,Assam,4,Pretty good product. The pepper has a sharp aroma without tasting stale. May order it again.,FALSE,SYNTHETIC SAMPLE — FICTIONAL CUSTOMER NAME/REVIEW FOR DEMO USE
Black Pepper Powder,Varun Khanna 3,Vijayawada,Andhra Pradesh,5,Very happy with the purchase. A little was enough to give soups and curries a good kick. Already thinking of getting another pack.,FALSE,SYNTHETIC SAMPLE — FICTIONAL CUSTOMER NAME/REVIEW FOR DEMO USE
Black Pepper Powder,Kavita Joshi 3,Jaipur,Rajasthan,5,"Good quality overall. Nice peppery flavour for chai, eggs and savoury dishes. It has found a place in my regular kitchen use.",FALSE,SYNTHETIC SAMPLE — FICTIONAL CUSTOMER NAME/REVIEW FOR DEMO USE
Black Pepper Powder,Shweta Mishra 3,Dehradun,Uttarakhand,5,This was a pleasant surprise. A little was enough to give soups and curries a good kick. Would recommend trying it once.,FALSE,SYNTHETIC SAMPLE — FICTIONAL CUSTOMER NAME/REVIEW FOR DEMO USE
Black Pepper Powder,Isha Srivastava 3,Pune,Maharashtra,5,Quite happy with the flavour. A little was enough to give soups and curries a good kick. Good for home cooking.,FALSE,SYNTHETIC SAMPLE — FICTIONAL CUSTOMER NAME/REVIEW FOR DEMO USE
Black Pepper Powder,Faizan Ahmed 3,Patna,Bihar,5,Really liked this one. A little was enough to give soups and curries a good kick. I would order it again.,FALSE,SYNTHETIC SAMPLE — FICTIONAL CUSTOMER NAME/REVIEW FOR DEMO USE
Black Pepper Powder,Sandeep Das 3,Thiruvananthapuram,Kerala,3,"The product is okay overall. Nice peppery flavour for chai, eggs and savoury dishes. It works fine for basic cooking.",FALSE,SYNTHETIC SAMPLE — FICTIONAL CUSTOMER NAME/REVIEW FOR DEMO USE
Black Pepper Powder,Anu Thomas 3,Chandigarh,Chandigarh,4,Liked the flavour and freshness. The pepper has a sharp aroma without tasting stale. I will probably try it again.,FALSE,SYNTHETIC SAMPLE — FICTIONAL CUSTOMER NAME/REVIEW FOR DEMO USE
Black Pepper Powder,Yash Desai 3,Varanasi,Uttar Pradesh,5,This was a pleasant surprise. The pepper has a sharp aroma without tasting stale. Would recommend trying it once.,FALSE,SYNTHETIC SAMPLE — FICTIONAL CUSTOMER NAME/REVIEW FOR DEMO USE
Black Pepper Powder,Snehal Patil 3,Mumbai,Maharashtra,5,Quite happy with the flavour. A little was enough to give soups and curries a good kick. Good for home cooking.,FALSE,SYNTHETIC SAMPLE — FICTIONAL CUSTOMER NAME/REVIEW FOR DEMO USE
Black Pepper Powder,Vijay Kumar 3,Ranchi,Jharkhand,5,"Really liked this one. Nice peppery flavour for chai, eggs and savoury dishes. I would order it again.",FALSE,SYNTHETIC SAMPLE — FICTIONAL CUSTOMER NAME/REVIEW FOR DEMO USE
Black Pepper Powder,Riya Shah 3,Kochi,Kerala,5,Very happy with the purchase. The pepper has a sharp aroma without tasting stale. Already thinking of getting another pack.,FALSE,SYNTHETIC SAMPLE — FICTIONAL CUSTOMER NAME/REVIEW FOR DEMO USE
Black Pepper Powder,Sourav Dutta 3,Ludhiana,Punjab,5,Good quality overall. The pepper has a sharp aroma without tasting stale. It has found a place in my regular kitchen use.,FALSE,SYNTHETIC SAMPLE — FICTIONAL CUSTOMER NAME/REVIEW FOR DEMO USE
Black Pepper Powder,Nikhil Agarwal 3,Lucknow,Uttar Pradesh,5,This was a pleasant surprise. A little was enough to give soups and curries a good kick. Would recommend trying it once.,FALSE,SYNTHETIC SAMPLE — FICTIONAL CUSTOMER NAME/REVIEW FOR DEMO USE
Black Pepper Powder,Moumita Sen 3,Surat,Gujarat,4,Happy with the first pack. A little was enough to give soups and curries a good kick. Overall a good experience.,FALSE,SYNTHETIC SAMPLE — FICTIONAL CUSTOMER NAME/REVIEW FOR DEMO USE
Black Pepper Powder,Anjali Arora 3,Bhubaneswar,Odisha,5,Really liked this one. The pepper has a sharp aroma without tasting stale. I would order it again.,FALSE,SYNTHETIC SAMPLE — FICTIONAL CUSTOMER NAME/REVIEW FOR DEMO USE
Black Pepper Powder,Sameer Khan 3,Coimbatore,Tamil Nadu,5,Very happy with the purchase. A little was enough to give soups and curries a good kick. Already thinking of getting another pack.,FALSE,SYNTHETIC SAMPLE — FICTIONAL CUSTOMER NAME/REVIEW FOR DEMO USE
Black Pepper Powder,Manpreet Kaur 3,Amritsar,Punjab,3,Good enough for regular cooking. A little was enough to give soups and curries a good kick. The overall experience was okay.,FALSE,SYNTHETIC SAMPLE — FICTIONAL CUSTOMER NAME/REVIEW FOR DEMO USE
Black Pepper Powder,Monika Chauhan 3,Noida,Uttar Pradesh,5,This was a pleasant surprise. A little was enough to give soups and curries a good kick. Would recommend trying it once.,FALSE,SYNTHETIC SAMPLE — FICTIONAL CUSTOMER NAME/REVIEW FOR DEMO USE
Black Pepper Powder,Ayesha Khan 3,Ahmedabad,Gujarat,5,Quite happy with the flavour. A little was enough to give soups and curries a good kick. Good for home cooking.,FALSE,SYNTHETIC SAMPLE — FICTIONAL CUSTOMER NAME/REVIEW FOR DEMO USE
Black Pepper Powder,Aditya Singh 3,Kolkata,West Bengal,5,"Really liked this one. Nice peppery flavour for chai, eggs and savoury dishes. I would order it again.",FALSE,SYNTHETIC SAMPLE — FICTIONAL CUSTOMER NAME/REVIEW FOR DEMO USE
Black Pepper Powder,Priya Nair 3,Chennai,Tamil Nadu,4,"Nice quality for regular cooking. Nice peppery flavour for chai, eggs and savoury dishes. Works well for daily meals.",FALSE,SYNTHETIC SAMPLE — FICTIONAL CUSTOMER NAME/REVIEW FOR DEMO USE
Black Pepper Powder,Rupali Ghosh 3,Raipur,Chhattisgarh,5,Good quality overall. The pepper has a sharp aroma without tasting stale. It has found a place in my regular kitchen use.,FALSE,SYNTHETIC SAMPLE — FICTIONAL CUSTOMER NAME/REVIEW FOR DEMO USE
Black Pepper Powder,Mohit Rawat 3,Gurugram,Haryana,5,This was a pleasant surprise. The pepper has a sharp aroma without tasting stale. Would recommend trying it once.,FALSE,SYNTHETIC SAMPLE — FICTIONAL CUSTOMER NAME/REVIEW FOR DEMO USE
Black Pepper Powder,Aman Sharma 3,Srinagar,Jammu & Kashmir,5,Quite happy with the flavour. A little was enough to give soups and curries a good kick. Good for home cooking.,FALSE,SYNTHETIC SAMPLE — FICTIONAL CUSTOMER NAME/REVIEW FOR DEMO USE
Black Pepper Powder,Harpreet Singh 3,Bhopal,Madhya Pradesh,5,"Really liked this one. Nice peppery flavour for chai, eggs and savoury dishes. I would order it again.",FALSE,SYNTHETIC SAMPLE — FICTIONAL CUSTOMER NAME/REVIEW FOR DEMO USE
Black Pepper Powder,Prakash Yadav 3,Hyderabad,Telangana,5,"Very happy with the purchase. Nice peppery flavour for chai, eggs and savoury dishes. Already thinking of getting another pack.",FALSE,SYNTHETIC SAMPLE — FICTIONAL CUSTOMER NAME/REVIEW FOR DEMO USE
Coriander Powder,Keerthi Reddy 3,Mumbai,Maharashtra,5,Good quality overall. It gives curries a fresh coriander aroma. It has found a place in my regular kitchen use.,FALSE,SYNTHETIC SAMPLE — FICTIONAL CUSTOMER NAME/REVIEW FOR DEMO USE
Coriander Powder,Aishwarya Iyer 3,Ranchi,Jharkhand,5,This was a pleasant surprise. It gives curries a fresh coriander aroma. Would recommend trying it once.,FALSE,SYNTHETIC SAMPLE — FICTIONAL CUSTOMER NAME/REVIEW FOR DEMO USE
Coriander Powder,Akshay Jadhav 3,Kochi,Kerala,5,Quite happy with the flavour. The powder blended nicely into gravy without clumping. Good for home cooking.,FALSE,SYNTHETIC SAMPLE — FICTIONAL CUSTOMER NAME/REVIEW FOR DEMO USE
Coriander Powder,Karan Patel 4,Ludhiana,Punjab,5,Really liked this one. The powder blended nicely into gravy without clumping. I would order it again.,FALSE,SYNTHETIC SAMPLE — FICTIONAL CUSTOMER NAME/REVIEW FOR DEMO USE
Coriander Powder,Rohan Basu 4,Lucknow,Uttar Pradesh,5,Very happy with the purchase. Used it for sabzi and dal; the flavour was mild and earthy. Already thinking of getting another pack.,FALSE,SYNTHETIC SAMPLE — FICTIONAL CUSTOMER NAME/REVIEW FOR DEMO USE
Coriander Powder,Gurpreet Singh 4,Surat,Gujarat,5,Good quality overall. It gives curries a fresh coriander aroma. It has found a place in my regular kitchen use.,FALSE,SYNTHETIC SAMPLE — FICTIONAL CUSTOMER NAME/REVIEW FOR DEMO USE
Coriander Powder,Ankit Negi 4,Bhubaneswar,Odisha,4,Good product overall. Used it for sabzi and dal; the flavour was mild and earthy. Useful to keep at home.,FALSE,SYNTHETIC SAMPLE — FICTIONAL CUSTOMER NAME/REVIEW FOR DEMO USE
Coriander Powder,Simran Kaur 4,Coimbatore,Tamil Nadu,5,Quite happy with the flavour. The powder blended nicely into gravy without clumping. Good for home cooking.,FALSE,SYNTHETIC SAMPLE — FICTIONAL CUSTOMER NAME/REVIEW FOR DEMO USE
Coriander Powder,Pooja Gupta 4,Amritsar,Punjab,5,Really liked this one. The powder blended nicely into gravy without clumping. I would order it again.,FALSE,SYNTHETIC SAMPLE — FICTIONAL CUSTOMER NAME/REVIEW FOR DEMO USE
Coriander Powder,Rakesh Kumar 4,Noida,Uttar Pradesh,5,Very happy with the purchase. It gives curries a fresh coriander aroma. Already thinking of getting another pack.,FALSE,SYNTHETIC SAMPLE — FICTIONAL CUSTOMER NAME/REVIEW FOR DEMO USE
Coriander Powder,Renu Kumari 4,Ahmedabad,Gujarat,3,Good enough for regular cooking. It gives curries a fresh coriander aroma. The overall experience was okay.,FALSE,SYNTHETIC SAMPLE — FICTIONAL CUSTOMER NAME/REVIEW FOR DEMO USE
Coriander Powder,Nandini Rao 4,Kolkata,West Bengal,5,This was a pleasant surprise. Used it for sabzi and dal; the flavour was mild and earthy. Would recommend trying it once.,FALSE,SYNTHETIC SAMPLE — FICTIONAL CUSTOMER NAME/REVIEW FOR DEMO USE
Coriander Powder,Ananya Ghosh 4,Chennai,Tamil Nadu,5,Quite happy with the flavour. The powder blended nicely into gravy without clumping. Good for home cooking.,FALSE,SYNTHETIC SAMPLE — FICTIONAL CUSTOMER NAME/REVIEW FOR DEMO USE
Coriander Powder,Sonia Kapoor 4,Raipur,Chhattisgarh,4,Pretty good product. Used it for sabzi and dal; the flavour was mild and earthy. May order it again.,FALSE,SYNTHETIC SAMPLE — FICTIONAL CUSTOMER NAME/REVIEW FOR DEMO USE
Coriander Powder,Megha Yadav 4,Gurugram,Haryana,5,Very happy with the purchase. Used it for sabzi and dal; the flavour was mild and earthy. Already thinking of getting another pack.,FALSE,SYNTHETIC SAMPLE — FICTIONAL CUSTOMER NAME/REVIEW FOR DEMO USE
Coriander Powder,Srinivas Rao 4,Srinagar,Jammu & Kashmir,5,Good quality overall. The powder blended nicely into gravy without clumping. It has found a place in my regular kitchen use.,FALSE,SYNTHETIC SAMPLE — FICTIONAL CUSTOMER NAME/REVIEW FOR DEMO USE
Coriander Powder,Komal Agarwal 4,Bhopal,Madhya Pradesh,5,This was a pleasant surprise. The powder blended nicely into gravy without clumping. Would recommend trying it once.,FALSE,SYNTHETIC SAMPLE — FICTIONAL CUSTOMER NAME/REVIEW FOR DEMO USE
Coriander Powder,Pradeep Reddy 4,Hyderabad,Telangana,5,Quite happy with the flavour. The powder blended nicely into gravy without clumping. Good for home cooking.,FALSE,SYNTHETIC SAMPLE — FICTIONAL CUSTOMER NAME/REVIEW FOR DEMO USE
Coriander Powder,Imran Sheikh 4,Goa,Goa,5,Really liked this one. Used it for sabzi and dal; the flavour was mild and earthy. I would order it again.,FALSE,SYNTHETIC SAMPLE — FICTIONAL CUSTOMER NAME/REVIEW FOR DEMO USE
Coriander Powder,Sana Khan 4,New Delhi,Delhi,5,Very happy with the purchase. Used it for sabzi and dal; the flavour was mild and earthy. Already thinking of getting another pack.,FALSE,SYNTHETIC SAMPLE — FICTIONAL CUSTOMER NAME/REVIEW FOR DEMO USE
Coriander Powder,Saurabh Jain 4,Jammu,Jammu & Kashmir,4,Liked the flavour and freshness. Used it for sabzi and dal; the flavour was mild and earthy. I will probably try it again.,FALSE,SYNTHETIC SAMPLE — FICTIONAL CUSTOMER NAME/REVIEW FOR DEMO USE
Coriander Powder,Manish Verma 4,Indore,Madhya Pradesh,3,"Quite average, but usable. Used it for sabzi and dal; the flavour was mild and earthy. Nothing major to complain about.",FALSE,SYNTHETIC SAMPLE — FICTIONAL CUSTOMER NAME/REVIEW FOR DEMO USE
Coriander Powder,Debashis Roy 4,Bengaluru,Karnataka,5,Quite happy with the flavour. The powder blended nicely into gravy without clumping. Good for home cooking.,FALSE,SYNTHETIC SAMPLE — FICTIONAL CUSTOMER NAME/REVIEW FOR DEMO USE
Coriander Powder,Arif Ansari 4,Visakhapatnam,Andhra Pradesh,5,Really liked this one. It gives curries a fresh coriander aroma. I would order it again.,FALSE,SYNTHETIC SAMPLE — FICTIONAL CUSTOMER NAME/REVIEW FOR DEMO USE
Coriander Powder,Madhuri Patil 4,Jodhpur,Rajasthan,5,Very happy with the purchase. It gives curries a fresh coriander aroma. Already thinking of getting another pack.,FALSE,SYNTHETIC SAMPLE — FICTIONAL CUSTOMER NAME/REVIEW FOR DEMO USE
Coriander Powder,Arjun Kapoor 4,Shimla,Himachal Pradesh,5,Good quality overall. Used it for sabzi and dal; the flavour was mild and earthy. It has found a place in my regular kitchen use.,FALSE,SYNTHETIC SAMPLE — FICTIONAL CUSTOMER NAME/REVIEW FOR DEMO USE
Coriander Powder,Manoj Kumar 4,Nagpur,Maharashtra,5,This was a pleasant surprise. Used it for sabzi and dal; the flavour was mild and earthy. Would recommend trying it once.,FALSE,SYNTHETIC SAMPLE — FICTIONAL CUSTOMER NAME/REVIEW FOR DEMO USE
Coriander Powder,Vikas Bansal 4,Guwahati,Assam,4,Happy with the first pack. It gives curries a fresh coriander aroma. Overall a good experience.,FALSE,SYNTHETIC SAMPLE — FICTIONAL CUSTOMER NAME/REVIEW FOR DEMO USE
Coriander Powder,Nitin Sood 4,Vijayawada,Andhra Pradesh,5,Really liked this one. It gives curries a fresh coriander aroma. I would order it again.,FALSE,SYNTHETIC SAMPLE — FICTIONAL CUSTOMER NAME/REVIEW FOR DEMO USE
Coriander Powder,Divya Sharma 4,Jaipur,Rajasthan,5,Very happy with the purchase. Used it for sabzi and dal; the flavour was mild and earthy. Already thinking of getting another pack.,FALSE,SYNTHETIC SAMPLE — FICTIONAL CUSTOMER NAME/REVIEW FOR DEMO USE
Coriander Powder,Joseph Mathew 4,Dehradun,Uttarakhand,5,Good quality overall. Used it for sabzi and dal; the flavour was mild and earthy. It has found a place in my regular kitchen use.,FALSE,SYNTHETIC SAMPLE — FICTIONAL CUSTOMER NAME/REVIEW FOR DEMO USE
Coriander Powder,Tejas Kulkarni 4,Pune,Maharashtra,5,This was a pleasant surprise. Used it for sabzi and dal; the flavour was mild and earthy. Would recommend trying it once.,FALSE,SYNTHETIC SAMPLE — FICTIONAL CUSTOMER NAME/REVIEW FOR DEMO USE
Coriander Powder,Rahul Iyer 4,Patna,Bihar,3,Not bad for the price. The powder blended nicely into gravy without clumping. It does the job.,FALSE,SYNTHETIC SAMPLE — FICTIONAL CUSTOMER NAME/REVIEW FOR DEMO USE
Coriander Powder,Lavanya Rao 4,Thiruvananthapuram,Kerala,5,Really liked this one. The powder blended nicely into gravy without clumping. I would order it again.,FALSE,SYNTHETIC SAMPLE — FICTIONAL CUSTOMER NAME/REVIEW FOR DEMO USE
Coriander Powder,Rohit Mehta 4,Chandigarh,Chandigarh,4,Nice quality for regular cooking. Used it for sabzi and dal; the flavour was mild and earthy. Works well for daily meals.,FALSE,SYNTHETIC SAMPLE — FICTIONAL CUSTOMER NAME/REVIEW FOR DEMO USE
Coriander Powder,Reshma Nair 4,Varanasi,Uttar Pradesh,5,Good quality overall. It gives curries a fresh coriander aroma. It has found a place in my regular kitchen use.,FALSE,SYNTHETIC SAMPLE — FICTIONAL CUSTOMER NAME/REVIEW FOR DEMO USE
Coriander Powder,Rajesh Nair 4,Mumbai,Maharashtra,5,This was a pleasant surprise. The powder blended nicely into gravy without clumping. Would recommend trying it once.,FALSE,SYNTHETIC SAMPLE — FICTIONAL CUSTOMER NAME/REVIEW FOR DEMO USE
Coriander Powder,Amit Sinha 4,Ranchi,Jharkhand,5,Quite happy with the flavour. The powder blended nicely into gravy without clumping. Good for home cooking.,FALSE,SYNTHETIC SAMPLE — FICTIONAL CUSTOMER NAME/REVIEW FOR DEMO USE
Coriander Powder,Sunita Devi 4,Kochi,Kerala,5,Really liked this one. It gives curries a fresh coriander aroma. I would order it again.,FALSE,SYNTHETIC SAMPLE — FICTIONAL CUSTOMER NAME/REVIEW FOR DEMO USE
Coriander Powder,Abhishek Tiwari 4,Ludhiana,Punjab,5,Very happy with the purchase. It gives curries a fresh coriander aroma. Already thinking of getting another pack.,FALSE,SYNTHETIC SAMPLE — FICTIONAL CUSTOMER NAME/REVIEW FOR DEMO USE
Coriander Powder,Pallavi Deshmukh 4,Lucknow,Uttar Pradesh,5,Good quality overall. Used it for sabzi and dal; the flavour was mild and earthy. It has found a place in my regular kitchen use.,FALSE,SYNTHETIC SAMPLE — FICTIONAL CUSTOMER NAME/REVIEW FOR DEMO USE
Coriander Powder,Bhavna Shah 4,Surat,Gujarat,4,Good product overall. It gives curries a fresh coriander aroma. Useful to keep at home.,FALSE,SYNTHETIC SAMPLE — FICTIONAL CUSTOMER NAME/REVIEW FOR DEMO USE
Coriander Powder,Pritam Das 4,Bhubaneswar,Odisha,5,Quite happy with the flavour. The powder blended nicely into gravy without clumping. Good for home cooking.,FALSE,SYNTHETIC SAMPLE — FICTIONAL CUSTOMER NAME/REVIEW FOR DEMO USE
Coriander Powder,Aarav Bhatia 4,Coimbatore,Tamil Nadu,3,It is decent for everyday use. The powder blended nicely into gravy without clumping. I may try another product from the range.,FALSE,SYNTHETIC SAMPLE — FICTIONAL CUSTOMER NAME/REVIEW FOR DEMO USE
Coriander Powder,Maya George 4,Amritsar,Punjab,5,Very happy with the purchase. The powder blended nicely into gravy without clumping. Already thinking of getting another pack.,FALSE,SYNTHETIC SAMPLE — FICTIONAL CUSTOMER NAME/REVIEW FOR DEMO USE
Coriander Powder,Vivek Menon 4,Noida,Uttar Pradesh,5,Good quality overall. The powder blended nicely into gravy without clumping. It has found a place in my regular kitchen use.,FALSE,SYNTHETIC SAMPLE — FICTIONAL CUSTOMER NAME/REVIEW FOR DEMO USE
Coriander Powder,Ritika Malhotra 4,Ahmedabad,Gujarat,5,This was a pleasant surprise. It gives curries a fresh coriander aroma. Would recommend trying it once.,FALSE,SYNTHETIC SAMPLE — FICTIONAL CUSTOMER NAME/REVIEW FOR DEMO USE
Coriander Powder,Sneha Menon 4,Kolkata,West Bengal,5,Quite happy with the flavour. Used it for sabzi and dal; the flavour was mild and earthy. Good for home cooking.,FALSE,SYNTHETIC SAMPLE — FICTIONAL CUSTOMER NAME/REVIEW FOR DEMO USE
Coriander Powder,Rajiv Sethi 4,Chennai,Tamil Nadu,4,Pretty good product. It gives curries a fresh coriander aroma. May order it again.,FALSE,SYNTHETIC SAMPLE — FICTIONAL CUSTOMER NAME/REVIEW FOR DEMO USE
Coriander Powder,Deepak Thakur 4,Raipur,Chhattisgarh,5,Very happy with the purchase. Used it for sabzi and dal; the flavour was mild and earthy. Already thinking of getting another pack.,FALSE,SYNTHETIC SAMPLE — FICTIONAL CUSTOMER NAME/REVIEW FOR DEMO USE
Coriander Powder,Shalini Sinha 4,Gurugram,Haryana,5,Good quality overall. The powder blended nicely into gravy without clumping. It has found a place in my regular kitchen use.,FALSE,SYNTHETIC SAMPLE — FICTIONAL CUSTOMER NAME/REVIEW FOR DEMO USE
Coriander Powder,Sakshi Walia 4,Srinagar,Jammu & Kashmir,5,This was a pleasant surprise. The powder blended nicely into gravy without clumping. Would recommend trying it once.,FALSE,SYNTHETIC SAMPLE — FICTIONAL CUSTOMER NAME/REVIEW FOR DEMO USE
Coriander Powder,Amol Joshi 4,Bhopal,Madhya Pradesh,5,Quite happy with the flavour. The powder blended nicely into gravy without clumping. Good for home cooking.,FALSE,SYNTHETIC SAMPLE — FICTIONAL CUSTOMER NAME/REVIEW FOR DEMO USE
Coriander Powder,Neha Verma 4,Hyderabad,Telangana,5,Really liked this one. The powder blended nicely into gravy without clumping. I would order it again.,FALSE,SYNTHETIC SAMPLE — FICTIONAL CUSTOMER NAME/REVIEW FOR DEMO USE
Coriander Powder,Varun Khanna 4,Goa,Goa,3,The product is okay overall. It gives curries a fresh coriander aroma. It works fine for basic cooking.,FALSE,SYNTHETIC SAMPLE — FICTIONAL CUSTOMER NAME/REVIEW FOR DEMO USE
Coriander Powder,Kavita Joshi 4,New Delhi,Delhi,4,Liked the flavour and freshness. Used it for sabzi and dal; the flavour was mild and earthy. I will probably try it again.,FALSE,SYNTHETIC SAMPLE — FICTIONAL CUSTOMER NAME/REVIEW FOR DEMO USE
Coriander Powder,Shweta Mishra 4,Jammu,Jammu & Kashmir,5,This was a pleasant surprise. The powder blended nicely into gravy without clumping. Would recommend trying it once.,FALSE,SYNTHETIC SAMPLE — FICTIONAL CUSTOMER NAME/REVIEW FOR DEMO USE
Coriander Powder,Isha Srivastava 4,Indore,Madhya Pradesh,5,Quite happy with the flavour. It gives curries a fresh coriander aroma. Good for home cooking.,FALSE,SYNTHETIC SAMPLE — FICTIONAL CUSTOMER NAME/REVIEW FOR DEMO USE
Coriander Powder,Faizan Ahmed 4,Bengaluru,Karnataka,5,Really liked this one. It gives curries a fresh coriander aroma. I would order it again.,FALSE,SYNTHETIC SAMPLE — FICTIONAL CUSTOMER NAME/REVIEW FOR DEMO USE
Coriander Powder,Sandeep Das 4,Visakhapatnam,Andhra Pradesh,5,Very happy with the purchase. The powder blended nicely into gravy without clumping. Already thinking of getting another pack.,FALSE,SYNTHETIC SAMPLE — FICTIONAL CUSTOMER NAME/REVIEW FOR DEMO USE
Coriander Powder,Anu Thomas 4,Jodhpur,Rajasthan,5,Good quality overall. It gives curries a fresh coriander aroma. It has found a place in my regular kitchen use.,FALSE,SYNTHETIC SAMPLE — FICTIONAL CUSTOMER NAME/REVIEW FOR DEMO USE
Coriander Powder,Yash Desai 4,Shimla,Himachal Pradesh,5,This was a pleasant surprise. Used it for sabzi and dal; the flavour was mild and earthy. Would recommend trying it once.,FALSE,SYNTHETIC SAMPLE — FICTIONAL CUSTOMER NAME/REVIEW FOR DEMO USE
Coriander Powder,Snehal Patil 4,Nagpur,Maharashtra,4,Happy with the first pack. Used it for sabzi and dal; the flavour was mild and earthy. Overall a good experience.,FALSE,SYNTHETIC SAMPLE — FICTIONAL CUSTOMER NAME/REVIEW FOR DEMO USE
Coriander Powder,Vijay Kumar 4,Guwahati,Assam,5,Really liked this one. Used it for sabzi and dal; the flavour was mild and earthy. I would order it again.,FALSE,SYNTHETIC SAMPLE — FICTIONAL CUSTOMER NAME/REVIEW FOR DEMO USE
Coriander Powder,Riya Shah 4,Vijayawada,Andhra Pradesh,5,Very happy with the purchase. Used it for sabzi and dal; the flavour was mild and earthy. Already thinking of getting another pack.,FALSE,SYNTHETIC SAMPLE — FICTIONAL CUSTOMER NAME/REVIEW FOR DEMO USE
Coriander Powder,Sourav Dutta 4,Jaipur,Rajasthan,3,Good enough for regular cooking. Used it for sabzi and dal; the flavour was mild and earthy. The overall experience was okay.,FALSE,SYNTHETIC SAMPLE — FICTIONAL CUSTOMER NAME/REVIEW FOR DEMO USE
Coriander Powder,Nikhil Agarwal 4,Dehradun,Uttarakhand,5,This was a pleasant surprise. It gives curries a fresh coriander aroma. Would recommend trying it once.,FALSE,SYNTHETIC SAMPLE — FICTIONAL CUSTOMER NAME/REVIEW FOR DEMO USE
Coriander Powder,Moumita Sen 4,Pune,Maharashtra,5,Quite happy with the flavour. The powder blended nicely into gravy without clumping. Good for home cooking.,FALSE,SYNTHETIC SAMPLE — FICTIONAL CUSTOMER NAME/REVIEW FOR DEMO USE
Coriander Powder,Anjali Arora 4,Patna,Bihar,5,Really liked this one. It gives curries a fresh coriander aroma. I would order it again.,FALSE,SYNTHETIC SAMPLE — FICTIONAL CUSTOMER NAME/REVIEW FOR DEMO USE
Coriander Powder,Sameer Khan 4,Thiruvananthapuram,Kerala,4,Nice quality for regular cooking. It gives curries a fresh coriander aroma. Works well for daily meals.,FALSE,SYNTHETIC SAMPLE — FICTIONAL CUSTOMER NAME/REVIEW FOR DEMO USE
Coriander Powder,Manpreet Kaur 4,Chandigarh,Chandigarh,5,Good quality overall. It gives curries a fresh coriander aroma. It has found a place in my regular kitchen use.,FALSE,SYNTHETIC SAMPLE — FICTIONAL CUSTOMER NAME/REVIEW FOR DEMO USE
Coriander Powder,Monika Chauhan 4,Varanasi,Uttar Pradesh,5,This was a pleasant surprise. Used it for sabzi and dal; the flavour was mild and earthy. Would recommend trying it once.,FALSE,SYNTHETIC SAMPLE — FICTIONAL CUSTOMER NAME/REVIEW FOR DEMO USE
Coriander Powder,Ayesha Khan 4,Mumbai,Maharashtra,5,Quite happy with the flavour. It gives curries a fresh coriander aroma. Good for home cooking.,FALSE,SYNTHETIC SAMPLE — FICTIONAL CUSTOMER NAME/REVIEW FOR DEMO USE
Coriander Powder,Aditya Singh 4,Ranchi,Jharkhand,5,Really liked this one. Used it for sabzi and dal; the flavour was mild and earthy. I would order it again.,FALSE,SYNTHETIC SAMPLE — FICTIONAL CUSTOMER NAME/REVIEW FOR DEMO USE
Coriander Powder,Priya Nair 4,Kochi,Kerala,5,Very happy with the purchase. The powder blended nicely into gravy without clumping. Already thinking of getting another pack.,FALSE,SYNTHETIC SAMPLE — FICTIONAL CUSTOMER NAME/REVIEW FOR DEMO USE
Coriander Powder,Rupali Ghosh 4,Ludhiana,Punjab,5,Good quality overall. The powder blended nicely into gravy without clumping. It has found a place in my regular kitchen use.,FALSE,SYNTHETIC SAMPLE — FICTIONAL CUSTOMER NAME/REVIEW FOR DEMO USE
Coriander Powder,Mohit Rawat 4,Lucknow,Uttar Pradesh,3,"Quite average, but usable. It gives curries a fresh coriander aroma. Nothing major to complain about.",FALSE,SYNTHETIC SAMPLE — FICTIONAL CUSTOMER NAME/REVIEW FOR DEMO USE
Coriander Powder,Aman Sharma 4,Surat,Gujarat,5,Quite happy with the flavour. It gives curries a fresh coriander aroma. Good for home cooking.,FALSE,SYNTHETIC SAMPLE — FICTIONAL CUSTOMER NAME/REVIEW FOR DEMO USE
Coriander Powder,Harpreet Singh 4,Bhubaneswar,Odisha,5,Really liked this one. It gives curries a fresh coriander aroma. I would order it again.,FALSE,SYNTHETIC SAMPLE — FICTIONAL CUSTOMER NAME/REVIEW FOR DEMO USE
Coriander Powder,Prakash Yadav 4,Coimbatore,Tamil Nadu,5,Very happy with the purchase. Used it for sabzi and dal; the flavour was mild and earthy. Already thinking of getting another pack.,FALSE,SYNTHETIC SAMPLE — FICTIONAL CUSTOMER NAME/REVIEW FOR DEMO USE
Coriander Powder,Keerthi Reddy 4,Amritsar,Punjab,5,Good quality overall. Used it for sabzi and dal; the flavour was mild and earthy. It has found a place in my regular kitchen use.,FALSE,SYNTHETIC SAMPLE — FICTIONAL CUSTOMER NAME/REVIEW FOR DEMO USE
Coriander Powder,Aishwarya Iyer 4,Noida,Uttar Pradesh,5,This was a pleasant surprise. The powder blended nicely into gravy without clumping. Would recommend trying it once.,FALSE,SYNTHETIC SAMPLE — FICTIONAL CUSTOMER NAME/REVIEW FOR DEMO USE
Coriander Powder,Akshay Jadhav 4,Ahmedabad,Gujarat,5,Quite happy with the flavour. It gives curries a fresh coriander aroma. Good for home cooking.,FALSE,SYNTHETIC SAMPLE — FICTIONAL CUSTOMER NAME/REVIEW FOR DEMO USE
Coriander Powder,Karan Patel 5,Kolkata,West Bengal,4,Pretty good product. It gives curries a fresh coriander aroma. May order it again.,FALSE,SYNTHETIC SAMPLE — FICTIONAL CUSTOMER NAME/REVIEW FOR DEMO USE
Coriander Powder,Rohan Basu 5,Chennai,Tamil Nadu,5,Very happy with the purchase. It gives curries a fresh coriander aroma. Already thinking of getting another pack.,FALSE,SYNTHETIC SAMPLE — FICTIONAL CUSTOMER NAME/REVIEW FOR DEMO USE
Coriander Powder,Gurpreet Singh 5,Raipur,Chhattisgarh,5,Good quality overall. It gives curries a fresh coriander aroma. It has found a place in my regular kitchen use.,FALSE,SYNTHETIC SAMPLE — FICTIONAL CUSTOMER NAME/REVIEW FOR DEMO USE
Coriander Powder,Ankit Negi 5,Gurugram,Haryana,5,This was a pleasant surprise. The powder blended nicely into gravy without clumping. Would recommend trying it once.,FALSE,SYNTHETIC SAMPLE — FICTIONAL CUSTOMER NAME/REVIEW FOR DEMO USE
Coriander Powder,Simran Kaur 5,Srinagar,Jammu & Kashmir,3,Not bad for the price. It gives curries a fresh coriander aroma. It does the job.,FALSE,SYNTHETIC SAMPLE — FICTIONAL CUSTOMER NAME/REVIEW FOR DEMO USE
Coriander Powder,Pooja Gupta 5,Bhopal,Madhya Pradesh,5,Really liked this one. The powder blended nicely into gravy without clumping. I would order it again.,FALSE,SYNTHETIC SAMPLE — FICTIONAL CUSTOMER NAME/REVIEW FOR DEMO USE
Coriander Powder,Rakesh Kumar 5,Hyderabad,Telangana,5,Very happy with the purchase. The powder blended nicely into gravy without clumping. Already thinking of getting another pack.,FALSE,SYNTHETIC SAMPLE — FICTIONAL CUSTOMER NAME/REVIEW FOR DEMO USE
Coriander Powder,Renu Kumari 5,Goa,Goa,4,Liked the flavour and freshness. It gives curries a fresh coriander aroma. I will probably try it again.,FALSE,SYNTHETIC SAMPLE — FICTIONAL CUSTOMER NAME/REVIEW FOR DEMO USE
Coriander Powder,Nandini Rao 5,New Delhi,Delhi,5,This was a pleasant surprise. The powder blended nicely into gravy without clumping. Would recommend trying it once.,FALSE,SYNTHETIC SAMPLE — FICTIONAL CUSTOMER NAME/REVIEW FOR DEMO USE
Coriander Powder,Ananya Ghosh 5,Jammu,Jammu & Kashmir,5,Quite happy with the flavour. Used it for sabzi and dal; the flavour was mild and earthy. Good for home cooking.,FALSE,SYNTHETIC SAMPLE — FICTIONAL CUSTOMER NAME/REVIEW FOR DEMO USE
Coriander Powder,Sonia Kapoor 5,Indore,Madhya Pradesh,5,Really liked this one. Used it for sabzi and dal; the flavour was mild and earthy. I would order it again.,FALSE,SYNTHETIC SAMPLE — FICTIONAL CUSTOMER NAME/REVIEW FOR DEMO USE
Coriander Powder,Megha Yadav 5,Bengaluru,Karnataka,5,Very happy with the purchase. It gives curries a fresh coriander aroma. Already thinking of getting another pack.,FALSE,SYNTHETIC SAMPLE — FICTIONAL CUSTOMER NAME/REVIEW FOR DEMO USE
Coriander Powder,Srinivas Rao 5,Visakhapatnam,Andhra Pradesh,5,Good quality overall. It gives curries a fresh coriander aroma. It has found a place in my regular kitchen use.,FALSE,SYNTHETIC SAMPLE — FICTIONAL CUSTOMER NAME/REVIEW FOR DEMO USE
Coriander Powder,Komal Agarwal 5,Jodhpur,Rajasthan,5,This was a pleasant surprise. Used it for sabzi and dal; the flavour was mild and earthy. Would recommend trying it once.,FALSE,SYNTHETIC SAMPLE — FICTIONAL CUSTOMER NAME/REVIEW FOR DEMO USE
Coriander Powder,Pradeep Reddy 5,Shimla,Himachal Pradesh,4,Happy with the first pack. The powder blended nicely into gravy without clumping. Overall a good experience.,FALSE,SYNTHETIC SAMPLE — FICTIONAL CUSTOMER NAME/REVIEW FOR DEMO USE
Garam Masala + Black Pepper,Imran Sheikh 5,Indore,Madhya Pradesh,5,Really liked this one. The garam masala adds warmth while the pepper gives extra depth. I would order it again.,FALSE,SYNTHETIC SAMPLE — FICTIONAL CUSTOMER NAME/REVIEW FOR DEMO USE
Garam Masala + Black Pepper,Sana Khan 5,Bengaluru,Karnataka,5,Very happy with the purchase. Good combo for quick weekday cooking. Already thinking of getting another pack.,FALSE,SYNTHETIC SAMPLE — FICTIONAL CUSTOMER NAME/REVIEW FOR DEMO USE
Garam Masala + Black Pepper,Saurabh Jain 5,Visakhapatnam,Andhra Pradesh,5,Good quality overall. The garam masala adds warmth while the pepper gives extra depth. It has found a place in my regular kitchen use.,FALSE,SYNTHETIC SAMPLE — FICTIONAL CUSTOMER NAME/REVIEW FOR DEMO USE
Garam Masala + Black Pepper,Manish Verma 5,Jodhpur,Rajasthan,5,"This was a pleasant surprise. Useful combination for paneer, pulao and gravies. Would recommend trying it once.",FALSE,SYNTHETIC SAMPLE — FICTIONAL CUSTOMER NAME/REVIEW FOR DEMO USE
Garam Masala + Black Pepper,Debashis Roy 5,Shimla,Himachal Pradesh,5,"Quite happy with the flavour. Useful combination for paneer, pulao and gravies. Good for home cooking.",FALSE,SYNTHETIC SAMPLE — FICTIONAL CUSTOMER NAME/REVIEW FOR DEMO USE
Garam Masala + Black Pepper,Arif Ansari 5,Nagpur,Maharashtra,5,"Really liked this one. Useful combination for paneer, pulao and gravies. I would order it again.",FALSE,SYNTHETIC SAMPLE — FICTIONAL CUSTOMER NAME/REVIEW FOR DEMO USE
Garam Masala + Black Pepper,Madhuri Patil 5,Guwahati,Assam,4,Nice quality for regular cooking. The garam masala adds warmth while the pepper gives extra depth. Works well for daily meals.,FALSE,SYNTHETIC SAMPLE — FICTIONAL CUSTOMER NAME/REVIEW FOR DEMO USE
Garam Masala + Black Pepper,Arjun Kapoor 5,Vijayawada,Andhra Pradesh,5,Good quality overall. Good combo for quick weekday cooking. It has found a place in my regular kitchen use.,FALSE,SYNTHETIC SAMPLE — FICTIONAL CUSTOMER NAME/REVIEW FOR DEMO USE
Garam Masala + Black Pepper,Manoj Kumar 5,Jaipur,Rajasthan,5,This was a pleasant surprise. The garam masala adds warmth while the pepper gives extra depth. Would recommend trying it once.,FALSE,SYNTHETIC SAMPLE — FICTIONAL CUSTOMER NAME/REVIEW FOR DEMO USE
Garam Masala + Black Pepper,Vikas Bansal 5,Dehradun,Uttarakhand,5,Quite happy with the flavour. Good combo for quick weekday cooking. Good for home cooking.,FALSE,SYNTHETIC SAMPLE — FICTIONAL CUSTOMER NAME/REVIEW FOR DEMO USE
Garam Masala + Black Pepper,Nitin Sood 5,Pune,Maharashtra,3,It is decent for everyday use. The garam masala adds warmth while the pepper gives extra depth. I may try another product from the range.,FALSE,SYNTHETIC SAMPLE — FICTIONAL CUSTOMER NAME/REVIEW FOR DEMO USE
Garam Masala + Black Pepper,Divya Sharma 5,Patna,Bihar,5,Very happy with the purchase. Good combo for quick weekday cooking. Already thinking of getting another pack.,FALSE,SYNTHETIC SAMPLE — FICTIONAL CUSTOMER NAME/REVIEW FOR DEMO USE
Garam Masala + Black Pepper,Joseph Mathew 5,Thiruvananthapuram,Kerala,5,Good quality overall. The garam masala adds warmth while the pepper gives extra depth. It has found a place in my regular kitchen use.,FALSE,SYNTHETIC SAMPLE — FICTIONAL CUSTOMER NAME/REVIEW FOR DEMO USE
Garam Masala + Black Pepper,Tejas Kulkarni 5,Chandigarh,Chandigarh,4,Good product overall. Good combo for quick weekday cooking. Useful to keep at home.,FALSE,SYNTHETIC SAMPLE — FICTIONAL CUSTOMER NAME/REVIEW FOR DEMO USE
Garam Masala + Black Pepper,Rahul Iyer 5,Varanasi,Uttar Pradesh,5,"Quite happy with the flavour. Useful combination for paneer, pulao and gravies. Good for home cooking.",FALSE,SYNTHETIC SAMPLE — FICTIONAL CUSTOMER NAME/REVIEW FOR DEMO USE
Garam Masala + Black Pepper,Lavanya Rao 5,Mumbai,Maharashtra,5,"Really liked this one. Useful combination for paneer, pulao and gravies. I would order it again.",FALSE,SYNTHETIC SAMPLE — FICTIONAL CUSTOMER NAME/REVIEW FOR DEMO USE
Garam Masala + Black Pepper,Rohit Mehta 5,Ranchi,Jharkhand,5,"Very happy with the purchase. Useful combination for paneer, pulao and gravies. Already thinking of getting another pack.",FALSE,SYNTHETIC SAMPLE — FICTIONAL CUSTOMER NAME/REVIEW FOR DEMO USE
Garam Masala + Black Pepper,Reshma Nair 5,Kochi,Kerala,5,Good quality overall. The garam masala adds warmth while the pepper gives extra depth. It has found a place in my regular kitchen use.,FALSE,SYNTHETIC SAMPLE — FICTIONAL CUSTOMER NAME/REVIEW FOR DEMO USE
Garam Masala + Black Pepper,Rajesh Nair 5,Ludhiana,Punjab,5,This was a pleasant surprise. Good combo for quick weekday cooking. Would recommend trying it once.,FALSE,SYNTHETIC SAMPLE — FICTIONAL CUSTOMER NAME/REVIEW FOR DEMO USE
Garam Masala + Black Pepper,Amit Sinha 5,Lucknow,Uttar Pradesh,5,Quite happy with the flavour. The garam masala adds warmth while the pepper gives extra depth. Good for home cooking.,FALSE,SYNTHETIC SAMPLE — FICTIONAL CUSTOMER NAME/REVIEW FOR DEMO USE
Garam Masala + Black Pepper,Sunita Devi 5,Surat,Gujarat,4,Pretty good product. The garam masala adds warmth while the pepper gives extra depth. May order it again.,FALSE,SYNTHETIC SAMPLE — FICTIONAL CUSTOMER NAME/REVIEW FOR DEMO USE
Garam Masala + Black Pepper,Abhishek Tiwari 5,Bhubaneswar,Odisha,3,The product is okay overall. The garam masala adds warmth while the pepper gives extra depth. It works fine for basic cooking.,FALSE,SYNTHETIC SAMPLE — FICTIONAL CUSTOMER NAME/REVIEW FOR DEMO USE
Garam Masala + Black Pepper,Pallavi Deshmukh 5,Coimbatore,Tamil Nadu,5,Good quality overall. The garam masala adds warmth while the pepper gives extra depth. It has found a place in my regular kitchen use.,FALSE,SYNTHETIC SAMPLE — FICTIONAL CUSTOMER NAME/REVIEW FOR DEMO USE
Garam Masala + Black Pepper,Bhavna Shah 5,Amritsar,Punjab,5,This was a pleasant surprise. The garam masala adds warmth while the pepper gives extra depth. Would recommend trying it once.,FALSE,SYNTHETIC SAMPLE — FICTIONAL CUSTOMER NAME/REVIEW FOR DEMO USE
Garam Masala + Black Pepper,Pritam Das 5,Noida,Uttar Pradesh,5,Quite happy with the flavour. Good combo for quick weekday cooking. Good for home cooking.,FALSE,SYNTHETIC SAMPLE — FICTIONAL CUSTOMER NAME/REVIEW FOR DEMO USE
Garam Masala + Black Pepper,Aarav Bhatia 5,Ahmedabad,Gujarat,5,Really liked this one. The garam masala adds warmth while the pepper gives extra depth. I would order it again.,FALSE,SYNTHETIC SAMPLE — FICTIONAL CUSTOMER NAME/REVIEW FOR DEMO USE
Garam Masala + Black Pepper,Maya George 5,Kolkata,West Bengal,5,"Very happy with the purchase. Useful combination for paneer, pulao and gravies. Already thinking of getting another pack.",FALSE,SYNTHETIC SAMPLE — FICTIONAL CUSTOMER NAME/REVIEW FOR DEMO USE
Garam Masala + Black Pepper,Vivek Menon 5,Chennai,Tamil Nadu,4,Liked the flavour and freshness. The garam masala adds warmth while the pepper gives extra depth. I will probably try it again.,FALSE,SYNTHETIC SAMPLE — FICTIONAL CUSTOMER NAME/REVIEW FOR DEMO USE
Garam Masala + Black Pepper,Ritika Malhotra 5,Raipur,Chhattisgarh,5,"This was a pleasant surprise. Useful combination for paneer, pulao and gravies. Would recommend trying it once.",FALSE,SYNTHETIC SAMPLE — FICTIONAL CUSTOMER NAME/REVIEW FOR DEMO USE
Garam Masala + Black Pepper,Sneha Menon 5,Gurugram,Haryana,5,Quite happy with the flavour. The garam masala adds warmth while the pepper gives extra depth. Good for home cooking.,FALSE,SYNTHETIC SAMPLE — FICTIONAL CUSTOMER NAME/REVIEW FOR DEMO USE
Garam Masala + Black Pepper,Rajiv Sethi 5,Srinagar,Jammu & Kashmir,5,Really liked this one. The garam masala adds warmth while the pepper gives extra depth. I would order it again.,FALSE,SYNTHETIC SAMPLE — FICTIONAL CUSTOMER NAME/REVIEW FOR DEMO USE
Garam Masala + Black Pepper,Deepak Thakur 5,Bhopal,Madhya Pradesh,5,Very happy with the purchase. Good combo for quick weekday cooking. Already thinking of getting another pack.,FALSE,SYNTHETIC SAMPLE — FICTIONAL CUSTOMER NAME/REVIEW FOR DEMO USE
Garam Masala + Black Pepper,Shalini Sinha 5,Hyderabad,Telangana,3,"Good enough for regular cooking. Useful combination for paneer, pulao and gravies. The overall experience was okay.",FALSE,SYNTHETIC SAMPLE — FICTIONAL CUSTOMER NAME/REVIEW FOR DEMO USE
Garam Masala + Black Pepper,Sakshi Walia 5,Goa,Goa,5,"This was a pleasant surprise. Useful combination for paneer, pulao and gravies. Would recommend trying it once.",FALSE,SYNTHETIC SAMPLE — FICTIONAL CUSTOMER NAME/REVIEW FOR DEMO USE
Garam Masala + Black Pepper,Amol Joshi 5,New Delhi,Delhi,4,"Happy with the first pack. Useful combination for paneer, pulao and gravies. Overall a good experience.",FALSE,SYNTHETIC SAMPLE — FICTIONAL CUSTOMER NAME/REVIEW FOR DEMO USE
Garam Masala + Black Pepper,Neha Verma 5,Jammu,Jammu & Kashmir,5,"Really liked this one. Useful combination for paneer, pulao and gravies. I would order it again.",FALSE,SYNTHETIC SAMPLE — FICTIONAL CUSTOMER NAME/REVIEW FOR DEMO USE
Garam Masala + Black Pepper,Varun Khanna 5,Indore,Madhya Pradesh,5,Very happy with the purchase. Good combo for quick weekday cooking. Already thinking of getting another pack.,FALSE,SYNTHETIC SAMPLE — FICTIONAL CUSTOMER NAME/REVIEW FOR DEMO USE
Garam Masala + Black Pepper,Kavita Joshi 5,Bengaluru,Karnataka,5,Good quality overall. The garam masala adds warmth while the pepper gives extra depth. It has found a place in my regular kitchen use.,FALSE,SYNTHETIC SAMPLE — FICTIONAL CUSTOMER NAME/REVIEW FOR DEMO USE
Garam Masala + Black Pepper,Shweta Mishra 5,Visakhapatnam,Andhra Pradesh,5,"This was a pleasant surprise. Useful combination for paneer, pulao and gravies. Would recommend trying it once.",FALSE,SYNTHETIC SAMPLE — FICTIONAL CUSTOMER NAME/REVIEW FOR DEMO USE
Garam Masala + Black Pepper,Isha Srivastava 5,Jodhpur,Rajasthan,5,"Quite happy with the flavour. Useful combination for paneer, pulao and gravies. Good for home cooking.",FALSE,SYNTHETIC SAMPLE — FICTIONAL CUSTOMER NAME/REVIEW FOR DEMO USE
Garam Masala + Black Pepper,Faizan Ahmed 5,Shimla,Himachal Pradesh,5,Really liked this one. Good combo for quick weekday cooking. I would order it again.,FALSE,SYNTHETIC SAMPLE — FICTIONAL CUSTOMER NAME/REVIEW FOR DEMO USE
Garam Masala + Black Pepper,Sandeep Das 5,Nagpur,Maharashtra,4,"Nice quality for regular cooking. Useful combination for paneer, pulao and gravies. Works well for daily meals.",FALSE,SYNTHETIC SAMPLE — FICTIONAL CUSTOMER NAME/REVIEW FOR DEMO USE
Garam Masala + Black Pepper,Anu Thomas 5,Guwahati,Assam,5,Good quality overall. The garam masala adds warmth while the pepper gives extra depth. It has found a place in my regular kitchen use.,FALSE,SYNTHETIC SAMPLE — FICTIONAL CUSTOMER NAME/REVIEW FOR DEMO USE
Garam Masala + Black Pepper,Yash Desai 5,Vijayawada,Andhra Pradesh,3,"Quite average, but usable. Useful combination for paneer, pulao and gravies. Nothing major to complain about.",FALSE,SYNTHETIC SAMPLE — FICTIONAL CUSTOMER NAME/REVIEW FOR DEMO USE
Garam Masala + Black Pepper,Snehal Patil 5,Jaipur,Rajasthan,5,"Quite happy with the flavour. Useful combination for paneer, pulao and gravies. Good for home cooking.",FALSE,SYNTHETIC SAMPLE — FICTIONAL CUSTOMER NAME/REVIEW FOR DEMO USE
Garam Masala + Black Pepper,Vijay Kumar 5,Dehradun,Uttarakhand,5,Really liked this one. The garam masala adds warmth while the pepper gives extra depth. I would order it again.,FALSE,SYNTHETIC SAMPLE — FICTIONAL CUSTOMER NAME/REVIEW FOR DEMO USE
Garam Masala + Black Pepper,Riya Shah 5,Pune,Maharashtra,5,Very happy with the purchase. The garam masala adds warmth while the pepper gives extra depth. Already thinking of getting another pack.,FALSE,SYNTHETIC SAMPLE — FICTIONAL CUSTOMER NAME/REVIEW FOR DEMO USE
Garam Masala + Black Pepper,Sourav Dutta 5,Patna,Bihar,5,"Good quality overall. Useful combination for paneer, pulao and gravies. It has found a place in my regular kitchen use.",FALSE,SYNTHETIC SAMPLE — FICTIONAL CUSTOMER NAME/REVIEW FOR DEMO USE
Garam Masala + Black Pepper,Nikhil Agarwal 5,Thiruvananthapuram,Kerala,4,Good product overall. The garam masala adds warmth while the pepper gives extra depth. Useful to keep at home.,FALSE,SYNTHETIC SAMPLE — FICTIONAL CUSTOMER NAME/REVIEW FOR DEMO USE
Garam Masala + Black Pepper,Moumita Sen 5,Chandigarh,Chandigarh,5,Quite happy with the flavour. The garam masala adds warmth while the pepper gives extra depth. Good for home cooking.,FALSE,SYNTHETIC SAMPLE — FICTIONAL CUSTOMER NAME/REVIEW FOR DEMO USE
Garam Masala + Black Pepper,Anjali Arora 5,Varanasi,Uttar Pradesh,5,"Really liked this one. Useful combination for paneer, pulao and gravies. I would order it again.",FALSE,SYNTHETIC SAMPLE — FICTIONAL CUSTOMER NAME/REVIEW FOR DEMO USE
Garam Masala + Black Pepper,Sameer Khan 5,Mumbai,Maharashtra,5,Very happy with the purchase. The garam masala adds warmth while the pepper gives extra depth. Already thinking of getting another pack.,FALSE,SYNTHETIC SAMPLE — FICTIONAL CUSTOMER NAME/REVIEW FOR DEMO USE
Garam Masala + Black Pepper,Manpreet Kaur 5,Ranchi,Jharkhand,5,Good quality overall. Good combo for quick weekday cooking. It has found a place in my regular kitchen use.,FALSE,SYNTHETIC SAMPLE — FICTIONAL CUSTOMER NAME/REVIEW FOR DEMO USE
Garam Masala + Black Pepper,Monika Chauhan 5,Kochi,Kerala,5,This was a pleasant surprise. The garam masala adds warmth while the pepper gives extra depth. Would recommend trying it once.,FALSE,SYNTHETIC SAMPLE — FICTIONAL CUSTOMER NAME/REVIEW FOR DEMO USE
Garam Masala + Black Pepper,Ayesha Khan 5,Ludhiana,Punjab,3,Not bad for the price. The garam masala adds warmth while the pepper gives extra depth. It does the job.,FALSE,SYNTHETIC SAMPLE — FICTIONAL CUSTOMER NAME/REVIEW FOR DEMO USE
Garam Masala + Black Pepper,Aditya Singh 5,Lucknow,Uttar Pradesh,4,Pretty good product. Good combo for quick weekday cooking. May order it again.,FALSE,SYNTHETIC SAMPLE — FICTIONAL CUSTOMER NAME/REVIEW FOR DEMO USE
Garam Masala + Black Pepper,Priya Nair 5,Surat,Gujarat,5,Very happy with the purchase. Good combo for quick weekday cooking. Already thinking of getting another pack.,FALSE,SYNTHETIC SAMPLE — FICTIONAL CUSTOMER NAME/REVIEW FOR DEMO USE
Garam Masala + Black Pepper,Rupali Ghosh 5,Bhubaneswar,Odisha,5,"Good quality overall. Useful combination for paneer, pulao and gravies. It has found a place in my regular kitchen use.",FALSE,SYNTHETIC SAMPLE — FICTIONAL CUSTOMER NAME/REVIEW FOR DEMO USE
Garam Masala Powder,Mohit Rawat 5,Bhubaneswar,Odisha,5,"This was a pleasant surprise. Nice for rajma, chole and paneer dishes. Would recommend trying it once.",FALSE,SYNTHETIC SAMPLE — FICTIONAL CUSTOMER NAME/REVIEW FOR DEMO USE
Garam Masala Powder,Aman Sharma 5,Coimbatore,Tamil Nadu,5,"Quite happy with the flavour. Nice for rajma, chole and paneer dishes. Good for home cooking.",FALSE,SYNTHETIC SAMPLE — FICTIONAL CUSTOMER NAME/REVIEW FOR DEMO USE
Garam Masala Powder,Harpreet Singh 5,Amritsar,Punjab,5,"Really liked this one. Nice for rajma, chole and paneer dishes. I would order it again.",FALSE,SYNTHETIC SAMPLE — FICTIONAL CUSTOMER NAME/REVIEW FOR DEMO USE
Garam Masala Powder,Prakash Yadav 5,Noida,Uttar Pradesh,5,Very happy with the purchase. The blend added a warm aroma to my curry. Already thinking of getting another pack.,FALSE,SYNTHETIC SAMPLE — FICTIONAL CUSTOMER NAME/REVIEW FOR DEMO USE
Garam Masala Powder,Keerthi Reddy 5,Ahmedabad,Gujarat,5,Good quality overall. The flavour is aromatic rather than excessively hot. It has found a place in my regular kitchen use.,FALSE,SYNTHETIC SAMPLE — FICTIONAL CUSTOMER NAME/REVIEW FOR DEMO USE
Garam Masala Powder,Aishwarya Iyer 5,Kolkata,West Bengal,5,This was a pleasant surprise. The flavour is aromatic rather than excessively hot. Would recommend trying it once.,FALSE,SYNTHETIC SAMPLE — FICTIONAL CUSTOMER NAME/REVIEW FOR DEMO USE
Garam Masala Powder,Akshay Jadhav 5,Chennai,Tamil Nadu,4,Happy with the first pack. The blend added a warm aroma to my curry. Overall a good experience.,FALSE,SYNTHETIC SAMPLE — FICTIONAL CUSTOMER NAME/REVIEW FOR DEMO USE
Garam Masala Powder,Karan Patel 6,Raipur,Chhattisgarh,5,Really liked this one. The flavour is aromatic rather than excessively hot. I would order it again.,FALSE,SYNTHETIC SAMPLE — FICTIONAL CUSTOMER NAME/REVIEW FOR DEMO USE
Garam Masala Powder,Rohan Basu 6,Gurugram,Haryana,5,Very happy with the purchase. The flavour is aromatic rather than excessively hot. Already thinking of getting another pack.,FALSE,SYNTHETIC SAMPLE — FICTIONAL CUSTOMER NAME/REVIEW FOR DEMO USE
Garam Masala Powder,Gurpreet Singh 6,Srinagar,Jammu & Kashmir,5,Good quality overall. The blend added a warm aroma to my curry. It has found a place in my regular kitchen use.,FALSE,SYNTHETIC SAMPLE — FICTIONAL CUSTOMER NAME/REVIEW FOR DEMO USE
Garam Masala Powder,Ankit Negi 6,Bhopal,Madhya Pradesh,3,"Quite average, but usable. The flavour is aromatic rather than excessively hot. Nothing major to complain about.",FALSE,SYNTHETIC SAMPLE — FICTIONAL CUSTOMER NAME/REVIEW FOR DEMO USE
Garam Masala Powder,Simran Kaur 6,Hyderabad,Telangana,5,Quite happy with the flavour. The blend added a warm aroma to my curry. Good for home cooking.,FALSE,SYNTHETIC SAMPLE — FICTIONAL CUSTOMER NAME/REVIEW FOR DEMO USE
Garam Masala Powder,Pooja Gupta 6,Goa,Goa,5,Really liked this one. The blend added a warm aroma to my curry. I would order it again.,FALSE,SYNTHETIC SAMPLE — FICTIONAL CUSTOMER NAME/REVIEW FOR DEMO USE
Garam Masala Powder,Rakesh Kumar 6,New Delhi,Delhi,4,Nice quality for regular cooking. The flavour is aromatic rather than excessively hot. Works well for daily meals.,FALSE,SYNTHETIC SAMPLE — FICTIONAL CUSTOMER NAME/REVIEW FOR DEMO USE
Garam Masala Powder,Renu Kumari 6,Jammu,Jammu & Kashmir,5,"Good quality overall. Nice for rajma, chole and paneer dishes. It has found a place in my regular kitchen use.",FALSE,SYNTHETIC SAMPLE — FICTIONAL CUSTOMER NAME/REVIEW FOR DEMO USE
Garam Masala Powder,Nandini Rao 6,Indore,Madhya Pradesh,5,This was a pleasant surprise. The blend added a warm aroma to my curry. Would recommend trying it once.,FALSE,SYNTHETIC SAMPLE — FICTIONAL CUSTOMER NAME/REVIEW FOR DEMO USE
Garam Masala Powder,Ananya Ghosh 6,Bengaluru,Karnataka,5,"Quite happy with the flavour. Nice for rajma, chole and paneer dishes. Good for home cooking.",FALSE,SYNTHETIC SAMPLE — FICTIONAL CUSTOMER NAME/REVIEW FOR DEMO USE
Garam Masala Powder,Sonia Kapoor 6,Visakhapatnam,Andhra Pradesh,5,"Really liked this one. Nice for rajma, chole and paneer dishes. I would order it again.",FALSE,SYNTHETIC SAMPLE — FICTIONAL CUSTOMER NAME/REVIEW FOR DEMO USE
Garam Masala Powder,Megha Yadav 6,Jodhpur,Rajasthan,5,Very happy with the purchase. The flavour is aromatic rather than excessively hot. Already thinking of getting another pack.,FALSE,SYNTHETIC SAMPLE — FICTIONAL CUSTOMER NAME/REVIEW FOR DEMO USE
Garam Masala Powder,Srinivas Rao 6,Shimla,Himachal Pradesh,5,"Good quality overall. Nice for rajma, chole and paneer dishes. It has found a place in my regular kitchen use.",FALSE,SYNTHETIC SAMPLE — FICTIONAL CUSTOMER NAME/REVIEW FOR DEMO USE
Garam Masala Powder,Komal Agarwal 6,Nagpur,Maharashtra,4,Good product overall. The flavour is aromatic rather than excessively hot. Useful to keep at home.,FALSE,SYNTHETIC SAMPLE — FICTIONAL CUSTOMER NAME/REVIEW FOR DEMO USE
Garam Masala Powder,Pradeep Reddy 6,Guwahati,Assam,3,Not bad for the price. The blend added a warm aroma to my curry. It does the job.,FALSE,SYNTHETIC SAMPLE — FICTIONAL CUSTOMER NAME/REVIEW FOR DEMO USE
Garam Masala Powder,Imran Sheikh 6,Vijayawada,Andhra Pradesh,5,"Really liked this one. Nice for rajma, chole and paneer dishes. I would order it again.",FALSE,SYNTHETIC SAMPLE — FICTIONAL CUSTOMER NAME/REVIEW FOR DEMO USE
Garam Masala Powder,Sana Khan 6,Jaipur,Rajasthan,5,"Very happy with the purchase. Nice for rajma, chole and paneer dishes. Already thinking of getting another pack.",FALSE,SYNTHETIC SAMPLE — FICTIONAL CUSTOMER NAME/REVIEW FOR DEMO USE
Garam Masala Powder,Saurabh Jain 6,Dehradun,Uttarakhand,5,Good quality overall. The blend added a warm aroma to my curry. It has found a place in my regular kitchen use.,FALSE,SYNTHETIC SAMPLE — FICTIONAL CUSTOMER NAME/REVIEW FOR DEMO USE
Garam Masala Powder,Manish Verma 6,Pune,Maharashtra,5,This was a pleasant surprise. The flavour is aromatic rather than excessively hot. Would recommend trying it once.,FALSE,SYNTHETIC SAMPLE — FICTIONAL CUSTOMER NAME/REVIEW FOR DEMO USE
Garam Masala Powder,Debashis Roy 6,Patna,Bihar,5,"Quite happy with the flavour. Nice for rajma, chole and paneer dishes. Good for home cooking.",FALSE,SYNTHETIC SAMPLE — FICTIONAL CUSTOMER NAME/REVIEW FOR DEMO USE
Garam Masala Powder,Arif Ansari 6,Thiruvananthapuram,Kerala,4,Pretty good product. The blend added a warm aroma to my curry. May order it again.,FALSE,SYNTHETIC SAMPLE — FICTIONAL CUSTOMER NAME/REVIEW FOR DEMO USE
Garam Masala Powder,Madhuri Patil 6,Chandigarh,Chandigarh,5,"Very happy with the purchase. Nice for rajma, chole and paneer dishes. Already thinking of getting another pack.",FALSE,SYNTHETIC SAMPLE — FICTIONAL CUSTOMER NAME/REVIEW FOR DEMO USE
Garam Masala Powder,Arjun Kapoor 6,Varanasi,Uttar Pradesh,5,Good quality overall. The blend added a warm aroma to my curry. It has found a place in my regular kitchen use.,FALSE,SYNTHETIC SAMPLE — FICTIONAL CUSTOMER NAME/REVIEW FOR DEMO USE
Garam Masala Powder,Manoj Kumar 6,Mumbai,Maharashtra,5,"This was a pleasant surprise. Nice for rajma, chole and paneer dishes. Would recommend trying it once.",FALSE,SYNTHETIC SAMPLE — FICTIONAL CUSTOMER NAME/REVIEW FOR DEMO USE
Garam Masala Powder,Vikas Bansal 6,Ranchi,Jharkhand,5,Quite happy with the flavour. The flavour is aromatic rather than excessively hot. Good for home cooking.,FALSE,SYNTHETIC SAMPLE — FICTIONAL CUSTOMER NAME/REVIEW FOR DEMO USE
Garam Masala Powder,Nitin Sood 6,Kochi,Kerala,3,It is decent for everyday use. The blend added a warm aroma to my curry. I may try another product from the range.,FALSE,SYNTHETIC SAMPLE — FICTIONAL CUSTOMER NAME/REVIEW FOR DEMO USE
Garam Masala Powder,Divya Sharma 6,Ludhiana,Punjab,5,Very happy with the purchase. The blend added a warm aroma to my curry. Already thinking of getting another pack.,FALSE,SYNTHETIC SAMPLE — FICTIONAL CUSTOMER NAME/REVIEW FOR DEMO USE
Garam Masala Powder,Joseph Mathew 6,Lucknow,Uttar Pradesh,4,"Liked the flavour and freshness. Nice for rajma, chole and paneer dishes. I will probably try it again.",FALSE,SYNTHETIC SAMPLE — FICTIONAL CUSTOMER NAME/REVIEW FOR DEMO USE
Garam Masala Powder,Tejas Kulkarni 6,Surat,Gujarat,5,"This was a pleasant surprise. Nice for rajma, chole and paneer dishes. Would recommend trying it once.",FALSE,SYNTHETIC SAMPLE — FICTIONAL CUSTOMER NAME/REVIEW FOR DEMO USE
Garam Masala Powder,Rahul Iyer 6,Bhubaneswar,Odisha,5,"Quite happy with the flavour. Nice for rajma, chole and paneer dishes. Good for home cooking.",FALSE,SYNTHETIC SAMPLE — FICTIONAL CUSTOMER NAME/REVIEW FOR DEMO USE
Garam Masala Powder,Lavanya Rao 6,Coimbatore,Tamil Nadu,5,Really liked this one. The blend added a warm aroma to my curry. I would order it again.,FALSE,SYNTHETIC SAMPLE — FICTIONAL CUSTOMER NAME/REVIEW FOR DEMO USE
Garam Masala Powder,Rohit Mehta 6,Amritsar,Punjab,5,Very happy with the purchase. The flavour is aromatic rather than excessively hot. Already thinking of getting another pack.,FALSE,SYNTHETIC SAMPLE — FICTIONAL CUSTOMER NAME/REVIEW FOR DEMO USE
Garam Masala Powder,Reshma Nair 6,Noida,Uttar Pradesh,5,"Good quality overall. Nice for rajma, chole and paneer dishes. It has found a place in my regular kitchen use.",FALSE,SYNTHETIC SAMPLE — FICTIONAL CUSTOMER NAME/REVIEW FOR DEMO USE
Garam Masala Powder,Rajesh Nair 6,Ahmedabad,Gujarat,5,This was a pleasant surprise. The flavour is aromatic rather than excessively hot. Would recommend trying it once.,FALSE,SYNTHETIC SAMPLE — FICTIONAL CUSTOMER NAME/REVIEW FOR DEMO USE
Garam Masala Powder,Amit Sinha 6,Kolkata,West Bengal,4,"Happy with the first pack. Nice for rajma, chole and paneer dishes. Overall a good experience.",FALSE,SYNTHETIC SAMPLE — FICTIONAL CUSTOMER NAME/REVIEW FOR DEMO USE
Garam Masala Powder,Sunita Devi 6,Chennai,Tamil Nadu,5,"Really liked this one. Nice for rajma, chole and paneer dishes. I would order it again.",FALSE,SYNTHETIC SAMPLE — FICTIONAL CUSTOMER NAME/REVIEW FOR DEMO USE
Garam Masala Powder,Abhishek Tiwari 6,Raipur,Chhattisgarh,3,The product is okay overall. The flavour is aromatic rather than excessively hot. It works fine for basic cooking.,FALSE,SYNTHETIC SAMPLE — FICTIONAL CUSTOMER NAME/REVIEW FOR DEMO USE
Garam Masala Powder,Pallavi Deshmukh 6,Gurugram,Haryana,5,Good quality overall. The flavour is aromatic rather than excessively hot. It has found a place in my regular kitchen use.,FALSE,SYNTHETIC SAMPLE — FICTIONAL CUSTOMER NAME/REVIEW FOR DEMO USE
Garam Masala Powder,Bhavna Shah 6,Srinagar,Jammu & Kashmir,5,This was a pleasant surprise. The flavour is aromatic rather than excessively hot. Would recommend trying it once.,FALSE,SYNTHETIC SAMPLE — FICTIONAL CUSTOMER NAME/REVIEW FOR DEMO USE
Garam Masala Powder,Pritam Das 6,Bhopal,Madhya Pradesh,5,Quite happy with the flavour. The blend added a warm aroma to my curry. Good for home cooking.,FALSE,SYNTHETIC SAMPLE — FICTIONAL CUSTOMER NAME/REVIEW FOR DEMO USE
Garam Masala Powder,Aarav Bhatia 6,Hyderabad,Telangana,5,Really liked this one. The blend added a warm aroma to my curry. I would order it again.,FALSE,SYNTHETIC SAMPLE — FICTIONAL CUSTOMER NAME/REVIEW FOR DEMO USE
Garam Masala Powder,Maya George 6,Goa,Goa,4,Nice quality for regular cooking. The flavour is aromatic rather than excessively hot. Works well for daily meals.,FALSE,SYNTHETIC SAMPLE — FICTIONAL CUSTOMER NAME/REVIEW FOR DEMO USE
Garam Masala Powder,Vivek Menon 6,New Delhi,Delhi,5,Good quality overall. The flavour is aromatic rather than excessively hot. It has found a place in my regular kitchen use.,FALSE,SYNTHETIC SAMPLE — FICTIONAL CUSTOMER NAME/REVIEW FOR DEMO USE
Garam Masala Powder,Ritika Malhotra 6,Jammu,Jammu & Kashmir,5,"This was a pleasant surprise. Nice for rajma, chole and paneer dishes. Would recommend trying it once.",FALSE,SYNTHETIC SAMPLE — FICTIONAL CUSTOMER NAME/REVIEW FOR DEMO USE
Garam Masala Powder,Sneha Menon 6,Indore,Madhya Pradesh,5,Quite happy with the flavour. The flavour is aromatic rather than excessively hot. Good for home cooking.,FALSE,SYNTHETIC SAMPLE — FICTIONAL CUSTOMER NAME/REVIEW FOR DEMO USE
Garam Masala Powder,Rajiv Sethi 6,Bengaluru,Karnataka,5,"Really liked this one. Nice for rajma, chole and paneer dishes. I would order it again.",FALSE,SYNTHETIC SAMPLE — FICTIONAL CUSTOMER NAME/REVIEW FOR DEMO USE
Garam Masala Powder,Deepak Thakur 6,Visakhapatnam,Andhra Pradesh,5,Very happy with the purchase. The flavour is aromatic rather than excessively hot. Already thinking of getting another pack.,FALSE,SYNTHETIC SAMPLE — FICTIONAL CUSTOMER NAME/REVIEW FOR DEMO USE
Garam Masala Powder,Shalini Sinha 6,Jodhpur,Rajasthan,3,Good enough for regular cooking. The blend added a warm aroma to my curry. The overall experience was okay.,FALSE,SYNTHETIC SAMPLE — FICTIONAL CUSTOMER NAME/REVIEW FOR DEMO USE
Garam Masala Powder,Sakshi Walia 6,Shimla,Himachal Pradesh,4,"Good product overall. Nice for rajma, chole and paneer dishes. Useful to keep at home.",FALSE,SYNTHETIC SAMPLE — FICTIONAL CUSTOMER NAME/REVIEW FOR DEMO USE
Garam Masala Powder,Amol Joshi 6,Nagpur,Maharashtra,5,Quite happy with the flavour. The flavour is aromatic rather than excessively hot. Good for home cooking.,FALSE,SYNTHETIC SAMPLE — FICTIONAL CUSTOMER NAME/REVIEW FOR DEMO USE
Garam Masala Powder,Neha Verma 6,Guwahati,Assam,5,Really liked this one. The flavour is aromatic rather than excessively hot. I would order it again.,FALSE,SYNTHETIC SAMPLE — FICTIONAL CUSTOMER NAME/REVIEW FOR DEMO USE
Garam Masala Powder,Varun Khanna 6,Vijayawada,Andhra Pradesh,5,Very happy with the purchase. The flavour is aromatic rather than excessively hot. Already thinking of getting another pack.,FALSE,SYNTHETIC SAMPLE — FICTIONAL CUSTOMER NAME/REVIEW FOR DEMO USE
Garam Masala Powder,Kavita Joshi 6,Jaipur,Rajasthan,5,"Good quality overall. Nice for rajma, chole and paneer dishes. It has found a place in my regular kitchen use.",FALSE,SYNTHETIC SAMPLE — FICTIONAL CUSTOMER NAME/REVIEW FOR DEMO USE
Garam Masala Powder,Shweta Mishra 6,Dehradun,Uttarakhand,5,This was a pleasant surprise. The flavour is aromatic rather than excessively hot. Would recommend trying it once.,FALSE,SYNTHETIC SAMPLE — FICTIONAL CUSTOMER NAME/REVIEW FOR DEMO USE
Red Chilli + Coriander,Isha Srivastava 6,Guwahati,Assam,5,"Quite happy with the flavour. These two are used together in many of my recipes, so the combo is convenient. Good for home cooking.",FALSE,SYNTHETIC SAMPLE — FICTIONAL CUSTOMER NAME/REVIEW FOR DEMO USE
Red Chilli + Coriander,Faizan Ahmed 6,Vijayawada,Andhra Pradesh,5,Really liked this one. Good for sabzi and curry bases. I would order it again.,FALSE,SYNTHETIC SAMPLE — FICTIONAL CUSTOMER NAME/REVIEW FOR DEMO USE
Red Chilli + Coriander,Sandeep Das 6,Jaipur,Rajasthan,5,Very happy with the purchase. Good for sabzi and curry bases. Already thinking of getting another pack.,FALSE,SYNTHETIC SAMPLE — FICTIONAL CUSTOMER NAME/REVIEW FOR DEMO USE
Red Chilli + Coriander,Anu Thomas 6,Dehradun,Uttarakhand,5,Good quality overall. The chilli gives heat while coriander keeps the flavour rounded. It has found a place in my regular kitchen use.,FALSE,SYNTHETIC SAMPLE — FICTIONAL CUSTOMER NAME/REVIEW FOR DEMO USE
Red Chilli + Coriander,Yash Desai 6,Pune,Maharashtra,5,"This was a pleasant surprise. These two are used together in many of my recipes, so the combo is convenient. Would recommend trying it once.",FALSE,SYNTHETIC SAMPLE — FICTIONAL CUSTOMER NAME/REVIEW FOR DEMO USE
Red Chilli + Coriander,Snehal Patil 6,Patna,Bihar,5,"Quite happy with the flavour. These two are used together in many of my recipes, so the combo is convenient. Good for home cooking.",FALSE,SYNTHETIC SAMPLE — FICTIONAL CUSTOMER NAME/REVIEW FOR DEMO USE
Red Chilli + Coriander,Vijay Kumar 6,Thiruvananthapuram,Kerala,4,"Pretty good product. These two are used together in many of my recipes, so the combo is convenient. May order it again.",FALSE,SYNTHETIC SAMPLE — FICTIONAL CUSTOMER NAME/REVIEW FOR DEMO USE
Red Chilli + Coriander,Riya Shah 6,Chandigarh,Chandigarh,5,Very happy with the purchase. Good for sabzi and curry bases. Already thinking of getting another pack.,FALSE,SYNTHETIC SAMPLE — FICTIONAL CUSTOMER NAME/REVIEW FOR DEMO USE
Red Chilli + Coriander,Sourav Dutta 6,Varanasi,Uttar Pradesh,5,"Good quality overall. These two are used together in many of my recipes, so the combo is convenient. It has found a place in my regular kitchen use.",FALSE,SYNTHETIC SAMPLE — FICTIONAL CUSTOMER NAME/REVIEW FOR DEMO USE
Red Chilli + Coriander,Nikhil Agarwal 6,Mumbai,Maharashtra,5,This was a pleasant surprise. The chilli gives heat while coriander keeps the flavour rounded. Would recommend trying it once.,FALSE,SYNTHETIC SAMPLE — FICTIONAL CUSTOMER NAME/REVIEW FOR DEMO USE
Red Chilli + Coriander,Moumita Sen 6,Ranchi,Jharkhand,3,"Not bad for the price. These two are used together in many of my recipes, so the combo is convenient. It does the job.",FALSE,SYNTHETIC SAMPLE — FICTIONAL CUSTOMER NAME/REVIEW FOR DEMO USE
Red Chilli + Coriander,Anjali Arora 6,Kochi,Kerala,5,"Really liked this one. These two are used together in many of my recipes, so the combo is convenient. I would order it again.",FALSE,SYNTHETIC SAMPLE — FICTIONAL CUSTOMER NAME/REVIEW FOR DEMO USE
Red Chilli + Coriander,Sameer Khan 6,Ludhiana,Punjab,5,Very happy with the purchase. The chilli gives heat while coriander keeps the flavour rounded. Already thinking of getting another pack.,FALSE,SYNTHETIC SAMPLE — FICTIONAL CUSTOMER NAME/REVIEW FOR DEMO USE
Red Chilli + Coriander,Manpreet Kaur 6,Lucknow,Uttar Pradesh,4,Liked the flavour and freshness. Good for sabzi and curry bases. I will probably try it again.,FALSE,SYNTHETIC SAMPLE — FICTIONAL CUSTOMER NAME/REVIEW FOR DEMO USE
Red Chilli + Coriander,Monika Chauhan 6,Surat,Gujarat,5,This was a pleasant surprise. The chilli gives heat while coriander keeps the flavour rounded. Would recommend trying it once.,FALSE,SYNTHETIC SAMPLE — FICTIONAL CUSTOMER NAME/REVIEW FOR DEMO USE
Red Chilli + Coriander,Ayesha Khan 6,Bhubaneswar,Odisha,5,"Quite happy with the flavour. These two are used together in many of my recipes, so the combo is convenient. Good for home cooking.",FALSE,SYNTHETIC SAMPLE — FICTIONAL CUSTOMER NAME/REVIEW FOR DEMO USE
Red Chilli + Coriander,Aditya Singh 6,Coimbatore,Tamil Nadu,5,"Really liked this one. These two are used together in many of my recipes, so the combo is convenient. I would order it again.",FALSE,SYNTHETIC SAMPLE — FICTIONAL CUSTOMER NAME/REVIEW FOR DEMO USE
Red Chilli + Coriander,Priya Nair 6,Amritsar,Punjab,5,Very happy with the purchase. The chilli gives heat while coriander keeps the flavour rounded. Already thinking of getting another pack.,FALSE,SYNTHETIC SAMPLE — FICTIONAL CUSTOMER NAME/REVIEW FOR DEMO USE
Red Chilli + Coriander,Rupali Ghosh 6,Noida,Uttar Pradesh,5,Good quality overall. The chilli gives heat while coriander keeps the flavour rounded. It has found a place in my regular kitchen use.,FALSE,SYNTHETIC SAMPLE — FICTIONAL CUSTOMER NAME/REVIEW FOR DEMO USE
Red Chilli + Coriander,Mohit Rawat 6,Ahmedabad,Gujarat,5,This was a pleasant surprise. Good for sabzi and curry bases. Would recommend trying it once.,FALSE,SYNTHETIC SAMPLE — FICTIONAL CUSTOMER NAME/REVIEW FOR DEMO USE
Red Chilli + Coriander,Aman Sharma 6,Kolkata,West Bengal,4,Happy with the first pack. Good for sabzi and curry bases. Overall a good experience.,FALSE,SYNTHETIC SAMPLE — FICTIONAL CUSTOMER NAME/REVIEW FOR DEMO USE
Red Chilli + Coriander,Harpreet Singh 6,Chennai,Tamil Nadu,3,"It is decent for everyday use. These two are used together in many of my recipes, so the combo is convenient. I may try another product from the range.",FALSE,SYNTHETIC SAMPLE — FICTIONAL CUSTOMER NAME/REVIEW FOR DEMO USE
Red Chilli + Coriander,Prakash Yadav 6,Raipur,Chhattisgarh,5,"Very happy with the purchase. These two are used together in many of my recipes, so the combo is convenient. Already thinking of getting another pack.",FALSE,SYNTHETIC SAMPLE — FICTIONAL CUSTOMER NAME/REVIEW FOR DEMO USE
Red Chilli + Coriander,Keerthi Reddy 6,Gurugram,Haryana,5,"Good quality overall. These two are used together in many of my recipes, so the combo is convenient. It has found a place in my regular kitchen use.",FALSE,SYNTHETIC SAMPLE — FICTIONAL CUSTOMER NAME/REVIEW FOR DEMO USE
Red Chilli + Coriander,Aishwarya Iyer 6,Srinagar,Jammu & Kashmir,5,This was a pleasant surprise. The chilli gives heat while coriander keeps the flavour rounded. Would recommend trying it once.,FALSE,SYNTHETIC SAMPLE — FICTIONAL CUSTOMER NAME/REVIEW FOR DEMO USE
Red Chilli + Coriander,Akshay Jadhav 6,Bhopal,Madhya Pradesh,5,Quite happy with the flavour. Good for sabzi and curry bases. Good for home cooking.,FALSE,SYNTHETIC SAMPLE — FICTIONAL CUSTOMER NAME/REVIEW FOR DEMO USE
Red Chilli + Coriander,Karan Patel 7,Hyderabad,Telangana,5,Really liked this one. The chilli gives heat while coriander keeps the flavour rounded. I would order it again.,FALSE,SYNTHETIC SAMPLE — FICTIONAL CUSTOMER NAME/REVIEW FOR DEMO USE
Red Chilli + Coriander,Rohan Basu 7,Goa,Goa,4,"Nice quality for regular cooking. These two are used together in many of my recipes, so the combo is convenient. Works well for daily meals.",FALSE,SYNTHETIC SAMPLE — FICTIONAL CUSTOMER NAME/REVIEW FOR DEMO USE
Red Chilli + Coriander,Gurpreet Singh 7,New Delhi,Delhi,5,Good quality overall. Good for sabzi and curry bases. It has found a place in my regular kitchen use.,FALSE,SYNTHETIC SAMPLE — FICTIONAL CUSTOMER NAME/REVIEW FOR DEMO USE
Red Chilli + Coriander,Ankit Negi 7,Jammu,Jammu & Kashmir,5,This was a pleasant surprise. The chilli gives heat while coriander keeps the flavour rounded. Would recommend trying it once.,FALSE,SYNTHETIC SAMPLE — FICTIONAL CUSTOMER NAME/REVIEW FOR DEMO USE
Red Chilli + Coriander,Simran Kaur 7,Indore,Madhya Pradesh,5,Quite happy with the flavour. Good for sabzi and curry bases. Good for home cooking.,FALSE,SYNTHETIC SAMPLE — FICTIONAL CUSTOMER NAME/REVIEW FOR DEMO USE
Red Chilli + Coriander,Pooja Gupta 7,Bengaluru,Karnataka,5,Really liked this one. Good for sabzi and curry bases. I would order it again.,FALSE,SYNTHETIC SAMPLE — FICTIONAL CUSTOMER NAME/REVIEW FOR DEMO USE
Red Chilli + Coriander,Rakesh Kumar 7,Visakhapatnam,Andhra Pradesh,3,The product is okay overall. The chilli gives heat while coriander keeps the flavour rounded. It works fine for basic cooking.,FALSE,SYNTHETIC SAMPLE — FICTIONAL CUSTOMER NAME/REVIEW FOR DEMO USE
Red Chilli + Coriander,Renu Kumari 7,Jodhpur,Rajasthan,5,Good quality overall. The chilli gives heat while coriander keeps the flavour rounded. It has found a place in my regular kitchen use.,FALSE,SYNTHETIC SAMPLE — FICTIONAL CUSTOMER NAME/REVIEW FOR DEMO USE
Red Chilli + Coriander,Nandini Rao 7,Shimla,Himachal Pradesh,4,Good product overall. The chilli gives heat while coriander keeps the flavour rounded. Useful to keep at home.,FALSE,SYNTHETIC SAMPLE — FICTIONAL CUSTOMER NAME/REVIEW FOR DEMO USE
Red Chilli + Coriander,Ananya Ghosh 7,Nagpur,Maharashtra,5,"Quite happy with the flavour. These two are used together in many of my recipes, so the combo is convenient. Good for home cooking.",FALSE,SYNTHETIC SAMPLE — FICTIONAL CUSTOMER NAME/REVIEW FOR DEMO USE
Red Chilli + Coriander,Sonia Kapoor 7,Guwahati,Assam,5,Really liked this one. The chilli gives heat while coriander keeps the flavour rounded. I would order it again.,FALSE,SYNTHETIC SAMPLE — FICTIONAL CUSTOMER NAME/REVIEW FOR DEMO USE
Red Chilli + Coriander,Megha Yadav 7,Vijayawada,Andhra Pradesh,5,Very happy with the purchase. The chilli gives heat while coriander keeps the flavour rounded. Already thinking of getting another pack.,FALSE,SYNTHETIC SAMPLE — FICTIONAL CUSTOMER NAME/REVIEW FOR DEMO USE
Red Chilli + Coriander,Srinivas Rao 7,Jaipur,Rajasthan,5,Good quality overall. The chilli gives heat while coriander keeps the flavour rounded. It has found a place in my regular kitchen use.,FALSE,SYNTHETIC SAMPLE — FICTIONAL CUSTOMER NAME/REVIEW FOR DEMO USE
Red Chilli + Coriander,Komal Agarwal 7,Dehradun,Uttarakhand,5,This was a pleasant surprise. Good for sabzi and curry bases. Would recommend trying it once.,FALSE,SYNTHETIC SAMPLE — FICTIONAL CUSTOMER NAME/REVIEW FOR DEMO USE
Red Chilli + Coriander,Pradeep Reddy 7,Pune,Maharashtra,5,Quite happy with the flavour. Good for sabzi and curry bases. Good for home cooking.,FALSE,SYNTHETIC SAMPLE — FICTIONAL CUSTOMER NAME/REVIEW FOR DEMO USE
Red Chilli + Coriander,Imran Sheikh 7,Patna,Bihar,4,Pretty good product. Good for sabzi and curry bases. May order it again.,FALSE,SYNTHETIC SAMPLE — FICTIONAL CUSTOMER NAME/REVIEW FOR DEMO USE
Red Chilli + Coriander,Sana Khan 7,Thiruvananthapuram,Kerala,5,Very happy with the purchase. The chilli gives heat while coriander keeps the flavour rounded. Already thinking of getting another pack.,FALSE,SYNTHETIC SAMPLE — FICTIONAL CUSTOMER NAME/REVIEW FOR DEMO USE
Red Chilli + Coriander,Saurabh Jain 7,Chandigarh,Chandigarh,3,"Good enough for regular cooking. These two are used together in many of my recipes, so the combo is convenient. The overall experience was okay.",FALSE,SYNTHETIC SAMPLE — FICTIONAL CUSTOMER NAME/REVIEW FOR DEMO USE
Red Chilli + Coriander,Manish Verma 7,Varanasi,Uttar Pradesh,5,This was a pleasant surprise. Good for sabzi and curry bases. Would recommend trying it once.,FALSE,SYNTHETIC SAMPLE — FICTIONAL CUSTOMER NAME/REVIEW FOR DEMO USE
Red Chilli + Coriander,Debashis Roy 7,Mumbai,Maharashtra,5,"Quite happy with the flavour. These two are used together in many of my recipes, so the combo is convenient. Good for home cooking.",FALSE,SYNTHETIC SAMPLE — FICTIONAL CUSTOMER NAME/REVIEW FOR DEMO USE
Red Chilli + Coriander,Arif Ansari 7,Ranchi,Jharkhand,5,Really liked this one. Good for sabzi and curry bases. I would order it again.,FALSE,SYNTHETIC SAMPLE — FICTIONAL CUSTOMER NAME/REVIEW FOR DEMO USE
Red Chilli + Coriander,Madhuri Patil 7,Kochi,Kerala,5,Very happy with the purchase. The chilli gives heat while coriander keeps the flavour rounded. Already thinking of getting another pack.,FALSE,SYNTHETIC SAMPLE — FICTIONAL CUSTOMER NAME/REVIEW FOR DEMO USE
Red Chilli + Coriander,Arjun Kapoor 7,Ludhiana,Punjab,4,Liked the flavour and freshness. Good for sabzi and curry bases. I will probably try it again.,FALSE,SYNTHETIC SAMPLE — FICTIONAL CUSTOMER NAME/REVIEW FOR DEMO USE
Red Chilli + Coriander,Manoj Kumar 7,Lucknow,Uttar Pradesh,5,This was a pleasant surprise. The chilli gives heat while coriander keeps the flavour rounded. Would recommend trying it once.,FALSE,SYNTHETIC SAMPLE — FICTIONAL CUSTOMER NAME/REVIEW FOR DEMO USE
Red Chilli + Coriander,Vikas Bansal 7,Surat,Gujarat,5,Quite happy with the flavour. Good for sabzi and curry bases. Good for home cooking.,FALSE,SYNTHETIC SAMPLE — FICTIONAL CUSTOMER NAME/REVIEW FOR DEMO USE
Red Chilli + Coriander,Nitin Sood 7,Bhubaneswar,Odisha,5,Really liked this one. Good for sabzi and curry bases. I would order it again.,FALSE,SYNTHETIC SAMPLE — FICTIONAL CUSTOMER NAME/REVIEW FOR DEMO USE
Red Chilli + Coriander,Divya Sharma 7,Coimbatore,Tamil Nadu,5,"Very happy with the purchase. These two are used together in many of my recipes, so the combo is convenient. Already thinking of getting another pack.",FALSE,SYNTHETIC SAMPLE — FICTIONAL CUSTOMER NAME/REVIEW FOR DEMO USE
Red Chilli + Coriander,Joseph Mathew 7,Amritsar,Punjab,5,Good quality overall. Good for sabzi and curry bases. It has found a place in my regular kitchen use.,FALSE,SYNTHETIC SAMPLE — FICTIONAL CUSTOMER NAME/REVIEW FOR DEMO USE
Red Chilli + Coriander,Tejas Kulkarni 7,Noida,Uttar Pradesh,3,"Quite average, but usable. The chilli gives heat while coriander keeps the flavour rounded. Nothing major to complain about.",FALSE,SYNTHETIC SAMPLE — FICTIONAL CUSTOMER NAME/REVIEW FOR DEMO USE
Red Chilli + Coriander,Rahul Iyer 7,Ahmedabad,Gujarat,4,Happy with the first pack. Good for sabzi and curry bases. Overall a good experience.,FALSE,SYNTHETIC SAMPLE — FICTIONAL CUSTOMER NAME/REVIEW FOR DEMO USE
Red Chilli + Coriander,Lavanya Rao 7,Kolkata,West Bengal,5,"Really liked this one. These two are used together in many of my recipes, so the combo is convenient. I would order it again.",FALSE,SYNTHETIC SAMPLE — FICTIONAL CUSTOMER NAME/REVIEW FOR DEMO USE
Red Chilli + Coriander,Rohit Mehta 7,Chennai,Tamil Nadu,5,Very happy with the purchase. Good for sabzi and curry bases. Already thinking of getting another pack.,FALSE,SYNTHETIC SAMPLE — FICTIONAL CUSTOMER NAME/REVIEW FOR DEMO USE
Red Chilli + Coriander,Reshma Nair 7,Raipur,Chhattisgarh,5,Good quality overall. The chilli gives heat while coriander keeps the flavour rounded. It has found a place in my regular kitchen use.,FALSE,SYNTHETIC SAMPLE — FICTIONAL CUSTOMER NAME/REVIEW FOR DEMO USE
Red Chilli + Coriander,Rajesh Nair 7,Gurugram,Haryana,5,This was a pleasant surprise. The chilli gives heat while coriander keeps the flavour rounded. Would recommend trying it once.,FALSE,SYNTHETIC SAMPLE — FICTIONAL CUSTOMER NAME/REVIEW FOR DEMO USE
Red Chilli Powder,Amit Sinha 7,Chennai,Tamil Nadu,5,Quite happy with the flavour. The colour and heat worked well for everyday cooking. Good for home cooking.,FALSE,SYNTHETIC SAMPLE — FICTIONAL CUSTOMER NAME/REVIEW FOR DEMO USE
Red Chilli Powder,Sunita Devi 7,Raipur,Chhattisgarh,5,Really liked this one. I used it in tadka and marinades and liked the flavour. I would order it again.,FALSE,SYNTHETIC SAMPLE — FICTIONAL CUSTOMER NAME/REVIEW FOR DEMO USE
Red Chilli Powder,Abhishek Tiwari 7,Gurugram,Haryana,5,Very happy with the purchase. The colour and heat worked well for everyday cooking. Already thinking of getting another pack.,FALSE,SYNTHETIC SAMPLE — FICTIONAL CUSTOMER NAME/REVIEW FOR DEMO USE
Red Chilli Powder,Pallavi Deshmukh 7,Srinagar,Jammu & Kashmir,5,Good quality overall. Good balance of colour and spice for regular dishes. It has found a place in my regular kitchen use.,FALSE,SYNTHETIC SAMPLE — FICTIONAL CUSTOMER NAME/REVIEW FOR DEMO USE
Red Chilli Powder,Bhavna Shah 7,Bhopal,Madhya Pradesh,5,This was a pleasant surprise. The colour and heat worked well for everyday cooking. Would recommend trying it once.,FALSE,SYNTHETIC SAMPLE — FICTIONAL CUSTOMER NAME/REVIEW FOR DEMO USE
Red Chilli Powder,Pritam Das 7,Hyderabad,Telangana,5,Quite happy with the flavour. Good balance of colour and spice for regular dishes. Good for home cooking.,FALSE,SYNTHETIC SAMPLE — FICTIONAL CUSTOMER NAME/REVIEW FOR DEMO USE
Red Chilli Powder,Aarav Bhatia 7,Goa,Goa,4,Pretty good product. I used it in tadka and marinades and liked the flavour. May order it again.,FALSE,SYNTHETIC SAMPLE — FICTIONAL CUSTOMER NAME/REVIEW FOR DEMO USE
Red Chilli Powder,Maya George 7,New Delhi,Delhi,5,Very happy with the purchase. I used it in tadka and marinades and liked the flavour. Already thinking of getting another pack.,FALSE,SYNTHETIC SAMPLE — FICTIONAL CUSTOMER NAME/REVIEW FOR DEMO USE
Red Chilli Powder,Vivek Menon 7,Jammu,Jammu & Kashmir,5,Good quality overall. The colour and heat worked well for everyday cooking. It has found a place in my regular kitchen use.,FALSE,SYNTHETIC SAMPLE — FICTIONAL CUSTOMER NAME/REVIEW FOR DEMO USE
Red Chilli Powder,Ritika Malhotra 7,Indore,Madhya Pradesh,5,This was a pleasant surprise. I used it in tadka and marinades and liked the flavour. Would recommend trying it once.,FALSE,SYNTHETIC SAMPLE — FICTIONAL CUSTOMER NAME/REVIEW FOR DEMO USE
Red Chilli Powder,Sneha Menon 7,Bengaluru,Karnataka,3,Not bad for the price. I used it in tadka and marinades and liked the flavour. It does the job.,FALSE,SYNTHETIC SAMPLE — FICTIONAL CUSTOMER NAME/REVIEW FOR DEMO USE
Red Chilli Powder,Rajiv Sethi 7,Visakhapatnam,Andhra Pradesh,5,Really liked this one. Good balance of colour and spice for regular dishes. I would order it again.,FALSE,SYNTHETIC SAMPLE — FICTIONAL CUSTOMER NAME/REVIEW FOR DEMO USE
Red Chilli Powder,Deepak Thakur 7,Jodhpur,Rajasthan,5,Very happy with the purchase. The colour and heat worked well for everyday cooking. Already thinking of getting another pack.,FALSE,SYNTHETIC SAMPLE — FICTIONAL CUSTOMER NAME/REVIEW FOR DEMO USE
Red Chilli Powder,Shalini Sinha 7,Shimla,Himachal Pradesh,4,Liked the flavour and freshness. Good balance of colour and spice for regular dishes. I will probably try it again.,FALSE,SYNTHETIC SAMPLE — FICTIONAL CUSTOMER NAME/REVIEW FOR DEMO USE
Red Chilli Powder,Sakshi Walia 7,Nagpur,Maharashtra,5,This was a pleasant surprise. Good balance of colour and spice for regular dishes. Would recommend trying it once.,FALSE,SYNTHETIC SAMPLE — FICTIONAL CUSTOMER NAME/REVIEW FOR DEMO USE
Red Chilli Powder,Amol Joshi 7,Guwahati,Assam,5,Quite happy with the flavour. Good balance of colour and spice for regular dishes. Good for home cooking.,FALSE,SYNTHETIC SAMPLE — FICTIONAL CUSTOMER NAME/REVIEW FOR DEMO USE
Red Chilli Powder,Neha Verma 7,Vijayawada,Andhra Pradesh,5,Really liked this one. I used it in tadka and marinades and liked the flavour. I would order it again.,FALSE,SYNTHETIC SAMPLE — FICTIONAL CUSTOMER NAME/REVIEW FOR DEMO USE
Red Chilli Powder,Varun Khanna 7,Jaipur,Rajasthan,5,Very happy with the purchase. The colour and heat worked well for everyday cooking. Already thinking of getting another pack.,FALSE,SYNTHETIC SAMPLE — FICTIONAL CUSTOMER NAME/REVIEW FOR DEMO USE
Red Chilli Powder,Kavita Joshi 7,Dehradun,Uttarakhand,5,Good quality overall. I used it in tadka and marinades and liked the flavour. It has found a place in my regular kitchen use.,FALSE,SYNTHETIC SAMPLE — FICTIONAL CUSTOMER NAME/REVIEW FOR DEMO USE
Red Chilli Powder,Shweta Mishra 7,Pune,Maharashtra,5,This was a pleasant surprise. Good balance of colour and spice for regular dishes. Would recommend trying it once.,FALSE,SYNTHETIC SAMPLE — FICTIONAL CUSTOMER NAME/REVIEW FOR DEMO USE
Red Chilli Powder,Isha Srivastava 7,Patna,Bihar,4,Happy with the first pack. The colour and heat worked well for everyday cooking. Overall a good experience.,FALSE,SYNTHETIC SAMPLE — FICTIONAL CUSTOMER NAME/REVIEW FOR DEMO USE
Red Chilli Powder,Faizan Ahmed 7,Thiruvananthapuram,Kerala,3,It is decent for everyday use. I used it in tadka and marinades and liked the flavour. I may try another product from the range.,FALSE,SYNTHETIC SAMPLE — FICTIONAL CUSTOMER NAME/REVIEW FOR DEMO USE
Red Chilli Powder,Sandeep Das 7,Chandigarh,Chandigarh,5,Very happy with the purchase. The colour and heat worked well for everyday cooking. Already thinking of getting another pack.,FALSE,SYNTHETIC SAMPLE — FICTIONAL CUSTOMER NAME/REVIEW FOR DEMO USE
Red Chilli Powder,Anu Thomas 7,Varanasi,Uttar Pradesh,5,Good quality overall. The colour and heat worked well for everyday cooking. It has found a place in my regular kitchen use.,FALSE,SYNTHETIC SAMPLE — FICTIONAL CUSTOMER NAME/REVIEW FOR DEMO USE
Red Chilli Powder,Yash Desai 7,Mumbai,Maharashtra,5,This was a pleasant surprise. The colour and heat worked well for everyday cooking. Would recommend trying it once.,FALSE,SYNTHETIC SAMPLE — FICTIONAL CUSTOMER NAME/REVIEW FOR DEMO USE
Red Chilli Powder,Snehal Patil 7,Ranchi,Jharkhand,5,Quite happy with the flavour. The colour and heat worked well for everyday cooking. Good for home cooking.,FALSE,SYNTHETIC SAMPLE — FICTIONAL CUSTOMER NAME/REVIEW FOR DEMO USE
Red Chilli Powder,Vijay Kumar 7,Kochi,Kerala,5,Really liked this one. Good balance of colour and spice for regular dishes. I would order it again.,FALSE,SYNTHETIC SAMPLE — FICTIONAL CUSTOMER NAME/REVIEW FOR DEMO USE
Red Chilli Powder,Riya Shah 7,Ludhiana,Punjab,4,Nice quality for regular cooking. I used it in tadka and marinades and liked the flavour. Works well for daily meals.,FALSE,SYNTHETIC SAMPLE — FICTIONAL CUSTOMER NAME/REVIEW FOR DEMO USE
Red Chilli Powder,Sourav Dutta 7,Lucknow,Uttar Pradesh,5,Good quality overall. Good balance of colour and spice for regular dishes. It has found a place in my regular kitchen use.,FALSE,SYNTHETIC SAMPLE — FICTIONAL CUSTOMER NAME/REVIEW FOR DEMO USE
Red Chilli Powder,Nikhil Agarwal 7,Surat,Gujarat,5,This was a pleasant surprise. Good balance of colour and spice for regular dishes. Would recommend trying it once.,FALSE,SYNTHETIC SAMPLE — FICTIONAL CUSTOMER NAME/REVIEW FOR DEMO USE
Red Chilli Powder,Moumita Sen 7,Bhubaneswar,Odisha,5,Quite happy with the flavour. The colour and heat worked well for everyday cooking. Good for home cooking.,FALSE,SYNTHETIC SAMPLE — FICTIONAL CUSTOMER NAME/REVIEW FOR DEMO USE
Red Chilli Powder,Anjali Arora 7,Coimbatore,Tamil Nadu,5,Really liked this one. Good balance of colour and spice for regular dishes. I would order it again.,FALSE,SYNTHETIC SAMPLE — FICTIONAL CUSTOMER NAME/REVIEW FOR DEMO USE
Red Chilli Powder,Sameer Khan 7,Amritsar,Punjab,3,The product is okay overall. Good balance of colour and spice for regular dishes. It works fine for basic cooking.,FALSE,SYNTHETIC SAMPLE — FICTIONAL CUSTOMER NAME/REVIEW FOR DEMO USE
Red Chilli Powder,Manpreet Kaur 7,Noida,Uttar Pradesh,5,Good quality overall. The colour and heat worked well for everyday cooking. It has found a place in my regular kitchen use.,FALSE,SYNTHETIC SAMPLE — FICTIONAL CUSTOMER NAME/REVIEW FOR DEMO USE
Red Chilli Powder,Monika Chauhan 7,Ahmedabad,Gujarat,4,Good product overall. Good balance of colour and spice for regular dishes. Useful to keep at home.,FALSE,SYNTHETIC SAMPLE — FICTIONAL CUSTOMER NAME/REVIEW FOR DEMO USE
Red Chilli Powder,Ayesha Khan 7,Kolkata,West Bengal,5,Quite happy with the flavour. Good balance of colour and spice for regular dishes. Good for home cooking.,FALSE,SYNTHETIC SAMPLE — FICTIONAL CUSTOMER NAME/REVIEW FOR DEMO USE
Red Chilli Powder,Aditya Singh 7,Chennai,Tamil Nadu,5,Really liked this one. The colour and heat worked well for everyday cooking. I would order it again.,FALSE,SYNTHETIC SAMPLE — FICTIONAL CUSTOMER NAME/REVIEW FOR DEMO USE
Red Chilli Powder,Priya Nair 7,Raipur,Chhattisgarh,5,Very happy with the purchase. Good balance of colour and spice for regular dishes. Already thinking of getting another pack.,FALSE,SYNTHETIC SAMPLE — FICTIONAL CUSTOMER NAME/REVIEW FOR DEMO USE
Red Chilli Powder,Rupali Ghosh 7,Gurugram,Haryana,5,Good quality overall. The colour and heat worked well for everyday cooking. It has found a place in my regular kitchen use.,FALSE,SYNTHETIC SAMPLE — FICTIONAL CUSTOMER NAME/REVIEW FOR DEMO USE
Red Chilli Powder,Mohit Rawat 7,Srinagar,Jammu & Kashmir,5,This was a pleasant surprise. Good balance of colour and spice for regular dishes. Would recommend trying it once.,FALSE,SYNTHETIC SAMPLE — FICTIONAL CUSTOMER NAME/REVIEW FOR DEMO USE
Red Chilli Powder,Aman Sharma 7,Bhopal,Madhya Pradesh,5,Quite happy with the flavour. The colour and heat worked well for everyday cooking. Good for home cooking.,FALSE,SYNTHETIC SAMPLE — FICTIONAL CUSTOMER NAME/REVIEW FOR DEMO USE
Red Chilli Powder,Harpreet Singh 7,Hyderabad,Telangana,4,Pretty good product. I used it in tadka and marinades and liked the flavour. May order it again.,FALSE,SYNTHETIC SAMPLE — FICTIONAL CUSTOMER NAME/REVIEW FOR DEMO USE
Red Chilli Powder,Prakash Yadav 7,Goa,Goa,5,Very happy with the purchase. I used it in tadka and marinades and liked the flavour. Already thinking of getting another pack.,FALSE,SYNTHETIC SAMPLE — FICTIONAL CUSTOMER NAME/REVIEW FOR DEMO USE
Red Chilli Powder,Keerthi Reddy 7,New Delhi,Delhi,3,Good enough for regular cooking. The colour and heat worked well for everyday cooking. The overall experience was okay.,FALSE,SYNTHETIC SAMPLE — FICTIONAL CUSTOMER NAME/REVIEW FOR DEMO USE
Red Chilli Powder,Aishwarya Iyer 7,Jammu,Jammu & Kashmir,5,This was a pleasant surprise. The colour and heat worked well for everyday cooking. Would recommend trying it once.,FALSE,SYNTHETIC SAMPLE — FICTIONAL CUSTOMER NAME/REVIEW FOR DEMO USE
Red Chilli Powder,Akshay Jadhav 7,Indore,Madhya Pradesh,5,Quite happy with the flavour. The colour and heat worked well for everyday cooking. Good for home cooking.,FALSE,SYNTHETIC SAMPLE — FICTIONAL CUSTOMER NAME/REVIEW FOR DEMO USE
Red Chilli Powder,Karan Patel 8,Bengaluru,Karnataka,5,Really liked this one. Good balance of colour and spice for regular dishes. I would order it again.,FALSE,SYNTHETIC SAMPLE — FICTIONAL CUSTOMER NAME/REVIEW FOR DEMO USE
Red Chilli Powder,Rohan Basu 8,Visakhapatnam,Andhra Pradesh,5,Very happy with the purchase. Good balance of colour and spice for regular dishes. Already thinking of getting another pack.,FALSE,SYNTHETIC SAMPLE — FICTIONAL CUSTOMER NAME/REVIEW FOR DEMO USE
Red Chilli Powder,Gurpreet Singh 8,Jodhpur,Rajasthan,4,Liked the flavour and freshness. The colour and heat worked well for everyday cooking. I will probably try it again.,FALSE,SYNTHETIC SAMPLE — FICTIONAL CUSTOMER NAME/REVIEW FOR DEMO USE
Red Chilli Powder,Ankit Negi 8,Shimla,Himachal Pradesh,5,This was a pleasant surprise. Good balance of colour and spice for regular dishes. Would recommend trying it once.,FALSE,SYNTHETIC SAMPLE — FICTIONAL CUSTOMER NAME/REVIEW FOR DEMO USE
Red Chilli Powder,Simran Kaur 8,Nagpur,Maharashtra,5,Quite happy with the flavour. The colour and heat worked well for everyday cooking. Good for home cooking.,FALSE,SYNTHETIC SAMPLE — FICTIONAL CUSTOMER NAME/REVIEW FOR DEMO USE
Red Chilli Powder,Pooja Gupta 8,Guwahati,Assam,5,Really liked this one. The colour and heat worked well for everyday cooking. I would order it again.,FALSE,SYNTHETIC SAMPLE — FICTIONAL CUSTOMER NAME/REVIEW FOR DEMO USE
Red Chilli Powder,Rakesh Kumar 8,Vijayawada,Andhra Pradesh,5,Very happy with the purchase. The colour and heat worked well for everyday cooking. Already thinking of getting another pack.,FALSE,SYNTHETIC SAMPLE — FICTIONAL CUSTOMER NAME/REVIEW FOR DEMO USE
Red Chilli Powder,Renu Kumari 8,Jaipur,Rajasthan,5,Good quality overall. Good balance of colour and spice for regular dishes. It has found a place in my regular kitchen use.,FALSE,SYNTHETIC SAMPLE — FICTIONAL CUSTOMER NAME/REVIEW FOR DEMO USE
Red Chilli Powder,Nandini Rao 8,Dehradun,Uttarakhand,3,"Quite average, but usable. The colour and heat worked well for everyday cooking. Nothing major to complain about.",FALSE,SYNTHETIC SAMPLE — FICTIONAL CUSTOMER NAME/REVIEW FOR DEMO USE
Red Chilli Powder,Ananya Ghosh 8,Pune,Maharashtra,4,Happy with the first pack. Good balance of colour and spice for regular dishes. Overall a good experience.,FALSE,SYNTHETIC SAMPLE — FICTIONAL CUSTOMER NAME/REVIEW FOR DEMO USE
Red Chilli Powder,Sonia Kapoor 8,Patna,Bihar,5,Really liked this one. The colour and heat worked well for everyday cooking. I would order it again.,FALSE,SYNTHETIC SAMPLE — FICTIONAL CUSTOMER NAME/REVIEW FOR DEMO USE
Red Chilli Powder,Megha Yadav 8,Thiruvananthapuram,Kerala,5,Very happy with the purchase. I used it in tadka and marinades and liked the flavour. Already thinking of getting another pack.,FALSE,SYNTHETIC SAMPLE — FICTIONAL CUSTOMER NAME/REVIEW FOR DEMO USE
Red Chilli Powder,Srinivas Rao 8,Chandigarh,Chandigarh,5,Good quality overall. Good balance of colour and spice for regular dishes. It has found a place in my regular kitchen use.,FALSE,SYNTHETIC SAMPLE — FICTIONAL CUSTOMER NAME/REVIEW FOR DEMO USE
Red Chilli Powder,Komal Agarwal 8,Varanasi,Uttar Pradesh,5,This was a pleasant surprise. I used it in tadka and marinades and liked the flavour. Would recommend trying it once.,FALSE,SYNTHETIC SAMPLE — FICTIONAL CUSTOMER NAME/REVIEW FOR DEMO USE
Red Chilli Powder,Pradeep Reddy 8,Mumbai,Maharashtra,5,Quite happy with the flavour. I used it in tadka and marinades and liked the flavour. Good for home cooking.,FALSE,SYNTHETIC SAMPLE — FICTIONAL CUSTOMER NAME/REVIEW FOR DEMO USE
Red Chilli Powder,Imran Sheikh 8,Ranchi,Jharkhand,5,Really liked this one. Good balance of colour and spice for regular dishes. I would order it again.,FALSE,SYNTHETIC SAMPLE — FICTIONAL CUSTOMER NAME/REVIEW FOR DEMO USE
Red Chilli Powder,Sana Khan 8,Kochi,Kerala,4,Nice quality for regular cooking. I used it in tadka and marinades and liked the flavour. Works well for daily meals.,FALSE,SYNTHETIC SAMPLE — FICTIONAL CUSTOMER NAME/REVIEW FOR DEMO USE
Red Chilli Powder,Saurabh Jain 8,Ludhiana,Punjab,5,Good quality overall. The colour and heat worked well for everyday cooking. It has found a place in my regular kitchen use.,FALSE,SYNTHETIC SAMPLE — FICTIONAL CUSTOMER NAME/REVIEW FOR DEMO USE
Turmeric + Coriander,Manish Verma 8,Thiruvananthapuram,Kerala,5,This was a pleasant surprise. A useful everyday combination for dal and vegetable dishes. Would recommend trying it once.,FALSE,SYNTHETIC SAMPLE — FICTIONAL CUSTOMER NAME/REVIEW FOR DEMO USE
Turmeric + Coriander,Debashis Roy 8,Chandigarh,Chandigarh,5,Quite happy with the flavour. A useful everyday combination for dal and vegetable dishes. Good for home cooking.,FALSE,SYNTHETIC SAMPLE — FICTIONAL CUSTOMER NAME/REVIEW FOR DEMO USE
Turmeric + Coriander,Arif Ansari 8,Varanasi,Uttar Pradesh,5,Really liked this one. Both powders blended easily into the curry base. I would order it again.,FALSE,SYNTHETIC SAMPLE — FICTIONAL CUSTOMER NAME/REVIEW FOR DEMO USE
Turmeric + Coriander,Madhuri Patil 8,Mumbai,Maharashtra,5,Very happy with the purchase. Convenient combo for regular North Indian cooking. Already thinking of getting another pack.,FALSE,SYNTHETIC SAMPLE — FICTIONAL CUSTOMER NAME/REVIEW FOR DEMO USE
Turmeric + Coriander,Arjun Kapoor 8,Ranchi,Jharkhand,5,Good quality overall. Convenient combo for regular North Indian cooking. It has found a place in my regular kitchen use.,FALSE,SYNTHETIC SAMPLE — FICTIONAL CUSTOMER NAME/REVIEW FOR DEMO USE
Turmeric + Coriander,Manoj Kumar 8,Kochi,Kerala,5,This was a pleasant surprise. A useful everyday combination for dal and vegetable dishes. Would recommend trying it once.,FALSE,SYNTHETIC SAMPLE — FICTIONAL CUSTOMER NAME/REVIEW FOR DEMO USE
Turmeric + Coriander,Vikas Bansal 8,Ludhiana,Punjab,4,Happy with the first pack. A useful everyday combination for dal and vegetable dishes. Overall a good experience.,FALSE,SYNTHETIC SAMPLE — FICTIONAL CUSTOMER NAME/REVIEW FOR DEMO USE
Turmeric + Coriander,Nitin Sood 8,Lucknow,Uttar Pradesh,5,Really liked this one. Convenient combo for regular North Indian cooking. I would order it again.,FALSE,SYNTHETIC SAMPLE — FICTIONAL CUSTOMER NAME/REVIEW FOR DEMO USE
Turmeric + Coriander,Divya Sharma 8,Surat,Gujarat,5,Very happy with the purchase. Convenient combo for regular North Indian cooking. Already thinking of getting another pack.,FALSE,SYNTHETIC SAMPLE — FICTIONAL CUSTOMER NAME/REVIEW FOR DEMO USE
Turmeric + Coriander,Joseph Mathew 8,Bhubaneswar,Odisha,5,Good quality overall. Convenient combo for regular North Indian cooking. It has found a place in my regular kitchen use.,FALSE,SYNTHETIC SAMPLE — FICTIONAL CUSTOMER NAME/REVIEW FOR DEMO USE
Turmeric + Coriander,Tejas Kulkarni 8,Coimbatore,Tamil Nadu,3,"Quite average, but usable. Both powders blended easily into the curry base. Nothing major to complain about.",FALSE,SYNTHETIC SAMPLE — FICTIONAL CUSTOMER NAME/REVIEW FOR DEMO USE
Turmeric + Coriander,Rahul Iyer 8,Amritsar,Punjab,5,Quite happy with the flavour. A useful everyday combination for dal and vegetable dishes. Good for home cooking.,FALSE,SYNTHETIC SAMPLE — FICTIONAL CUSTOMER NAME/REVIEW FOR DEMO USE
Turmeric + Coriander,Lavanya Rao 8,Noida,Uttar Pradesh,5,Really liked this one. Both powders blended easily into the curry base. I would order it again.,FALSE,SYNTHETIC SAMPLE — FICTIONAL CUSTOMER NAME/REVIEW FOR DEMO USE
Turmeric + Coriander,Rohit Mehta 8,Ahmedabad,Gujarat,4,Nice quality for regular cooking. Convenient combo for regular North Indian cooking. Works well for daily meals.,FALSE,SYNTHETIC SAMPLE — FICTIONAL CUSTOMER NAME/REVIEW FOR DEMO USE
Turmeric + Coriander,Reshma Nair 8,Kolkata,West Bengal,5,Good quality overall. Both powders blended easily into the curry base. It has found a place in my regular kitchen use.,FALSE,SYNTHETIC SAMPLE — FICTIONAL CUSTOMER NAME/REVIEW FOR DEMO USE
Turmeric + Coriander,Rajesh Nair 8,Chennai,Tamil Nadu,5,This was a pleasant surprise. A useful everyday combination for dal and vegetable dishes. Would recommend trying it once.,FALSE,SYNTHETIC SAMPLE — FICTIONAL CUSTOMER NAME/REVIEW FOR DEMO USE
Turmeric + Coriander,Amit Sinha 8,Raipur,Chhattisgarh,5,Quite happy with the flavour. A useful everyday combination for dal and vegetable dishes. Good for home cooking.,FALSE,SYNTHETIC SAMPLE — FICTIONAL CUSTOMER NAME/REVIEW FOR DEMO USE
Turmeric + Coriander,Sunita Devi 8,Gurugram,Haryana,5,Really liked this one. Convenient combo for regular North Indian cooking. I would order it again.,FALSE,SYNTHETIC SAMPLE — FICTIONAL CUSTOMER NAME/REVIEW FOR DEMO USE
Turmeric + Coriander,Abhishek Tiwari 8,Srinagar,Jammu & Kashmir,5,Very happy with the purchase. Convenient combo for regular North Indian cooking. Already thinking of getting another pack.,FALSE,SYNTHETIC SAMPLE — FICTIONAL CUSTOMER NAME/REVIEW FOR DEMO USE
Turmeric + Coriander,Pallavi Deshmukh 8,Bhopal,Madhya Pradesh,5,Good quality overall. Convenient combo for regular North Indian cooking. It has found a place in my regular kitchen use.,FALSE,SYNTHETIC SAMPLE — FICTIONAL CUSTOMER NAME/REVIEW FOR DEMO USE
Turmeric + Coriander,Bhavna Shah 8,Hyderabad,Telangana,4,Good product overall. A useful everyday combination for dal and vegetable dishes. Useful to keep at home.,FALSE,SYNTHETIC SAMPLE — FICTIONAL CUSTOMER NAME/REVIEW FOR DEMO USE
Turmeric + Coriander,Pritam Das 8,Goa,Goa,3,Not bad for the price. A useful everyday combination for dal and vegetable dishes. It does the job.,FALSE,SYNTHETIC SAMPLE — FICTIONAL CUSTOMER NAME/REVIEW FOR DEMO USE
Turmeric + Coriander,Aarav Bhatia 8,New Delhi,Delhi,5,Really liked this one. A useful everyday combination for dal and vegetable dishes. I would order it again.,FALSE,SYNTHETIC SAMPLE — FICTIONAL CUSTOMER NAME/REVIEW FOR DEMO USE
Turmeric + Coriander,Maya George 8,Jammu,Jammu & Kashmir,5,Very happy with the purchase. A useful everyday combination for dal and vegetable dishes. Already thinking of getting another pack.,FALSE,SYNTHETIC SAMPLE — FICTIONAL CUSTOMER NAME/REVIEW FOR DEMO USE
Turmeric + Coriander,Vivek Menon 8,Indore,Madhya Pradesh,5,Good quality overall. Convenient combo for regular North Indian cooking. It has found a place in my regular kitchen use.,FALSE,SYNTHETIC SAMPLE — FICTIONAL CUSTOMER NAME/REVIEW FOR DEMO USE
Turmeric + Coriander,Ritika Malhotra 8,Bengaluru,Karnataka,5,This was a pleasant surprise. A useful everyday combination for dal and vegetable dishes. Would recommend trying it once.,FALSE,SYNTHETIC SAMPLE — FICTIONAL CUSTOMER NAME/REVIEW FOR DEMO USE
Turmeric + Coriander,Sneha Menon 8,Visakhapatnam,Andhra Pradesh,5,Quite happy with the flavour. Convenient combo for regular North Indian cooking. Good for home cooking.,FALSE,SYNTHETIC SAMPLE — FICTIONAL CUSTOMER NAME/REVIEW FOR DEMO USE
Turmeric + Coriander,Rajiv Sethi 8,Jodhpur,Rajasthan,4,Pretty good product. Convenient combo for regular North Indian cooking. May order it again.,FALSE,SYNTHETIC SAMPLE — FICTIONAL CUSTOMER NAME/REVIEW FOR DEMO USE
Turmeric + Coriander,Deepak Thakur 8,Shimla,Himachal Pradesh,5,Very happy with the purchase. Convenient combo for regular North Indian cooking. Already thinking of getting another pack.,FALSE,SYNTHETIC SAMPLE — FICTIONAL CUSTOMER NAME/REVIEW FOR DEMO USE
Turmeric + Coriander,Shalini Sinha 8,Nagpur,Maharashtra,5,Good quality overall. Both powders blended easily into the curry base. It has found a place in my regular kitchen use.,FALSE,SYNTHETIC SAMPLE — FICTIONAL CUSTOMER NAME/REVIEW FOR DEMO USE
Turmeric + Coriander,Sakshi Walia 8,Guwahati,Assam,5,This was a pleasant surprise. Convenient combo for regular North Indian cooking. Would recommend trying it once.,FALSE,SYNTHETIC SAMPLE — FICTIONAL CUSTOMER NAME/REVIEW FOR DEMO USE
Turmeric + Coriander,Amol Joshi 8,Vijayawada,Andhra Pradesh,5,Quite happy with the flavour. Both powders blended easily into the curry base. Good for home cooking.,FALSE,SYNTHETIC SAMPLE — FICTIONAL CUSTOMER NAME/REVIEW FOR DEMO USE
Turmeric + Coriander,Neha Verma 8,Jaipur,Rajasthan,3,It is decent for everyday use. A useful everyday combination for dal and vegetable dishes. I may try another product from the range.,FALSE,SYNTHETIC SAMPLE — FICTIONAL CUSTOMER NAME/REVIEW FOR DEMO USE
Turmeric + Coriander,Varun Khanna 8,Dehradun,Uttarakhand,5,Very happy with the purchase. A useful everyday combination for dal and vegetable dishes. Already thinking of getting another pack.,FALSE,SYNTHETIC SAMPLE — FICTIONAL CUSTOMER NAME/REVIEW FOR DEMO USE
Turmeric + Coriander,Kavita Joshi 8,Pune,Maharashtra,4,Liked the flavour and freshness. Convenient combo for regular North Indian cooking. I will probably try it again.,FALSE,SYNTHETIC SAMPLE — FICTIONAL CUSTOMER NAME/REVIEW FOR DEMO USE
Turmeric + Coriander,Shweta Mishra 8,Patna,Bihar,5,This was a pleasant surprise. A useful everyday combination for dal and vegetable dishes. Would recommend trying it once.,FALSE,SYNTHETIC SAMPLE — FICTIONAL CUSTOMER NAME/REVIEW FOR DEMO USE
Turmeric + Coriander,Isha Srivastava 8,Thiruvananthapuram,Kerala,5,Quite happy with the flavour. Both powders blended easily into the curry base. Good for home cooking.,FALSE,SYNTHETIC SAMPLE — FICTIONAL CUSTOMER NAME/REVIEW FOR DEMO USE
Turmeric + Coriander,Faizan Ahmed 8,Chandigarh,Chandigarh,5,Really liked this one. A useful everyday combination for dal and vegetable dishes. I would order it again.,FALSE,SYNTHETIC SAMPLE — FICTIONAL CUSTOMER NAME/REVIEW FOR DEMO USE
Turmeric + Coriander,Sandeep Das 8,Varanasi,Uttar Pradesh,5,Very happy with the purchase. A useful everyday combination for dal and vegetable dishes. Already thinking of getting another pack.,FALSE,SYNTHETIC SAMPLE — FICTIONAL CUSTOMER NAME/REVIEW FOR DEMO USE
Turmeric + Coriander,Anu Thomas 8,Mumbai,Maharashtra,5,Good quality overall. A useful everyday combination for dal and vegetable dishes. It has found a place in my regular kitchen use.,FALSE,SYNTHETIC SAMPLE — FICTIONAL CUSTOMER NAME/REVIEW FOR DEMO USE
Turmeric + Coriander,Yash Desai 8,Ranchi,Jharkhand,5,This was a pleasant surprise. A useful everyday combination for dal and vegetable dishes. Would recommend trying it once.,FALSE,SYNTHETIC SAMPLE — FICTIONAL CUSTOMER NAME/REVIEW FOR DEMO USE
Turmeric + Coriander,Snehal Patil 8,Kochi,Kerala,4,Happy with the first pack. Both powders blended easily into the curry base. Overall a good experience.,FALSE,SYNTHETIC SAMPLE — FICTIONAL CUSTOMER NAME/REVIEW FOR DEMO USE
Turmeric + Coriander,Vijay Kumar 8,Ludhiana,Punjab,5,Really liked this one. Both powders blended easily into the curry base. I would order it again.,FALSE,SYNTHETIC SAMPLE — FICTIONAL CUSTOMER NAME/REVIEW FOR DEMO USE
Turmeric + Coriander,Riya Shah 8,Lucknow,Uttar Pradesh,3,The product is okay overall. Both powders blended easily into the curry base. It works fine for basic cooking.,FALSE,SYNTHETIC SAMPLE — FICTIONAL CUSTOMER NAME/REVIEW FOR DEMO USE
Turmeric + Coriander,Sourav Dutta 8,Surat,Gujarat,5,Good quality overall. Both powders blended easily into the curry base. It has found a place in my regular kitchen use.,FALSE,SYNTHETIC SAMPLE — FICTIONAL CUSTOMER NAME/REVIEW FOR DEMO USE
Turmeric + Coriander,Nikhil Agarwal 8,Bhubaneswar,Odisha,5,This was a pleasant surprise. Convenient combo for regular North Indian cooking. Would recommend trying it once.,FALSE,SYNTHETIC SAMPLE — FICTIONAL CUSTOMER NAME/REVIEW FOR DEMO USE
Turmeric + Coriander,Moumita Sen 8,Coimbatore,Tamil Nadu,5,Quite happy with the flavour. Convenient combo for regular North Indian cooking. Good for home cooking.,FALSE,SYNTHETIC SAMPLE — FICTIONAL CUSTOMER NAME/REVIEW FOR DEMO USE
Turmeric + Coriander,Anjali Arora 8,Amritsar,Punjab,5,Really liked this one. A useful everyday combination for dal and vegetable dishes. I would order it again.,FALSE,SYNTHETIC SAMPLE — FICTIONAL CUSTOMER NAME/REVIEW FOR DEMO USE
Turmeric + Coriander,Sameer Khan 8,Noida,Uttar Pradesh,4,Nice quality for regular cooking. Convenient combo for regular North Indian cooking. Works well for daily meals.,FALSE,SYNTHETIC SAMPLE — FICTIONAL CUSTOMER NAME/REVIEW FOR DEMO USE
Turmeric + Coriander,Manpreet Kaur 8,Ahmedabad,Gujarat,5,Good quality overall. Both powders blended easily into the curry base. It has found a place in my regular kitchen use.,FALSE,SYNTHETIC SAMPLE — FICTIONAL CUSTOMER NAME/REVIEW FOR DEMO USE
Turmeric + Coriander,Monika Chauhan 8,Kolkata,West Bengal,5,This was a pleasant surprise. Both powders blended easily into the curry base. Would recommend trying it once.,FALSE,SYNTHETIC SAMPLE — FICTIONAL CUSTOMER NAME/REVIEW FOR DEMO USE
Turmeric + Coriander,Ayesha Khan 8,Chennai,Tamil Nadu,5,Quite happy with the flavour. A useful everyday combination for dal and vegetable dishes. Good for home cooking.,FALSE,SYNTHETIC SAMPLE — FICTIONAL CUSTOMER NAME/REVIEW FOR DEMO USE
Turmeric + Coriander,Aditya Singh 8,Raipur,Chhattisgarh,5,Really liked this one. A useful everyday combination for dal and vegetable dishes. I would order it again.,FALSE,SYNTHETIC SAMPLE — FICTIONAL CUSTOMER NAME/REVIEW FOR DEMO USE
Turmeric + Coriander,Priya Nair 8,Gurugram,Haryana,5,Very happy with the purchase. Both powders blended easily into the curry base. Already thinking of getting another pack.,FALSE,SYNTHETIC SAMPLE — FICTIONAL CUSTOMER NAME/REVIEW FOR DEMO USE
Turmeric + Coriander,Rupali Ghosh 8,Srinagar,Jammu & Kashmir,3,Good enough for regular cooking. A useful everyday combination for dal and vegetable dishes. The overall experience was okay.,FALSE,SYNTHETIC SAMPLE — FICTIONAL CUSTOMER NAME/REVIEW FOR DEMO USE
Turmeric + Coriander,Mohit Rawat 8,Bhopal,Madhya Pradesh,4,Good product overall. Both powders blended easily into the curry base. Useful to keep at home.,FALSE,SYNTHETIC SAMPLE — FICTIONAL CUSTOMER NAME/REVIEW FOR DEMO USE
Turmeric + Coriander,Aman Sharma 8,Hyderabad,Telangana,5,Quite happy with the flavour. Both powders blended easily into the curry base. Good for home cooking.,FALSE,SYNTHETIC SAMPLE — FICTIONAL CUSTOMER NAME/REVIEW FOR DEMO USE
Turmeric + Coriander,Harpreet Singh 8,Goa,Goa,5,Really liked this one. Both powders blended easily into the curry base. I would order it again.,FALSE,SYNTHETIC SAMPLE — FICTIONAL CUSTOMER NAME/REVIEW FOR DEMO USE
Turmeric + Coriander,Prakash Yadav 8,New Delhi,Delhi,5,Very happy with the purchase. Convenient combo for regular North Indian cooking. Already thinking of getting another pack.,FALSE,SYNTHETIC SAMPLE — FICTIONAL CUSTOMER NAME/REVIEW FOR DEMO USE
Turmeric + Coriander,Keerthi Reddy 8,Jammu,Jammu & Kashmir,5,Good quality overall. Both powders blended easily into the curry base. It has found a place in my regular kitchen use.,FALSE,SYNTHETIC SAMPLE — FICTIONAL CUSTOMER NAME/REVIEW FOR DEMO USE
Turmeric + Coriander,Aishwarya Iyer 8,Indore,Madhya Pradesh,5,This was a pleasant surprise. Both powders blended easily into the curry base. Would recommend trying it once.,FALSE,SYNTHETIC SAMPLE — FICTIONAL CUSTOMER NAME/REVIEW FOR DEMO USE
Turmeric + Coriander,Akshay Jadhav 8,Bengaluru,Karnataka,5,Quite happy with the flavour. A useful everyday combination for dal and vegetable dishes. Good for home cooking.,FALSE,SYNTHETIC SAMPLE — FICTIONAL CUSTOMER NAME/REVIEW FOR DEMO USE
Turmeric + Coriander,Karan Patel 9,Visakhapatnam,Andhra Pradesh,4,Pretty good product. Both powders blended easily into the curry base. May order it again.,FALSE,SYNTHETIC SAMPLE — FICTIONAL CUSTOMER NAME/REVIEW FOR DEMO USE
Turmeric + Coriander,Rohan Basu 9,Jodhpur,Rajasthan,5,Very happy with the purchase. Both powders blended easily into the curry base. Already thinking of getting another pack.,FALSE,SYNTHETIC SAMPLE — FICTIONAL CUSTOMER NAME/REVIEW FOR DEMO USE
Turmeric + Coriander,Gurpreet Singh 9,Shimla,Himachal Pradesh,5,Good quality overall. A useful everyday combination for dal and vegetable dishes. It has found a place in my regular kitchen use.,FALSE,SYNTHETIC SAMPLE — FICTIONAL CUSTOMER NAME/REVIEW FOR DEMO USE
Turmeric + Coriander,Ankit Negi 9,Nagpur,Maharashtra,3,"Quite average, but usable. Convenient combo for regular North Indian cooking. Nothing major to complain about.",FALSE,SYNTHETIC SAMPLE — FICTIONAL CUSTOMER NAME/REVIEW FOR DEMO USE
Turmeric + Coriander,Simran Kaur 9,Guwahati,Assam,5,Quite happy with the flavour. Convenient combo for regular North Indian cooking. Good for home cooking.,FALSE,SYNTHETIC SAMPLE — FICTIONAL CUSTOMER NAME/REVIEW FOR DEMO USE
Turmeric + Coriander,Pooja Gupta 9,Vijayawada,Andhra Pradesh,5,Really liked this one. A useful everyday combination for dal and vegetable dishes. I would order it again.,FALSE,SYNTHETIC SAMPLE — FICTIONAL CUSTOMER NAME/REVIEW FOR DEMO USE
Turmeric + Coriander,Rakesh Kumar 9,Jaipur,Rajasthan,5,Very happy with the purchase. Convenient combo for regular North Indian cooking. Already thinking of getting another pack.,FALSE,SYNTHETIC SAMPLE — FICTIONAL CUSTOMER NAME/REVIEW FOR DEMO USE
Turmeric + Coriander,Renu Kumari 9,Dehradun,Uttarakhand,4,Liked the flavour and freshness. Both powders blended easily into the curry base. I will probably try it again.,FALSE,SYNTHETIC SAMPLE — FICTIONAL CUSTOMER NAME/REVIEW FOR DEMO USE
Turmeric + Coriander,Nandini Rao 9,Pune,Maharashtra,5,This was a pleasant surprise. Convenient combo for regular North Indian cooking. Would recommend trying it once.,FALSE,SYNTHETIC SAMPLE — FICTIONAL CUSTOMER NAME/REVIEW FOR DEMO USE
Turmeric + Coriander,Ananya Ghosh 9,Patna,Bihar,5,Quite happy with the flavour. A useful everyday combination for dal and vegetable dishes. Good for home cooking.,FALSE,SYNTHETIC SAMPLE — FICTIONAL CUSTOMER NAME/REVIEW FOR DEMO USE
Turmeric + Coriander,Sonia Kapoor 9,Thiruvananthapuram,Kerala,5,Really liked this one. Both powders blended easily into the curry base. I would order it again.,FALSE,SYNTHETIC SAMPLE — FICTIONAL CUSTOMER NAME/REVIEW FOR DEMO USE
Turmeric + Coriander,Megha Yadav 9,Chandigarh,Chandigarh,5,Very happy with the purchase. Convenient combo for regular North Indian cooking. Already thinking of getting another pack.,FALSE,SYNTHETIC SAMPLE — FICTIONAL CUSTOMER NAME/REVIEW FOR DEMO USE
Turmeric + Coriander,Srinivas Rao 9,Varanasi,Uttar Pradesh,5,Good quality overall. Both powders blended easily into the curry base. It has found a place in my regular kitchen use.,FALSE,SYNTHETIC SAMPLE — FICTIONAL CUSTOMER NAME/REVIEW FOR DEMO USE
Turmeric + Coriander,Komal Agarwal 9,Mumbai,Maharashtra,5,This was a pleasant surprise. A useful everyday combination for dal and vegetable dishes. Would recommend trying it once.,FALSE,SYNTHETIC SAMPLE — FICTIONAL CUSTOMER NAME/REVIEW FOR DEMO USE
Turmeric + Coriander,Pradeep Reddy 9,Ranchi,Jharkhand,3,Not bad for the price. Convenient combo for regular North Indian cooking. It does the job.,FALSE,SYNTHETIC SAMPLE — FICTIONAL CUSTOMER NAME/REVIEW FOR DEMO USE
Turmeric + Coriander,Imran Sheikh 9,Kochi,Kerala,5,Really liked this one. Both powders blended easily into the curry base. I would order it again.,FALSE,SYNTHETIC SAMPLE — FICTIONAL CUSTOMER NAME/REVIEW FOR DEMO USE
Turmeric + Coriander,Sana Khan 9,Ludhiana,Punjab,5,Very happy with the purchase. Both powders blended easily into the curry base. Already thinking of getting another pack.,FALSE,SYNTHETIC SAMPLE — FICTIONAL CUSTOMER NAME/REVIEW FOR DEMO USE
Turmeric + Coriander,Saurabh Jain 9,Lucknow,Uttar Pradesh,5,Good quality overall. A useful everyday combination for dal and vegetable dishes. It has found a place in my regular kitchen use.,FALSE,SYNTHETIC SAMPLE — FICTIONAL CUSTOMER NAME/REVIEW FOR DEMO USE
Turmeric + Coriander,Manish Verma 9,Surat,Gujarat,5,This was a pleasant surprise. A useful everyday combination for dal and vegetable dishes. Would recommend trying it once.,FALSE,SYNTHETIC SAMPLE — FICTIONAL CUSTOMER NAME/REVIEW FOR DEMO USE
Turmeric + Coriander,Debashis Roy 9,Bhubaneswar,Odisha,5,Quite happy with the flavour. Both powders blended easily into the curry base. Good for home cooking.,FALSE,SYNTHETIC SAMPLE — FICTIONAL CUSTOMER NAME/REVIEW FOR DEMO USE
Turmeric + Coriander,Arif Ansari 9,Coimbatore,Tamil Nadu,5,Really liked this one. Both powders blended easily into the curry base. I would order it again.,FALSE,SYNTHETIC SAMPLE — FICTIONAL CUSTOMER NAME/REVIEW FOR DEMO USE
Turmeric + Coriander,Madhuri Patil 9,Amritsar,Punjab,4,Nice quality for regular cooking. Convenient combo for regular North Indian cooking. Works well for daily meals.,FALSE,SYNTHETIC SAMPLE — FICTIONAL CUSTOMER NAME/REVIEW FOR DEMO USE
Turmeric + Coriander,Arjun Kapoor 9,Noida,Uttar Pradesh,5,Good quality overall. Both powders blended easily into the curry base. It has found a place in my regular kitchen use.,FALSE,SYNTHETIC SAMPLE — FICTIONAL CUSTOMER NAME/REVIEW FOR DEMO USE
Turmeric + Coriander,Manoj Kumar 9,Ahmedabad,Gujarat,5,This was a pleasant surprise. A useful everyday combination for dal and vegetable dishes. Would recommend trying it once.,FALSE,SYNTHETIC SAMPLE — FICTIONAL CUSTOMER NAME/REVIEW FOR DEMO USE
Turmeric + Coriander,Vikas Bansal 9,Kolkata,West Bengal,5,Quite happy with the flavour. A useful everyday combination for dal and vegetable dishes. Good for home cooking.,FALSE,SYNTHETIC SAMPLE — FICTIONAL CUSTOMER NAME/REVIEW FOR DEMO USE
Turmeric + Coriander,Nitin Sood 9,Chennai,Tamil Nadu,3,It is decent for everyday use. Both powders blended easily into the curry base. I may try another product from the range.,FALSE,SYNTHETIC SAMPLE — FICTIONAL CUSTOMER NAME/REVIEW FOR DEMO USE
Turmeric + Coriander,Divya Sharma 9,Raipur,Chhattisgarh,5,Very happy with the purchase. A useful everyday combination for dal and vegetable dishes. Already thinking of getting another pack.,FALSE,SYNTHETIC SAMPLE — FICTIONAL CUSTOMER NAME/REVIEW FOR DEMO USE
Turmeric + Coriander,Joseph Mathew 9,Gurugram,Haryana,5,Good quality overall. Both powders blended easily into the curry base. It has found a place in my regular kitchen use.,FALSE,SYNTHETIC SAMPLE — FICTIONAL CUSTOMER NAME/REVIEW FOR DEMO USE
Turmeric + Coriander,Tejas Kulkarni 9,Srinagar,Jammu & Kashmir,4,Good product overall. Both powders blended easily into the curry base. Useful to keep at home.,FALSE,SYNTHETIC SAMPLE — FICTIONAL CUSTOMER NAME/REVIEW FOR DEMO USE
Turmeric + Coriander,Rahul Iyer 9,Bhopal,Madhya Pradesh,5,Quite happy with the flavour. A useful everyday combination for dal and vegetable dishes. Good for home cooking.,FALSE,SYNTHETIC SAMPLE — FICTIONAL CUSTOMER NAME/REVIEW FOR DEMO USE
Turmeric + Coriander,Lavanya Rao 9,Hyderabad,Telangana,5,Really liked this one. Convenient combo for regular North Indian cooking. I would order it again.,FALSE,SYNTHETIC SAMPLE — FICTIONAL CUSTOMER NAME/REVIEW FOR DEMO USE
Turmeric + Coriander,Rohit Mehta 9,Goa,Goa,5,Very happy with the purchase. Convenient combo for regular North Indian cooking. Already thinking of getting another pack.,FALSE,SYNTHETIC SAMPLE — FICTIONAL CUSTOMER NAME/REVIEW FOR DEMO USE
Turmeric + Red Chilli,Reshma Nair 9,Goa,Goa,5,Good quality overall. Handy combination for everyday sabzi and curry. It has found a place in my regular kitchen use.,FALSE,SYNTHETIC SAMPLE — FICTIONAL CUSTOMER NAME/REVIEW FOR DEMO USE
Turmeric + Red Chilli,Rajesh Nair 9,New Delhi,Delhi,5,This was a pleasant surprise. Handy combination for everyday sabzi and curry. Would recommend trying it once.,FALSE,SYNTHETIC SAMPLE — FICTIONAL CUSTOMER NAME/REVIEW FOR DEMO USE
Turmeric + Red Chilli,Amit Sinha 9,Jammu,Jammu & Kashmir,5,Quite happy with the flavour. The chilli adds colour and heat while turmeric gives the familiar earthy note. Good for home cooking.,FALSE,SYNTHETIC SAMPLE — FICTIONAL CUSTOMER NAME/REVIEW FOR DEMO USE
Turmeric + Red Chilli,Sunita Devi 9,Indore,Madhya Pradesh,5,Really liked this one. Handy combination for everyday sabzi and curry. I would order it again.,FALSE,SYNTHETIC SAMPLE — FICTIONAL CUSTOMER NAME/REVIEW FOR DEMO USE
Turmeric + Red Chilli,Abhishek Tiwari 9,Bengaluru,Karnataka,5,Very happy with the purchase. The chilli adds colour and heat while turmeric gives the familiar earthy note. Already thinking of getting another pack.,FALSE,SYNTHETIC SAMPLE — FICTIONAL CUSTOMER NAME/REVIEW FOR DEMO USE
Turmeric + Red Chilli,Pallavi Deshmukh 9,Visakhapatnam,Andhra Pradesh,5,Good quality overall. Useful pair to keep in the kitchen. It has found a place in my regular kitchen use.,FALSE,SYNTHETIC SAMPLE — FICTIONAL CUSTOMER NAME/REVIEW FOR DEMO USE
Turmeric + Red Chilli,Bhavna Shah 9,Jodhpur,Rajasthan,4,Good product overall. Useful pair to keep in the kitchen. Useful to keep at home.,FALSE,SYNTHETIC SAMPLE — FICTIONAL CUSTOMER NAME/REVIEW FOR DEMO USE
Turmeric + Red Chilli,Pritam Das 9,Shimla,Himachal Pradesh,5,Quite happy with the flavour. Useful pair to keep in the kitchen. Good for home cooking.,FALSE,SYNTHETIC SAMPLE — FICTIONAL CUSTOMER NAME/REVIEW FOR DEMO USE
Turmeric + Red Chilli,Aarav Bhatia 9,Nagpur,Maharashtra,5,Really liked this one. The chilli adds colour and heat while turmeric gives the familiar earthy note. I would order it again.,FALSE,SYNTHETIC SAMPLE — FICTIONAL CUSTOMER NAME/REVIEW FOR DEMO USE
Turmeric + Red Chilli,Maya George 9,Guwahati,Assam,5,Very happy with the purchase. Useful pair to keep in the kitchen. Already thinking of getting another pack.,FALSE,SYNTHETIC SAMPLE — FICTIONAL CUSTOMER NAME/REVIEW FOR DEMO USE
Turmeric + Red Chilli,Vivek Menon 9,Vijayawada,Andhra Pradesh,3,Good enough for regular cooking. Handy combination for everyday sabzi and curry. The overall experience was okay.,FALSE,SYNTHETIC SAMPLE — FICTIONAL CUSTOMER NAME/REVIEW FOR DEMO USE
Turmeric + Red Chilli,Ritika Malhotra 9,Jaipur,Rajasthan,5,This was a pleasant surprise. Handy combination for everyday sabzi and curry. Would recommend trying it once.,FALSE,SYNTHETIC SAMPLE — FICTIONAL CUSTOMER NAME/REVIEW FOR DEMO USE
Turmeric + Red Chilli,Sneha Menon 9,Dehradun,Uttarakhand,5,Quite happy with the flavour. Handy combination for everyday sabzi and curry. Good for home cooking.,FALSE,SYNTHETIC SAMPLE — FICTIONAL CUSTOMER NAME/REVIEW FOR DEMO USE
Turmeric + Red Chilli,Rajiv Sethi 9,Pune,Maharashtra,4,Pretty good product. The chilli adds colour and heat while turmeric gives the familiar earthy note. May order it again.,FALSE,SYNTHETIC SAMPLE — FICTIONAL CUSTOMER NAME/REVIEW FOR DEMO USE
Turmeric + Red Chilli,Deepak Thakur 9,Patna,Bihar,5,Very happy with the purchase. Useful pair to keep in the kitchen. Already thinking of getting another pack.,FALSE,SYNTHETIC SAMPLE — FICTIONAL CUSTOMER NAME/REVIEW FOR DEMO USE
Turmeric + Red Chilli,Shalini Sinha 9,Thiruvananthapuram,Kerala,5,Good quality overall. Handy combination for everyday sabzi and curry. It has found a place in my regular kitchen use.,FALSE,SYNTHETIC SAMPLE — FICTIONAL CUSTOMER NAME/REVIEW FOR DEMO USE
Turmeric + Red Chilli,Sakshi Walia 9,Chandigarh,Chandigarh,5,This was a pleasant surprise. Useful pair to keep in the kitchen. Would recommend trying it once.,FALSE,SYNTHETIC SAMPLE — FICTIONAL CUSTOMER NAME/REVIEW FOR DEMO USE
Turmeric + Red Chilli,Amol Joshi 9,Varanasi,Uttar Pradesh,5,Quite happy with the flavour. Useful pair to keep in the kitchen. Good for home cooking.,FALSE,SYNTHETIC SAMPLE — FICTIONAL CUSTOMER NAME/REVIEW FOR DEMO USE
Turmeric + Red Chilli,Neha Verma 9,Mumbai,Maharashtra,5,Really liked this one. The chilli adds colour and heat while turmeric gives the familiar earthy note. I would order it again.,FALSE,SYNTHETIC SAMPLE — FICTIONAL CUSTOMER NAME/REVIEW FOR DEMO USE
Turmeric + Red Chilli,Varun Khanna 9,Ranchi,Jharkhand,5,Very happy with the purchase. The chilli adds colour and heat while turmeric gives the familiar earthy note. Already thinking of getting another pack.,FALSE,SYNTHETIC SAMPLE — FICTIONAL CUSTOMER NAME/REVIEW FOR DEMO USE
Turmeric + Red Chilli,Kavita Joshi 9,Kochi,Kerala,4,Liked the flavour and freshness. The chilli adds colour and heat while turmeric gives the familiar earthy note. I will probably try it again.,FALSE,SYNTHETIC SAMPLE — FICTIONAL CUSTOMER NAME/REVIEW FOR DEMO USE
Turmeric + Red Chilli,Shweta Mishra 9,Ludhiana,Punjab,3,"Quite average, but usable. The chilli adds colour and heat while turmeric gives the familiar earthy note. Nothing major to complain about.",FALSE,SYNTHETIC SAMPLE — FICTIONAL CUSTOMER NAME/REVIEW FOR DEMO USE
Turmeric + Red Chilli,Isha Srivastava 9,Lucknow,Uttar Pradesh,5,Quite happy with the flavour. Useful pair to keep in the kitchen. Good for home cooking.,FALSE,SYNTHETIC SAMPLE — FICTIONAL CUSTOMER NAME/REVIEW FOR DEMO USE
Turmeric + Red Chilli,Faizan Ahmed 9,Surat,Gujarat,5,Really liked this one. Useful pair to keep in the kitchen. I would order it again.,FALSE,SYNTHETIC SAMPLE — FICTIONAL CUSTOMER NAME/REVIEW FOR DEMO USE
Turmeric + Red Chilli,Sandeep Das 9,Bhubaneswar,Odisha,5,Very happy with the purchase. The chilli adds colour and heat while turmeric gives the familiar earthy note. Already thinking of getting another pack.,FALSE,SYNTHETIC SAMPLE — FICTIONAL CUSTOMER NAME/REVIEW FOR DEMO USE
Turmeric + Red Chilli,Anu Thomas 9,Coimbatore,Tamil Nadu,5,Good quality overall. The chilli adds colour and heat while turmeric gives the familiar earthy note. It has found a place in my regular kitchen use.,FALSE,SYNTHETIC SAMPLE — FICTIONAL CUSTOMER NAME/REVIEW FOR DEMO USE
Turmeric + Red Chilli,Yash Desai 9,Amritsar,Punjab,5,This was a pleasant surprise. Handy combination for everyday sabzi and curry. Would recommend trying it once.,FALSE,SYNTHETIC SAMPLE — FICTIONAL CUSTOMER NAME/REVIEW FOR DEMO USE
Turmeric + Red Chilli,Snehal Patil 9,Noida,Uttar Pradesh,4,Happy with the first pack. Useful pair to keep in the kitchen. Overall a good experience.,FALSE,SYNTHETIC SAMPLE — FICTIONAL CUSTOMER NAME/REVIEW FOR DEMO USE
Turmeric + Red Chilli,Vijay Kumar 9,Ahmedabad,Gujarat,5,Really liked this one. Useful pair to keep in the kitchen. I would order it again.,FALSE,SYNTHETIC SAMPLE — FICTIONAL CUSTOMER NAME/REVIEW FOR DEMO USE
Turmeric + Red Chilli,Riya Shah 9,Kolkata,West Bengal,5,Very happy with the purchase. Useful pair to keep in the kitchen. Already thinking of getting another pack.,FALSE,SYNTHETIC SAMPLE — FICTIONAL CUSTOMER NAME/REVIEW FOR DEMO USE
Turmeric + Red Chilli,Sourav Dutta 9,Chennai,Tamil Nadu,5,Good quality overall. Handy combination for everyday sabzi and curry. It has found a place in my regular kitchen use.,FALSE,SYNTHETIC SAMPLE — FICTIONAL CUSTOMER NAME/REVIEW FOR DEMO USE
Turmeric + Red Chilli,Nikhil Agarwal 9,Raipur,Chhattisgarh,5,This was a pleasant surprise. Useful pair to keep in the kitchen. Would recommend trying it once.,FALSE,SYNTHETIC SAMPLE — FICTIONAL CUSTOMER NAME/REVIEW FOR DEMO USE
Turmeric + Red Chilli,Moumita Sen 9,Gurugram,Haryana,3,Not bad for the price. Handy combination for everyday sabzi and curry. It does the job.,FALSE,SYNTHETIC SAMPLE — FICTIONAL CUSTOMER NAME/REVIEW FOR DEMO USE
Turmeric + Red Chilli,Anjali Arora 9,Srinagar,Jammu & Kashmir,5,Really liked this one. The chilli adds colour and heat while turmeric gives the familiar earthy note. I would order it again.,FALSE,SYNTHETIC SAMPLE — FICTIONAL CUSTOMER NAME/REVIEW FOR DEMO USE
Turmeric + Red Chilli,Sameer Khan 9,Bhopal,Madhya Pradesh,4,Nice quality for regular cooking. Handy combination for everyday sabzi and curry. Works well for daily meals.,FALSE,SYNTHETIC SAMPLE — FICTIONAL CUSTOMER NAME/REVIEW FOR DEMO USE
Turmeric + Red Chilli,Manpreet Kaur 9,Hyderabad,Telangana,5,Good quality overall. The chilli adds colour and heat while turmeric gives the familiar earthy note. It has found a place in my regular kitchen use.,FALSE,SYNTHETIC SAMPLE — FICTIONAL CUSTOMER NAME/REVIEW FOR DEMO USE
Turmeric + Red Chilli,Monika Chauhan 9,Goa,Goa,5,This was a pleasant surprise. The chilli adds colour and heat while turmeric gives the familiar earthy note. Would recommend trying it once.,FALSE,SYNTHETIC SAMPLE — FICTIONAL CUSTOMER NAME/REVIEW FOR DEMO USE
Turmeric + Red Chilli,Ayesha Khan 9,New Delhi,Delhi,5,Quite happy with the flavour. Useful pair to keep in the kitchen. Good for home cooking.,FALSE,SYNTHETIC SAMPLE — FICTIONAL CUSTOMER NAME/REVIEW FOR DEMO USE
Turmeric + Red Chilli,Aditya Singh 9,Jammu,Jammu & Kashmir,5,Really liked this one. The chilli adds colour and heat while turmeric gives the familiar earthy note. I would order it again.,FALSE,SYNTHETIC SAMPLE — FICTIONAL CUSTOMER NAME/REVIEW FOR DEMO USE
Turmeric + Red Chilli,Priya Nair 9,Indore,Madhya Pradesh,5,Very happy with the purchase. Useful pair to keep in the kitchen. Already thinking of getting another pack.,FALSE,SYNTHETIC SAMPLE — FICTIONAL CUSTOMER NAME/REVIEW FOR DEMO USE
Turmeric + Red Chilli,Rupali Ghosh 9,Bengaluru,Karnataka,5,Good quality overall. Handy combination for everyday sabzi and curry. It has found a place in my regular kitchen use.,FALSE,SYNTHETIC SAMPLE — FICTIONAL CUSTOMER NAME/REVIEW FOR DEMO USE
Turmeric + Red Chilli,Mohit Rawat 9,Visakhapatnam,Andhra Pradesh,4,Good product overall. Useful pair to keep in the kitchen. Useful to keep at home.,FALSE,SYNTHETIC SAMPLE — FICTIONAL CUSTOMER NAME/REVIEW FOR DEMO USE
Turmeric + Red Chilli,Aman Sharma 9,Jodhpur,Rajasthan,5,Quite happy with the flavour. The chilli adds colour and heat while turmeric gives the familiar earthy note. Good for home cooking.,FALSE,SYNTHETIC SAMPLE — FICTIONAL CUSTOMER NAME/REVIEW FOR DEMO USE
Turmeric + Red Chilli,Harpreet Singh 9,Shimla,Himachal Pradesh,3,It is decent for everyday use. The chilli adds colour and heat while turmeric gives the familiar earthy note. I may try another product from the range.,FALSE,SYNTHETIC SAMPLE — FICTIONAL CUSTOMER NAME/REVIEW FOR DEMO USE
Turmeric + Red Chilli,Prakash Yadav 9,Nagpur,Maharashtra,5,Very happy with the purchase. Handy combination for everyday sabzi and curry. Already thinking of getting another pack.,FALSE,SYNTHETIC SAMPLE — FICTIONAL CUSTOMER NAME/REVIEW FOR DEMO USE
Turmeric + Red Chilli,Keerthi Reddy 9,Guwahati,Assam,5,Good quality overall. Handy combination for everyday sabzi and curry. It has found a place in my regular kitchen use.,FALSE,SYNTHETIC SAMPLE — FICTIONAL CUSTOMER NAME/REVIEW FOR DEMO USE
Turmeric + Red Chilli,Aishwarya Iyer 9,Vijayawada,Andhra Pradesh,5,This was a pleasant surprise. Useful pair to keep in the kitchen. Would recommend trying it once.,FALSE,SYNTHETIC SAMPLE — FICTIONAL CUSTOMER NAME/REVIEW FOR DEMO USE
Turmeric + Red Chilli,Akshay Jadhav 9,Jaipur,Rajasthan,5,Quite happy with the flavour. The chilli adds colour and heat while turmeric gives the familiar earthy note. Good for home cooking.,FALSE,SYNTHETIC SAMPLE — FICTIONAL CUSTOMER NAME/REVIEW FOR DEMO USE
Turmeric + Red Chilli,Karan Patel 10,Dehradun,Uttarakhand,4,Pretty good product. Useful pair to keep in the kitchen. May order it again.,FALSE,SYNTHETIC SAMPLE — FICTIONAL CUSTOMER NAME/REVIEW FOR DEMO USE
Turmeric + Red Chilli,Rohan Basu 10,Pune,Maharashtra,5,Very happy with the purchase. The chilli adds colour and heat while turmeric gives the familiar earthy note. Already thinking of getting another pack.,FALSE,SYNTHETIC SAMPLE — FICTIONAL CUSTOMER NAME/REVIEW FOR DEMO USE
Turmeric + Red Chilli,Gurpreet Singh 10,Patna,Bihar,5,Good quality overall. The chilli adds colour and heat while turmeric gives the familiar earthy note. It has found a place in my regular kitchen use.,FALSE,SYNTHETIC SAMPLE — FICTIONAL CUSTOMER NAME/REVIEW FOR DEMO USE
Turmeric + Red Chilli,Ankit Negi 10,Thiruvananthapuram,Kerala,5,This was a pleasant surprise. The chilli adds colour and heat while turmeric gives the familiar earthy note. Would recommend trying it once.,FALSE,SYNTHETIC SAMPLE — FICTIONAL CUSTOMER NAME/REVIEW FOR DEMO USE
Turmeric + Red Chilli,Simran Kaur 10,Chandigarh,Chandigarh,5,Quite happy with the flavour. Useful pair to keep in the kitchen. Good for home cooking.,FALSE,SYNTHETIC SAMPLE — FICTIONAL CUSTOMER NAME/REVIEW FOR DEMO USE
Turmeric + Red Chilli,Pooja Gupta 10,Varanasi,Uttar Pradesh,5,Really liked this one. Handy combination for everyday sabzi and curry. I would order it again.,FALSE,SYNTHETIC SAMPLE — FICTIONAL CUSTOMER NAME/REVIEW FOR DEMO USE
Turmeric + Red Chilli,Rakesh Kumar 10,Mumbai,Maharashtra,3,The product is okay overall. Handy combination for everyday sabzi and curry. It works fine for basic cooking.,FALSE,SYNTHETIC SAMPLE — FICTIONAL CUSTOMER NAME/REVIEW FOR DEMO USE
Turmeric + Red Chilli,Renu Kumari 10,Ranchi,Jharkhand,4,Liked the flavour and freshness. Handy combination for everyday sabzi and curry. I will probably try it again.,FALSE,SYNTHETIC SAMPLE — FICTIONAL CUSTOMER NAME/REVIEW FOR DEMO USE
Turmeric + Red Chilli,Nandini Rao 10,Kochi,Kerala,5,This was a pleasant surprise. Useful pair to keep in the kitchen. Would recommend trying it once.,FALSE,SYNTHETIC SAMPLE — FICTIONAL CUSTOMER NAME/REVIEW FOR DEMO USE
Turmeric + Red Chilli,Ananya Ghosh 10,Ludhiana,Punjab,5,Quite happy with the flavour. Handy combination for everyday sabzi and curry. Good for home cooking.,FALSE,SYNTHETIC SAMPLE — FICTIONAL CUSTOMER NAME/REVIEW FOR DEMO USE
Turmeric + Red Chilli,Sonia Kapoor 10,Lucknow,Uttar Pradesh,5,Really liked this one. Useful pair to keep in the kitchen. I would order it again.,FALSE,SYNTHETIC SAMPLE — FICTIONAL CUSTOMER NAME/REVIEW FOR DEMO USE
Turmeric + Red Chilli,Megha Yadav 10,Surat,Gujarat,5,Very happy with the purchase. The chilli adds colour and heat while turmeric gives the familiar earthy note. Already thinking of getting another pack.,FALSE,SYNTHETIC SAMPLE — FICTIONAL CUSTOMER NAME/REVIEW FOR DEMO USE
Turmeric + Red Chilli,Srinivas Rao 10,Bhubaneswar,Odisha,5,Good quality overall. The chilli adds colour and heat while turmeric gives the familiar earthy note. It has found a place in my regular kitchen use.,FALSE,SYNTHETIC SAMPLE — FICTIONAL CUSTOMER NAME/REVIEW FOR DEMO USE
Turmeric + Red Chilli,Komal Agarwal 10,Coimbatore,Tamil Nadu,5,This was a pleasant surprise. Useful pair to keep in the kitchen. Would recommend trying it once.,FALSE,SYNTHETIC SAMPLE — FICTIONAL CUSTOMER NAME/REVIEW FOR DEMO USE
Turmeric + Red Chilli,Pradeep Reddy 10,Amritsar,Punjab,4,Happy with the first pack. Useful pair to keep in the kitchen. Overall a good experience.,FALSE,SYNTHETIC SAMPLE — FICTIONAL CUSTOMER NAME/REVIEW FOR DEMO USE
Turmeric + Red Chilli,Imran Sheikh 10,Noida,Uttar Pradesh,5,Really liked this one. The chilli adds colour and heat while turmeric gives the familiar earthy note. I would order it again.,FALSE,SYNTHETIC SAMPLE — FICTIONAL CUSTOMER NAME/REVIEW FOR DEMO USE
Turmeric + Red Chilli,Sana Khan 10,Ahmedabad,Gujarat,5,Very happy with the purchase. The chilli adds colour and heat while turmeric gives the familiar earthy note. Already thinking of getting another pack.,FALSE,SYNTHETIC SAMPLE — FICTIONAL CUSTOMER NAME/REVIEW FOR DEMO USE
Turmeric + Red Chilli,Saurabh Jain 10,Kolkata,West Bengal,3,Good enough for regular cooking. Handy combination for everyday sabzi and curry. The overall experience was okay.,FALSE,SYNTHETIC SAMPLE — FICTIONAL CUSTOMER NAME/REVIEW FOR DEMO USE
Turmeric + Red Chilli,Manish Verma 10,Chennai,Tamil Nadu,5,This was a pleasant surprise. Useful pair to keep in the kitchen. Would recommend trying it once.,FALSE,SYNTHETIC SAMPLE — FICTIONAL CUSTOMER NAME/REVIEW FOR DEMO USE
Turmeric + Red Chilli + Coriander,Debashis Roy 10,Ludhiana,Punjab,5,Quite happy with the flavour. These three cover a lot of my everyday cooking needs. Good for home cooking.,FALSE,SYNTHETIC SAMPLE — FICTIONAL CUSTOMER NAME/REVIEW FOR DEMO USE
Turmeric + Red Chilli + Coriander,Arif Ansari 10,Lucknow,Uttar Pradesh,5,Really liked this one. Convenient set for making a curry base from scratch. I would order it again.,FALSE,SYNTHETIC SAMPLE — FICTIONAL CUSTOMER NAME/REVIEW FOR DEMO USE
Turmeric + Red Chilli + Coriander,Madhuri Patil 10,Surat,Gujarat,5,Very happy with the purchase. I used all three in different dishes and liked the overall flavour. Already thinking of getting another pack.,FALSE,SYNTHETIC SAMPLE — FICTIONAL CUSTOMER NAME/REVIEW FOR DEMO USE
Turmeric + Red Chilli + Coriander,Arjun Kapoor 10,Bhubaneswar,Odisha,5,Good quality overall. I used all three in different dishes and liked the overall flavour. It has found a place in my regular kitchen use.,FALSE,SYNTHETIC SAMPLE — FICTIONAL CUSTOMER NAME/REVIEW FOR DEMO USE
Turmeric + Red Chilli + Coriander,Manoj Kumar 10,Coimbatore,Tamil Nadu,5,This was a pleasant surprise. I used all three in different dishes and liked the overall flavour. Would recommend trying it once.,FALSE,SYNTHETIC SAMPLE — FICTIONAL CUSTOMER NAME/REVIEW FOR DEMO USE
Turmeric + Red Chilli + Coriander,Vikas Bansal 10,Amritsar,Punjab,5,Quite happy with the flavour. These three cover a lot of my everyday cooking needs. Good for home cooking.,FALSE,SYNTHETIC SAMPLE — FICTIONAL CUSTOMER NAME/REVIEW FOR DEMO USE
Turmeric + Red Chilli + Coriander,Nitin Sood 10,Noida,Uttar Pradesh,4,Pretty good product. These three cover a lot of my everyday cooking needs. May order it again.,FALSE,SYNTHETIC SAMPLE — FICTIONAL CUSTOMER NAME/REVIEW FOR DEMO USE
Turmeric + Red Chilli + Coriander,Divya Sharma 10,Ahmedabad,Gujarat,5,Very happy with the purchase. Convenient set for making a curry base from scratch. Already thinking of getting another pack.,FALSE,SYNTHETIC SAMPLE — FICTIONAL CUSTOMER NAME/REVIEW FOR DEMO USE
Turmeric + Red Chilli + Coriander,Joseph Mathew 10,Kolkata,West Bengal,5,Good quality overall. These three cover a lot of my everyday cooking needs. It has found a place in my regular kitchen use.,FALSE,SYNTHETIC SAMPLE — FICTIONAL CUSTOMER NAME/REVIEW FOR DEMO USE
Turmeric + Red Chilli + Coriander,Tejas Kulkarni 10,Chennai,Tamil Nadu,5,This was a pleasant surprise. These three cover a lot of my everyday cooking needs. Would recommend trying it once.,FALSE,SYNTHETIC SAMPLE — FICTIONAL CUSTOMER NAME/REVIEW FOR DEMO USE
Turmeric + Red Chilli + Coriander,Rahul Iyer 10,Raipur,Chhattisgarh,3,Not bad for the price. Convenient set for making a curry base from scratch. It does the job.,FALSE,SYNTHETIC SAMPLE — FICTIONAL CUSTOMER NAME/REVIEW FOR DEMO USE
Turmeric + Red Chilli + Coriander,Lavanya Rao 10,Gurugram,Haryana,5,Really liked this one. I used all three in different dishes and liked the overall flavour. I would order it again.,FALSE,SYNTHETIC SAMPLE — FICTIONAL CUSTOMER NAME/REVIEW FOR DEMO USE
Turmeric + Red Chilli + Coriander,Rohit Mehta 10,Srinagar,Jammu & Kashmir,5,Very happy with the purchase. I used all three in different dishes and liked the overall flavour. Already thinking of getting another pack.,FALSE,SYNTHETIC SAMPLE — FICTIONAL CUSTOMER NAME/REVIEW FOR DEMO USE
Turmeric + Red Chilli + Coriander,Reshma Nair 10,Bhopal,Madhya Pradesh,4,Liked the flavour and freshness. These three cover a lot of my everyday cooking needs. I will probably try it again.,FALSE,SYNTHETIC SAMPLE — FICTIONAL CUSTOMER NAME/REVIEW FOR DEMO USE
Turmeric + Red Chilli + Coriander,Rajesh Nair 10,Hyderabad,Telangana,5,This was a pleasant surprise. These three cover a lot of my everyday cooking needs. Would recommend trying it once.,FALSE,SYNTHETIC SAMPLE — FICTIONAL CUSTOMER NAME/REVIEW FOR DEMO USE
Turmeric + Red Chilli + Coriander,Amit Sinha 10,Goa,Goa,5,Quite happy with the flavour. These three cover a lot of my everyday cooking needs. Good for home cooking.,FALSE,SYNTHETIC SAMPLE — FICTIONAL CUSTOMER NAME/REVIEW FOR DEMO USE
Turmeric + Red Chilli + Coriander,Sunita Devi 10,New Delhi,Delhi,5,Really liked this one. Convenient set for making a curry base from scratch. I would order it again.,FALSE,SYNTHETIC SAMPLE — FICTIONAL CUSTOMER NAME/REVIEW FOR DEMO USE
Turmeric + Red Chilli + Coriander,Abhishek Tiwari 10,Jammu,Jammu & Kashmir,5,Very happy with the purchase. I used all three in different dishes and liked the overall flavour. Already thinking of getting another pack.,FALSE,SYNTHETIC SAMPLE — FICTIONAL CUSTOMER NAME/REVIEW FOR DEMO USE
Turmeric + Red Chilli + Coriander,Pallavi Deshmukh 10,Indore,Madhya Pradesh,5,Good quality overall. I used all three in different dishes and liked the overall flavour. It has found a place in my regular kitchen use.,FALSE,SYNTHETIC SAMPLE — FICTIONAL CUSTOMER NAME/REVIEW FOR DEMO USE
Turmeric + Red Chilli + Coriander,Bhavna Shah 10,Bengaluru,Karnataka,5,This was a pleasant surprise. These three cover a lot of my everyday cooking needs. Would recommend trying it once.,FALSE,SYNTHETIC SAMPLE — FICTIONAL CUSTOMER NAME/REVIEW FOR DEMO USE
Turmeric + Red Chilli + Coriander,Pritam Das 10,Visakhapatnam,Andhra Pradesh,4,Happy with the first pack. Convenient set for making a curry base from scratch. Overall a good experience.,FALSE,SYNTHETIC SAMPLE — FICTIONAL CUSTOMER NAME/REVIEW FOR DEMO USE
Turmeric + Red Chilli + Coriander,Aarav Bhatia 10,Jodhpur,Rajasthan,3,It is decent for everyday use. Convenient set for making a curry base from scratch. I may try another product from the range.,FALSE,SYNTHETIC SAMPLE — FICTIONAL CUSTOMER NAME/REVIEW FOR DEMO USE
Turmeric + Red Chilli + Coriander,Maya George 10,Shimla,Himachal Pradesh,5,Very happy with the purchase. Convenient set for making a curry base from scratch. Already thinking of getting another pack.,FALSE,SYNTHETIC SAMPLE — FICTIONAL CUSTOMER NAME/REVIEW FOR DEMO USE
Turmeric + Red Chilli + Coriander,Vivek Menon 10,Nagpur,Maharashtra,5,Good quality overall. These three cover a lot of my everyday cooking needs. It has found a place in my regular kitchen use.,FALSE,SYNTHETIC SAMPLE — FICTIONAL CUSTOMER NAME/REVIEW FOR DEMO USE
Turmeric + Red Chilli + Coriander,Ritika Malhotra 10,Guwahati,Assam,5,This was a pleasant surprise. I used all three in different dishes and liked the overall flavour. Would recommend trying it once.,FALSE,SYNTHETIC SAMPLE — FICTIONAL CUSTOMER NAME/REVIEW FOR DEMO USE
Turmeric + Red Chilli + Coriander,Sneha Menon 10,Vijayawada,Andhra Pradesh,5,Quite happy with the flavour. I used all three in different dishes and liked the overall flavour. Good for home cooking.,FALSE,SYNTHETIC SAMPLE — FICTIONAL CUSTOMER NAME/REVIEW FOR DEMO USE
Turmeric + Red Chilli + Coriander,Rajiv Sethi 10,Jaipur,Rajasthan,5,Really liked this one. These three cover a lot of my everyday cooking needs. I would order it again.,FALSE,SYNTHETIC SAMPLE — FICTIONAL CUSTOMER NAME/REVIEW FOR DEMO USE
Turmeric + Red Chilli + Coriander,Deepak Thakur 10,Dehradun,Uttarakhand,4,Nice quality for regular cooking. Convenient set for making a curry base from scratch. Works well for daily meals.,FALSE,SYNTHETIC SAMPLE — FICTIONAL CUSTOMER NAME/REVIEW FOR DEMO USE
Turmeric + Red Chilli + Coriander,Shalini Sinha 10,Pune,Maharashtra,5,Good quality overall. These three cover a lot of my everyday cooking needs. It has found a place in my regular kitchen use.,FALSE,SYNTHETIC SAMPLE — FICTIONAL CUSTOMER NAME/REVIEW FOR DEMO USE
Turmeric + Red Chilli + Coriander,Sakshi Walia 10,Patna,Bihar,5,This was a pleasant surprise. Convenient set for making a curry base from scratch. Would recommend trying it once.,FALSE,SYNTHETIC SAMPLE — FICTIONAL CUSTOMER NAME/REVIEW FOR DEMO USE
Turmeric + Red Chilli + Coriander,Amol Joshi 10,Thiruvananthapuram,Kerala,5,Quite happy with the flavour. Convenient set for making a curry base from scratch. Good for home cooking.,FALSE,SYNTHETIC SAMPLE — FICTIONAL CUSTOMER NAME/REVIEW FOR DEMO USE
Turmeric + Red Chilli + Coriander,Neha Verma 10,Chandigarh,Chandigarh,5,Really liked this one. Convenient set for making a curry base from scratch. I would order it again.,FALSE,SYNTHETIC SAMPLE — FICTIONAL CUSTOMER NAME/REVIEW FOR DEMO USE
Turmeric + Red Chilli + Coriander,Varun Khanna 10,Varanasi,Uttar Pradesh,3,The product is okay overall. These three cover a lot of my everyday cooking needs. It works fine for basic cooking.,FALSE,SYNTHETIC SAMPLE — FICTIONAL CUSTOMER NAME/REVIEW FOR DEMO USE
Turmeric + Red Chilli + Coriander,Kavita Joshi 10,Mumbai,Maharashtra,5,Good quality overall. I used all three in different dishes and liked the overall flavour. It has found a place in my regular kitchen use.,FALSE,SYNTHETIC SAMPLE — FICTIONAL CUSTOMER NAME/REVIEW FOR DEMO USE
Turmeric + Red Chilli + Coriander,Shweta Mishra 10,Ranchi,Jharkhand,4,Good product overall. Convenient set for making a curry base from scratch. Useful to keep at home.,FALSE,SYNTHETIC SAMPLE — FICTIONAL CUSTOMER NAME/REVIEW FOR DEMO USE
Turmeric + Red Chilli + Coriander,Isha Srivastava 10,Kochi,Kerala,5,Quite happy with the flavour. I used all three in different dishes and liked the overall flavour. Good for home cooking.,FALSE,SYNTHETIC SAMPLE — FICTIONAL CUSTOMER NAME/REVIEW FOR DEMO USE
Turmeric + Red Chilli + Coriander,Faizan Ahmed 10,Ludhiana,Punjab,5,Really liked this one. I used all three in different dishes and liked the overall flavour. I would order it again.,FALSE,SYNTHETIC SAMPLE — FICTIONAL CUSTOMER NAME/REVIEW FOR DEMO USE
Turmeric + Red Chilli + Coriander,Sandeep Das 10,Lucknow,Uttar Pradesh,5,Very happy with the purchase. I used all three in different dishes and liked the overall flavour. Already thinking of getting another pack.,FALSE,SYNTHETIC SAMPLE — FICTIONAL CUSTOMER NAME/REVIEW FOR DEMO USE
Turmeric + Red Chilli + Coriander,Anu Thomas 10,Surat,Gujarat,5,Good quality overall. I used all three in different dishes and liked the overall flavour. It has found a place in my regular kitchen use.,FALSE,SYNTHETIC SAMPLE — FICTIONAL CUSTOMER NAME/REVIEW FOR DEMO USE
Turmeric + Red Chilli + Coriander,Yash Desai 10,Bhubaneswar,Odisha,5,This was a pleasant surprise. Convenient set for making a curry base from scratch. Would recommend trying it once.,FALSE,SYNTHETIC SAMPLE — FICTIONAL CUSTOMER NAME/REVIEW FOR DEMO USE
Turmeric + Red Chilli + Coriander,Snehal Patil 10,Coimbatore,Tamil Nadu,5,Quite happy with the flavour. I used all three in different dishes and liked the overall flavour. Good for home cooking.,FALSE,SYNTHETIC SAMPLE — FICTIONAL CUSTOMER NAME/REVIEW FOR DEMO USE
Turmeric + Red Chilli + Coriander,Vijay Kumar 10,Amritsar,Punjab,4,Pretty good product. I used all three in different dishes and liked the overall flavour. May order it again.,FALSE,SYNTHETIC SAMPLE — FICTIONAL CUSTOMER NAME/REVIEW FOR DEMO USE
Turmeric + Red Chilli + Coriander,Riya Shah 10,Noida,Uttar Pradesh,5,Very happy with the purchase. I used all three in different dishes and liked the overall flavour. Already thinking of getting another pack.,FALSE,SYNTHETIC SAMPLE — FICTIONAL CUSTOMER NAME/REVIEW FOR DEMO USE
Turmeric + Red Chilli + Coriander,Sourav Dutta 10,Ahmedabad,Gujarat,3,Good enough for regular cooking. Convenient set for making a curry base from scratch. The overall experience was okay.,FALSE,SYNTHETIC SAMPLE — FICTIONAL CUSTOMER NAME/REVIEW FOR DEMO USE
Turmeric + Red Chilli + Coriander,Nikhil Agarwal 10,Kolkata,West Bengal,5,This was a pleasant surprise. These three cover a lot of my everyday cooking needs. Would recommend trying it once.,FALSE,SYNTHETIC SAMPLE — FICTIONAL CUSTOMER NAME/REVIEW FOR DEMO USE
Turmeric + Red Chilli + Coriander,Moumita Sen 10,Chennai,Tamil Nadu,5,Quite happy with the flavour. These three cover a lot of my everyday cooking needs. Good for home cooking.,FALSE,SYNTHETIC SAMPLE — FICTIONAL CUSTOMER NAME/REVIEW FOR DEMO USE
Turmeric + Red Chilli + Coriander,Anjali Arora 10,Raipur,Chhattisgarh,5,Really liked this one. These three cover a lot of my everyday cooking needs. I would order it again.,FALSE,SYNTHETIC SAMPLE — FICTIONAL CUSTOMER NAME/REVIEW FOR DEMO USE
Turmeric + Red Chilli + Coriander,Sameer Khan 10,Gurugram,Haryana,5,Very happy with the purchase. These three cover a lot of my everyday cooking needs. Already thinking of getting another pack.,FALSE,SYNTHETIC SAMPLE — FICTIONAL CUSTOMER NAME/REVIEW FOR DEMO USE
Turmeric + Red Chilli + Coriander,Manpreet Kaur 10,Srinagar,Jammu & Kashmir,4,Liked the flavour and freshness. Convenient set for making a curry base from scratch. I will probably try it again.,FALSE,SYNTHETIC SAMPLE — FICTIONAL CUSTOMER NAME/REVIEW FOR DEMO USE
Turmeric + Red Chilli + Coriander,Monika Chauhan 10,Bhopal,Madhya Pradesh,5,This was a pleasant surprise. Convenient set for making a curry base from scratch. Would recommend trying it once.,FALSE,SYNTHETIC SAMPLE — FICTIONAL CUSTOMER NAME/REVIEW FOR DEMO USE
Turmeric + Red Chilli + Coriander,Ayesha Khan 10,Hyderabad,Telangana,5,Quite happy with the flavour. These three cover a lot of my everyday cooking needs. Good for home cooking.,FALSE,SYNTHETIC SAMPLE — FICTIONAL CUSTOMER NAME/REVIEW FOR DEMO USE
Turmeric + Red Chilli + Coriander,Aditya Singh 10,Goa,Goa,5,Really liked this one. Convenient set for making a curry base from scratch. I would order it again.,FALSE,SYNTHETIC SAMPLE — FICTIONAL CUSTOMER NAME/REVIEW FOR DEMO USE
Turmeric + Red Chilli + Coriander,Priya Nair 10,New Delhi,Delhi,5,Very happy with the purchase. These three cover a lot of my everyday cooking needs. Already thinking of getting another pack.,FALSE,SYNTHETIC SAMPLE — FICTIONAL CUSTOMER NAME/REVIEW FOR DEMO USE
Turmeric + Red Chilli + Coriander,Rupali Ghosh 10,Jammu,Jammu & Kashmir,5,Good quality overall. Convenient set for making a curry base from scratch. It has found a place in my regular kitchen use.,FALSE,SYNTHETIC SAMPLE — FICTIONAL CUSTOMER NAME/REVIEW FOR DEMO USE
Turmeric + Red Chilli + Coriander,Mohit Rawat 10,Indore,Madhya Pradesh,3,"Quite average, but usable. These three cover a lot of my everyday cooking needs. Nothing major to complain about.",FALSE,SYNTHETIC SAMPLE — FICTIONAL CUSTOMER NAME/REVIEW FOR DEMO USE
Turmeric + Red Chilli + Coriander,Aman Sharma 10,Bengaluru,Karnataka,4,Happy with the first pack. I used all three in different dishes and liked the overall flavour. Overall a good experience.,FALSE,SYNTHETIC SAMPLE — FICTIONAL CUSTOMER NAME/REVIEW FOR DEMO USE
Turmeric + Red Chilli + Coriander,Harpreet Singh 10,Visakhapatnam,Andhra Pradesh,5,Really liked this one. Convenient set for making a curry base from scratch. I would order it again.,FALSE,SYNTHETIC SAMPLE — FICTIONAL CUSTOMER NAME/REVIEW FOR DEMO USE
Turmeric + Red Chilli + Coriander,Prakash Yadav 10,Jodhpur,Rajasthan,5,Very happy with the purchase. I used all three in different dishes and liked the overall flavour. Already thinking of getting another pack.,FALSE,SYNTHETIC SAMPLE — FICTIONAL CUSTOMER NAME/REVIEW FOR DEMO USE
Turmeric + Red Chilli + Coriander,Keerthi Reddy 10,Shimla,Himachal Pradesh,5,Good quality overall. These three cover a lot of my everyday cooking needs. It has found a place in my regular kitchen use.,FALSE,SYNTHETIC SAMPLE — FICTIONAL CUSTOMER NAME/REVIEW FOR DEMO USE
Turmeric + Red Chilli + Coriander,Aishwarya Iyer 10,Nagpur,Maharashtra,5,This was a pleasant surprise. These three cover a lot of my everyday cooking needs. Would recommend trying it once.,FALSE,SYNTHETIC SAMPLE — FICTIONAL CUSTOMER NAME/REVIEW FOR DEMO USE
Turmeric + Red Chilli + Coriander,Akshay Jadhav 10,Guwahati,Assam,5,Quite happy with the flavour. Convenient set for making a curry base from scratch. Good for home cooking.,FALSE,SYNTHETIC SAMPLE — FICTIONAL CUSTOMER NAME/REVIEW FOR DEMO USE
Turmeric + Red Chilli + Coriander,Karan Patel 11,Vijayawada,Andhra Pradesh,5,Really liked this one. I used all three in different dishes and liked the overall flavour. I would order it again.,FALSE,SYNTHETIC SAMPLE — FICTIONAL CUSTOMER NAME/REVIEW FOR DEMO USE
Turmeric + Red Chilli + Coriander,Rohan Basu 11,Jaipur,Rajasthan,4,Nice quality for regular cooking. These three cover a lot of my everyday cooking needs. Works well for daily meals.,FALSE,SYNTHETIC SAMPLE — FICTIONAL CUSTOMER NAME/REVIEW FOR DEMO USE
Turmeric + Red Chilli + Coriander,Gurpreet Singh 11,Dehradun,Uttarakhand,5,Good quality overall. I used all three in different dishes and liked the overall flavour. It has found a place in my regular kitchen use.,FALSE,SYNTHETIC SAMPLE — FICTIONAL CUSTOMER NAME/REVIEW FOR DEMO USE
Turmeric + Red Chilli + Coriander,Ankit Negi 11,Pune,Maharashtra,5,This was a pleasant surprise. I used all three in different dishes and liked the overall flavour. Would recommend trying it once.,FALSE,SYNTHETIC SAMPLE — FICTIONAL CUSTOMER NAME/REVIEW FOR DEMO USE
Turmeric + Red Chilli + Coriander,Simran Kaur 11,Patna,Bihar,3,Not bad for the price. Convenient set for making a curry base from scratch. It does the job.,FALSE,SYNTHETIC SAMPLE — FICTIONAL CUSTOMER NAME/REVIEW FOR DEMO USE
Turmeric + Red Chilli + Coriander,Pooja Gupta 11,Thiruvananthapuram,Kerala,5,Really liked this one. Convenient set for making a curry base from scratch. I would order it again.,FALSE,SYNTHETIC SAMPLE — FICTIONAL CUSTOMER NAME/REVIEW FOR DEMO USE
Turmeric + Red Chilli + Coriander,Rakesh Kumar 11,Chandigarh,Chandigarh,5,Very happy with the purchase. These three cover a lot of my everyday cooking needs. Already thinking of getting another pack.,FALSE,SYNTHETIC SAMPLE — FICTIONAL CUSTOMER NAME/REVIEW FOR DEMO USE
Turmeric + Red Chilli + Coriander,Renu Kumari 11,Varanasi,Uttar Pradesh,5,Good quality overall. Convenient set for making a curry base from scratch. It has found a place in my regular kitchen use.,FALSE,SYNTHETIC SAMPLE — FICTIONAL CUSTOMER NAME/REVIEW FOR DEMO USE
Turmeric + Red Chilli + Coriander,Nandini Rao 11,Mumbai,Maharashtra,4,Good product overall. These three cover a lot of my everyday cooking needs. Useful to keep at home.,FALSE,SYNTHETIC SAMPLE — FICTIONAL CUSTOMER NAME/REVIEW FOR DEMO USE
Turmeric + Red Chilli + Coriander,Ananya Ghosh 11,Ranchi,Jharkhand,5,Quite happy with the flavour. I used all three in different dishes and liked the overall flavour. Good for home cooking.,FALSE,SYNTHETIC SAMPLE — FICTIONAL CUSTOMER NAME/REVIEW FOR DEMO USE
Turmeric + Red Chilli + Coriander,Sonia Kapoor 11,Kochi,Kerala,5,Really liked this one. Convenient set for making a curry base from scratch. I would order it again.,FALSE,SYNTHETIC SAMPLE — FICTIONAL CUSTOMER NAME/REVIEW FOR DEMO USE
Turmeric + Red Chilli + Coriander,Megha Yadav 11,Ludhiana,Punjab,5,Very happy with the purchase. I used all three in different dishes and liked the overall flavour. Already thinking of getting another pack.,FALSE,SYNTHETIC SAMPLE — FICTIONAL CUSTOMER NAME/REVIEW FOR DEMO USE
Turmeric + Red Chilli + Coriander,Srinivas Rao 11,Lucknow,Uttar Pradesh,5,Good quality overall. I used all three in different dishes and liked the overall flavour. It has found a place in my regular kitchen use.,FALSE,SYNTHETIC SAMPLE — FICTIONAL CUSTOMER NAME/REVIEW FOR DEMO USE
Turmeric + Red Chilli + Coriander,Komal Agarwal 11,Surat,Gujarat,5,This was a pleasant surprise. Convenient set for making a curry base from scratch. Would recommend trying it once.,FALSE,SYNTHETIC SAMPLE — FICTIONAL CUSTOMER NAME/REVIEW FOR DEMO USE
Turmeric + Red Chilli + Coriander,Pradeep Reddy 11,Bhubaneswar,Odisha,5,Quite happy with the flavour. These three cover a lot of my everyday cooking needs. Good for home cooking.,FALSE,SYNTHETIC SAMPLE — FICTIONAL CUSTOMER NAME/REVIEW FOR DEMO USE
Turmeric Powder (Haldi Powder),Imran Sheikh 11,Jodhpur,Rajasthan,5,Really liked this one. The powder looks fresh and has a clean turmeric aroma. I would order it again.,FALSE,SYNTHETIC SAMPLE — FICTIONAL CUSTOMER NAME/REVIEW FOR DEMO USE
Turmeric Powder (Haldi Powder),Sana Khan 11,Shimla,Himachal Pradesh,5,Very happy with the purchase. Used it in dal and vegetables; it gives a nice earthy note. Already thinking of getting another pack.,FALSE,SYNTHETIC SAMPLE — FICTIONAL CUSTOMER NAME/REVIEW FOR DEMO USE
Turmeric Powder (Haldi Powder),Saurabh Jain 11,Nagpur,Maharashtra,5,Good quality overall. Used it in dal and vegetables; it gives a nice earthy note. It has found a place in my regular kitchen use.,FALSE,SYNTHETIC SAMPLE — FICTIONAL CUSTOMER NAME/REVIEW FOR DEMO USE
Turmeric Powder (Haldi Powder),Manish Verma 11,Guwahati,Assam,5,This was a pleasant surprise. Used it in dal and vegetables; it gives a nice earthy note. Would recommend trying it once.,FALSE,SYNTHETIC SAMPLE — FICTIONAL CUSTOMER NAME/REVIEW FOR DEMO USE
Turmeric Powder (Haldi Powder),Debashis Roy 11,Vijayawada,Andhra Pradesh,5,Quite happy with the flavour. The colour is bright and it mixes easily into gravies. Good for home cooking.,FALSE,SYNTHETIC SAMPLE — FICTIONAL CUSTOMER NAME/REVIEW FOR DEMO USE
Turmeric Powder (Haldi Powder),Arif Ansari 11,Jaipur,Rajasthan,5,Really liked this one. The powder looks fresh and has a clean turmeric aroma. I would order it again.,FALSE,SYNTHETIC SAMPLE — FICTIONAL CUSTOMER NAME/REVIEW FOR DEMO USE
Turmeric Powder (Haldi Powder),Madhuri Patil 11,Dehradun,Uttarakhand,4,Nice quality for regular cooking. Used it in dal and vegetables; it gives a nice earthy note. Works well for daily meals.,FALSE,SYNTHETIC SAMPLE — FICTIONAL CUSTOMER NAME/REVIEW FOR DEMO USE
Turmeric Powder (Haldi Powder),Arjun Kapoor 11,Pune,Maharashtra,5,Good quality overall. Used it in dal and vegetables; it gives a nice earthy note. It has found a place in my regular kitchen use.,FALSE,SYNTHETIC SAMPLE — FICTIONAL CUSTOMER NAME/REVIEW FOR DEMO USE
Turmeric Powder (Haldi Powder),Manoj Kumar 11,Patna,Bihar,5,This was a pleasant surprise. The colour is bright and it mixes easily into gravies. Would recommend trying it once.,FALSE,SYNTHETIC SAMPLE — FICTIONAL CUSTOMER NAME/REVIEW FOR DEMO USE
Turmeric Powder (Haldi Powder),Vikas Bansal 11,Thiruvananthapuram,Kerala,5,Quite happy with the flavour. The powder looks fresh and has a clean turmeric aroma. Good for home cooking.,FALSE,SYNTHETIC SAMPLE — FICTIONAL CUSTOMER NAME/REVIEW FOR DEMO USE
Turmeric Powder (Haldi Powder),Nitin Sood 11,Chandigarh,Chandigarh,3,It is decent for everyday use. The colour is bright and it mixes easily into gravies. I may try another product from the range.,FALSE,SYNTHETIC SAMPLE — FICTIONAL CUSTOMER NAME/REVIEW FOR DEMO USE
Turmeric Powder (Haldi Powder),Divya Sharma 11,Varanasi,Uttar Pradesh,5,Very happy with the purchase. Used it in dal and vegetables; it gives a nice earthy note. Already thinking of getting another pack.,FALSE,SYNTHETIC SAMPLE — FICTIONAL CUSTOMER NAME/REVIEW FOR DEMO USE
Turmeric Powder (Haldi Powder),Joseph Mathew 11,Mumbai,Maharashtra,5,Good quality overall. The powder looks fresh and has a clean turmeric aroma. It has found a place in my regular kitchen use.,FALSE,SYNTHETIC SAMPLE — FICTIONAL CUSTOMER NAME/REVIEW FOR DEMO USE
Turmeric Powder (Haldi Powder),Tejas Kulkarni 11,Ranchi,Jharkhand,4,Good product overall. Used it in dal and vegetables; it gives a nice earthy note. Useful to keep at home.,FALSE,SYNTHETIC SAMPLE — FICTIONAL CUSTOMER NAME/REVIEW FOR DEMO USE
Turmeric Powder (Haldi Powder),Rahul Iyer 11,Kochi,Kerala,5,Quite happy with the flavour. The powder looks fresh and has a clean turmeric aroma. Good for home cooking.,FALSE,SYNTHETIC SAMPLE — FICTIONAL CUSTOMER NAME/REVIEW FOR DEMO USE
Turmeric Powder (Haldi Powder),Lavanya Rao 11,Ludhiana,Punjab,5,Really liked this one. The colour is bright and it mixes easily into gravies. I would order it again.,FALSE,SYNTHETIC SAMPLE — FICTIONAL CUSTOMER NAME/REVIEW FOR DEMO USE
Turmeric Powder (Haldi Powder),Rohit Mehta 11,Lucknow,Uttar Pradesh,5,Very happy with the purchase. The powder looks fresh and has a clean turmeric aroma. Already thinking of getting another pack.,FALSE,SYNTHETIC SAMPLE — FICTIONAL CUSTOMER NAME/REVIEW FOR DEMO USE
Turmeric Powder (Haldi Powder),Reshma Nair 11,Surat,Gujarat,5,Good quality overall. The colour is bright and it mixes easily into gravies. It has found a place in my regular kitchen use.,FALSE,SYNTHETIC SAMPLE — FICTIONAL CUSTOMER NAME/REVIEW FOR DEMO USE
Turmeric Powder (Haldi Powder),Rajesh Nair 11,Bhubaneswar,Odisha,5,This was a pleasant surprise. The powder looks fresh and has a clean turmeric aroma. Would recommend trying it once.,FALSE,SYNTHETIC SAMPLE — FICTIONAL CUSTOMER NAME/REVIEW FOR DEMO USE
Turmeric Powder (Haldi Powder),Amit Sinha 11,Coimbatore,Tamil Nadu,5,Quite happy with the flavour. Used it in dal and vegetables; it gives a nice earthy note. Good for home cooking.,FALSE,SYNTHETIC SAMPLE — FICTIONAL CUSTOMER NAME/REVIEW FOR DEMO USE
Turmeric Powder (Haldi Powder),Sunita Devi 11,Amritsar,Punjab,4,Pretty good product. The colour is bright and it mixes easily into gravies. May order it again.,FALSE,SYNTHETIC SAMPLE — FICTIONAL CUSTOMER NAME/REVIEW FOR DEMO USE
Turmeric Powder (Haldi Powder),Abhishek Tiwari 11,Noida,Uttar Pradesh,3,The product is okay overall. The colour is bright and it mixes easily into gravies. It works fine for basic cooking.,FALSE,SYNTHETIC SAMPLE — FICTIONAL CUSTOMER NAME/REVIEW FOR DEMO USE
Turmeric Powder (Haldi Powder),Pallavi Deshmukh 11,Ahmedabad,Gujarat,5,Good quality overall. The powder looks fresh and has a clean turmeric aroma. It has found a place in my regular kitchen use.,FALSE,SYNTHETIC SAMPLE — FICTIONAL CUSTOMER NAME/REVIEW FOR DEMO USE
Turmeric Powder (Haldi Powder),Bhavna Shah 11,Kolkata,West Bengal,5,This was a pleasant surprise. The colour is bright and it mixes easily into gravies. Would recommend trying it once.,FALSE,SYNTHETIC SAMPLE — FICTIONAL CUSTOMER NAME/REVIEW FOR DEMO USE
Turmeric Powder (Haldi Powder),Pritam Das 11,Chennai,Tamil Nadu,5,Quite happy with the flavour. The powder looks fresh and has a clean turmeric aroma. Good for home cooking.,FALSE,SYNTHETIC SAMPLE — FICTIONAL CUSTOMER NAME/REVIEW FOR DEMO USE
Turmeric Powder (Haldi Powder),Aarav Bhatia 11,Raipur,Chhattisgarh,5,Really liked this one. The colour is bright and it mixes easily into gravies. I would order it again.,FALSE,SYNTHETIC SAMPLE — FICTIONAL CUSTOMER NAME/REVIEW FOR DEMO USE
Turmeric Powder (Haldi Powder),Maya George 11,Gurugram,Haryana,5,Very happy with the purchase. The powder looks fresh and has a clean turmeric aroma. Already thinking of getting another pack.,FALSE,SYNTHETIC SAMPLE — FICTIONAL CUSTOMER NAME/REVIEW FOR DEMO USE
Turmeric Powder (Haldi Powder),Vivek Menon 11,Srinagar,Jammu & Kashmir,4,Liked the flavour and freshness. The powder looks fresh and has a clean turmeric aroma. I will probably try it again.,FALSE,SYNTHETIC SAMPLE — FICTIONAL CUSTOMER NAME/REVIEW FOR DEMO USE
Turmeric Powder (Haldi Powder),Ritika Malhotra 11,Bhopal,Madhya Pradesh,5,This was a pleasant surprise. The colour is bright and it mixes easily into gravies. Would recommend trying it once.,FALSE,SYNTHETIC SAMPLE — FICTIONAL CUSTOMER NAME/REVIEW FOR DEMO USE
Turmeric Powder (Haldi Powder),Sneha Menon 11,Hyderabad,Telangana,5,Quite happy with the flavour. The colour is bright and it mixes easily into gravies. Good for home cooking.,FALSE,SYNTHETIC SAMPLE — FICTIONAL CUSTOMER NAME/REVIEW FOR DEMO USE
Turmeric Powder (Haldi Powder),Rajiv Sethi 11,Goa,Goa,5,Really liked this one. The colour is bright and it mixes easily into gravies. I would order it again.,FALSE,SYNTHETIC SAMPLE — FICTIONAL CUSTOMER NAME/REVIEW FOR DEMO USE
Turmeric Powder (Haldi Powder),Deepak Thakur 11,New Delhi,Delhi,5,Very happy with the purchase. The powder looks fresh and has a clean turmeric aroma. Already thinking of getting another pack.,FALSE,SYNTHETIC SAMPLE — FICTIONAL CUSTOMER NAME/REVIEW FOR DEMO USE
Turmeric Powder (Haldi Powder),Shalini Sinha 11,Jammu,Jammu & Kashmir,3,Good enough for regular cooking. The colour is bright and it mixes easily into gravies. The overall experience was okay.,FALSE,SYNTHETIC SAMPLE — FICTIONAL CUSTOMER NAME/REVIEW FOR DEMO USE
Turmeric Powder (Haldi Powder),Sakshi Walia 11,Indore,Madhya Pradesh,5,This was a pleasant surprise. Used it in dal and vegetables; it gives a nice earthy note. Would recommend trying it once.,FALSE,SYNTHETIC SAMPLE — FICTIONAL CUSTOMER NAME/REVIEW FOR DEMO USE
Turmeric Powder (Haldi Powder),Amol Joshi 11,Bengaluru,Karnataka,4,Happy with the first pack. The colour is bright and it mixes easily into gravies. Overall a good experience.,FALSE,SYNTHETIC SAMPLE — FICTIONAL CUSTOMER NAME/REVIEW FOR DEMO USE
Turmeric Powder (Haldi Powder),Neha Verma 11,Visakhapatnam,Andhra Pradesh,5,Really liked this one. The colour is bright and it mixes easily into gravies. I would order it again.,FALSE,SYNTHETIC SAMPLE — FICTIONAL CUSTOMER NAME/REVIEW FOR DEMO USE
Turmeric Powder (Haldi Powder),Varun Khanna 11,Jodhpur,Rajasthan,5,Very happy with the purchase. The powder looks fresh and has a clean turmeric aroma. Already thinking of getting another pack.,FALSE,SYNTHETIC SAMPLE — FICTIONAL CUSTOMER NAME/REVIEW FOR DEMO USE
Turmeric Powder (Haldi Powder),Kavita Joshi 11,Shimla,Himachal Pradesh,5,Good quality overall. The colour is bright and it mixes easily into gravies. It has found a place in my regular kitchen use.,FALSE,SYNTHETIC SAMPLE — FICTIONAL CUSTOMER NAME/REVIEW FOR DEMO USE
Turmeric Powder (Haldi Powder),Shweta Mishra 11,Nagpur,Maharashtra,5,This was a pleasant surprise. The colour is bright and it mixes easily into gravies. Would recommend trying it once.,FALSE,SYNTHETIC SAMPLE — FICTIONAL CUSTOMER NAME/REVIEW FOR DEMO USE
Turmeric Powder (Haldi Powder),Isha Srivastava 11,Guwahati,Assam,5,Quite happy with the flavour. Used it in dal and vegetables; it gives a nice earthy note. Good for home cooking.,FALSE,SYNTHETIC SAMPLE — FICTIONAL CUSTOMER NAME/REVIEW FOR DEMO USE
Turmeric Powder (Haldi Powder),Faizan Ahmed 11,Vijayawada,Andhra Pradesh,5,Really liked this one. The powder looks fresh and has a clean turmeric aroma. I would order it again.,FALSE,SYNTHETIC SAMPLE — FICTIONAL CUSTOMER NAME/REVIEW FOR DEMO USE
Turmeric Powder (Haldi Powder),Sandeep Das 11,Jaipur,Rajasthan,4,Nice quality for regular cooking. The powder looks fresh and has a clean turmeric aroma. Works well for daily meals.,FALSE,SYNTHETIC SAMPLE — FICTIONAL CUSTOMER NAME/REVIEW FOR DEMO USE
Turmeric Powder (Haldi Powder),Anu Thomas 11,Dehradun,Uttarakhand,5,Good quality overall. The powder looks fresh and has a clean turmeric aroma. It has found a place in my regular kitchen use.,FALSE,SYNTHETIC SAMPLE — FICTIONAL CUSTOMER NAME/REVIEW FOR DEMO USE
Turmeric Powder (Haldi Powder),Yash Desai 11,Pune,Maharashtra,3,"Quite average, but usable. The powder looks fresh and has a clean turmeric aroma. Nothing major to complain about.",FALSE,SYNTHETIC SAMPLE — FICTIONAL CUSTOMER NAME/REVIEW FOR DEMO USE
Turmeric Powder (Haldi Powder),Snehal Patil 11,Patna,Bihar,5,Quite happy with the flavour. Used it in dal and vegetables; it gives a nice earthy note. Good for home cooking.,FALSE,SYNTHETIC SAMPLE — FICTIONAL CUSTOMER NAME/REVIEW FOR DEMO USE
Turmeric Powder (Haldi Powder),Vijay Kumar 11,Thiruvananthapuram,Kerala,5,Really liked this one. The powder looks fresh and has a clean turmeric aroma. I would order it again.,FALSE,SYNTHETIC SAMPLE — FICTIONAL CUSTOMER NAME/REVIEW FOR DEMO USE
Turmeric Powder (Haldi Powder),Riya Shah 11,Chandigarh,Chandigarh,5,Very happy with the purchase. The powder looks fresh and has a clean turmeric aroma. Already thinking of getting another pack.,FALSE,SYNTHETIC SAMPLE — FICTIONAL CUSTOMER NAME/REVIEW FOR DEMO USE
Turmeric Powder (Haldi Powder),Sourav Dutta 11,Varanasi,Uttar Pradesh,5,Good quality overall. Used it in dal and vegetables; it gives a nice earthy note. It has found a place in my regular kitchen use.,FALSE,SYNTHETIC SAMPLE — FICTIONAL CUSTOMER NAME/REVIEW FOR DEMO USE
Turmeric Powder (Haldi Powder),Nikhil Agarwal 11,Mumbai,Maharashtra,4,Good product overall. The colour is bright and it mixes easily into gravies. Useful to keep at home.,FALSE,SYNTHETIC SAMPLE — FICTIONAL CUSTOMER NAME/REVIEW FOR DEMO USE
Turmeric Powder (Haldi Powder),Moumita Sen 11,Ranchi,Jharkhand,5,Quite happy with the flavour. Used it in dal and vegetables; it gives a nice earthy note. Good for home cooking.,FALSE,SYNTHETIC SAMPLE — FICTIONAL CUSTOMER NAME/REVIEW FOR DEMO USE
Turmeric Powder (Haldi Powder),Anjali Arora 11,Kochi,Kerala,5,Really liked this one. Used it in dal and vegetables; it gives a nice earthy note. I would order it again.,FALSE,SYNTHETIC SAMPLE — FICTIONAL CUSTOMER NAME/REVIEW FOR DEMO USE
Turmeric Powder (Haldi Powder),Sameer Khan 11,Ludhiana,Punjab,5,Very happy with the purchase. The powder looks fresh and has a clean turmeric aroma. Already thinking of getting another pack.,FALSE,SYNTHETIC SAMPLE — FICTIONAL CUSTOMER NAME/REVIEW FOR DEMO USE
Turmeric Powder (Haldi Powder),Manpreet Kaur 11,Lucknow,Uttar Pradesh,5,Good quality overall. Used it in dal and vegetables; it gives a nice earthy note. It has found a place in my regular kitchen use.,FALSE,SYNTHETIC SAMPLE — FICTIONAL CUSTOMER NAME/REVIEW FOR DEMO USE
Turmeric Powder (Haldi Powder),Monika Chauhan 11,Surat,Gujarat,5,This was a pleasant surprise. The colour is bright and it mixes easily into gravies. Would recommend trying it once.,FALSE,SYNTHETIC SAMPLE — FICTIONAL CUSTOMER NAME/REVIEW FOR DEMO USE
Turmeric Powder (Haldi Powder),Ayesha Khan 11,Bhubaneswar,Odisha,3,Not bad for the price. The powder looks fresh and has a clean turmeric aroma. It does the job.,FALSE,SYNTHETIC SAMPLE — FICTIONAL CUSTOMER NAME/REVIEW FOR DEMO USE
Turmeric Powder (Haldi Powder),Aditya Singh 11,Coimbatore,Tamil Nadu,4,Pretty good product. Used it in dal and vegetables; it gives a nice earthy note. May order it again.,FALSE,SYNTHETIC SAMPLE — FICTIONAL CUSTOMER NAME/REVIEW FOR DEMO USE
Turmeric Powder (Haldi Powder),Priya Nair 11,Amritsar,Punjab,5,Very happy with the purchase. The colour is bright and it mixes easily into gravies. Already thinking of getting another pack.,FALSE,SYNTHETIC SAMPLE — FICTIONAL CUSTOMER NAME/REVIEW FOR DEMO USE
Turmeric Powder (Haldi Powder),Rupali Ghosh 11,Noida,Uttar Pradesh,5,Good quality overall. The powder looks fresh and has a clean turmeric aroma. It has found a place in my regular kitchen use.,FALSE,SYNTHETIC SAMPLE — FICTIONAL CUSTOMER NAME/REVIEW FOR DEMO USE
Turmeric Powder (Haldi Powder),Mohit Rawat 11,Ahmedabad,Gujarat,5,This was a pleasant surprise. The colour is bright and it mixes easily into gravies. Would recommend trying it once.,FALSE,SYNTHETIC SAMPLE — FICTIONAL CUSTOMER NAME/REVIEW FOR DEMO USE
Turmeric Powder (Haldi Powder),Aman Sharma 11,Kolkata,West Bengal,5,Quite happy with the flavour. The colour is bright and it mixes easily into gravies. Good for home cooking.,FALSE,SYNTHETIC SAMPLE — FICTIONAL CUSTOMER NAME/REVIEW FOR DEMO USE
Turmeric Powder (Haldi Powder),Harpreet Singh 11,Chennai,Tamil Nadu,5,Really liked this one. Used it in dal and vegetables; it gives a nice earthy note. I would order it again.,FALSE,SYNTHETIC SAMPLE — FICTIONAL CUSTOMER NAME/REVIEW FOR DEMO USE
Turmeric Powder (Haldi Powder),Prakash Yadav 11,Raipur,Chhattisgarh,5,Very happy with the purchase. The powder looks fresh and has a clean turmeric aroma. Already thinking of getting another pack.,FALSE,SYNTHETIC SAMPLE — FICTIONAL CUSTOMER NAME/REVIEW FOR DEMO USE
Turmeric Powder (Haldi Powder),Keerthi Reddy 11,Gurugram,Haryana,4,Liked the flavour and freshness. The colour is bright and it mixes easily into gravies. I will probably try it again.,FALSE,SYNTHETIC SAMPLE — FICTIONAL CUSTOMER NAME/REVIEW FOR DEMO USE
Turmeric Powder (Haldi Powder),Aishwarya Iyer 11,Srinagar,Jammu & Kashmir,5,This was a pleasant surprise. Used it in dal and vegetables; it gives a nice earthy note. Would recommend trying it once.,FALSE,SYNTHETIC SAMPLE — FICTIONAL CUSTOMER NAME/REVIEW FOR DEMO USE
Turmeric Powder (Haldi Powder),Akshay Jadhav 11,Bhopal,Madhya Pradesh,5,Quite happy with the flavour. Used it in dal and vegetables; it gives a nice earthy note. Good for home cooking.,FALSE,SYNTHETIC SAMPLE — FICTIONAL CUSTOMER NAME/REVIEW FOR DEMO USE
Turmeric Powder (Haldi Powder),Karan Patel 12,Hyderabad,Telangana,3,It is decent for everyday use. The powder looks fresh and has a clean turmeric aroma. I may try another product from the range.,FALSE,SYNTHETIC SAMPLE — FICTIONAL CUSTOMER NAME/REVIEW FOR DEMO USE
