product,reviewer,city,state,rating,review,review_type
Black Pepper + Coriander,Sample Customer 001,Noida,Uttar Pradesh,5,The aroma was noticeable as soon as I opened the pack. Convenient combo when making gravies and marinades. The quality felt consistent across the pack.,SYNTHETIC SAMPLE — NOT A REAL CUSTOMER REVIEW
Black Pepper + Coriander,Sample Customer 002,Ahmedabad,Gujarat,5,"I was mainly looking for a fresh spice and this did the job. Convenient combo when making gravies and marinades. Simple product, good flavour, and useful for daily meals.",SYNTHETIC SAMPLE — NOT A REAL CUSTOMER REVIEW
Black Pepper + Coriander,Sample Customer 003,Kolkata,West Bengal,5,Tried this for the first time and the quality surprised me. The pepper and coriander flavours complement each other nicely. Used it in dal and sabzi and liked the result.,SYNTHETIC SAMPLE — NOT A REAL CUSTOMER REVIEW
Black Pepper + Coriander,Sample Customer 004,Chennai,Tamil Nadu,5,"Packaging was neat and the product reached me in good condition. Convenient combo when making gravies and marinades. Simple product, good flavour, and useful for daily meals.",SYNTHETIC SAMPLE — NOT A REAL CUSTOMER REVIEW
Black Pepper + Coriander,Sample Customer 005,Raipur,Chhattisgarh,5,I liked the freshness of the powder. Both spices are useful together for daily cooking. The quality felt consistent across the pack.,SYNTHETIC SAMPLE — NOT A REAL CUSTOMER REVIEW
Black Pepper + Coriander,Sample Customer 006,Gurugram,Haryana,5,"I was mainly looking for a fresh spice and this did the job. Both spices are useful together for daily cooking. Simple product, good flavour, and useful for daily meals.",SYNTHETIC SAMPLE — NOT A REAL CUSTOMER REVIEW
Black Pepper + Coriander,Sample Customer 007,Srinagar,Jammu & Kashmir,4,Tried this for the first time and the quality surprised me. Both spices are useful together for daily cooking. The quality felt consistent across the pack.,SYNTHETIC SAMPLE — NOT A REAL CUSTOMER REVIEW
Black Pepper + Coriander,Sample Customer 008,Bhopal,Madhya Pradesh,5,Tried this for the first time and the quality surprised me. Convenient combo when making gravies and marinades. Happy with the first order.,SYNTHETIC SAMPLE — NOT A REAL CUSTOMER REVIEW
Black Pepper + Coriander,Sample Customer 009,Hyderabad,Telangana,5,This has become a regular item in my kitchen. Both spices are useful together for daily cooking. Would consider ordering it again.,SYNTHETIC SAMPLE — NOT A REAL CUSTOMER REVIEW
Black Pepper + Coriander,Sample Customer 010,Goa,Goa,5,The aroma was noticeable as soon as I opened the pack. Both spices are useful together for daily cooking. I would be comfortable buying this again.,SYNTHETIC SAMPLE — NOT A REAL CUSTOMER REVIEW
Black Pepper + Coriander,Sample Customer 011,New Delhi,Delhi,3,"The pack was properly sealed and easy to store. Convenient combo when making gravies and marinades. Overall, a pleasant purchase.",SYNTHETIC SAMPLE — NOT A REAL CUSTOMER REVIEW
Black Pepper + Coriander,Sample Customer 012,Jammu,Jammu & Kashmir,5,I have been using this in everyday cooking and it has worked well. The pepper and coriander flavours complement each other nicely. It worked nicely in home-style cooking.,SYNTHETIC SAMPLE — NOT A REAL CUSTOMER REVIEW
Black Pepper + Coriander,Sample Customer 013,Indore,Madhya Pradesh,5,"The taste felt balanced in the dishes I made. Convenient combo when making gravies and marinades. Overall, a pleasant purchase.",SYNTHETIC SAMPLE — NOT A REAL CUSTOMER REVIEW
Black Pepper + Coriander,Sample Customer 014,Bengaluru,Karnataka,4,"The flavour is quite natural and not overpowering. The pepper and coriander flavours complement each other nicely. Simple product, good flavour, and useful for daily meals.",SYNTHETIC SAMPLE — NOT A REAL CUSTOMER REVIEW
Black Pepper + Coriander,Sample Customer 015,Visakhapatnam,Andhra Pradesh,5,"I was mainly looking for a fresh spice and this did the job. The pepper and coriander flavours complement each other nicely. Overall, a pleasant purchase.",SYNTHETIC SAMPLE — NOT A REAL CUSTOMER REVIEW
Black Pepper + Coriander,Sample Customer 016,Jodhpur,Rajasthan,5,Packaging was neat and the product reached me in good condition. Both spices are useful together for daily cooking. Used it in dal and sabzi and liked the result.,SYNTHETIC SAMPLE — NOT A REAL CUSTOMER REVIEW
Black Pepper + Coriander,Sample Customer 017,Shimla,Himachal Pradesh,5,The aroma was noticeable as soon as I opened the pack. Convenient combo when making gravies and marinades. Happy with the first order.,SYNTHETIC SAMPLE — NOT A REAL CUSTOMER REVIEW
Black Pepper + Coriander,Sample Customer 018,Nagpur,Maharashtra,5,I have been using this in everyday cooking and it has worked well. The pepper and coriander flavours complement each other nicely. Happy with the first order.,SYNTHETIC SAMPLE — NOT A REAL CUSTOMER REVIEW
Black Pepper + Coriander,Sample Customer 019,Guwahati,Assam,5,This has become a regular item in my kitchen. The pepper and coriander flavours complement each other nicely. Happy with the first order.,SYNTHETIC SAMPLE — NOT A REAL CUSTOMER REVIEW
Black Pepper + Coriander,Sample Customer 020,Vijayawada,Andhra Pradesh,5,The aroma was noticeable as soon as I opened the pack. The pepper and coriander flavours complement each other nicely. I would be comfortable buying this again.,SYNTHETIC SAMPLE — NOT A REAL CUSTOMER REVIEW
Black Pepper + Coriander,Sample Customer 021,Jaipur,Rajasthan,4,"The aroma was noticeable as soon as I opened the pack. Both spices are useful together for daily cooking. So far, a good experience.",SYNTHETIC SAMPLE — NOT A REAL CUSTOMER REVIEW
Black Pepper + Coriander,Sample Customer 022,Dehradun,Uttarakhand,3,"I liked the freshness of the powder. Convenient combo when making gravies and marinades. So far, a good experience.",SYNTHETIC SAMPLE — NOT A REAL CUSTOMER REVIEW
Black Pepper + Coriander,Sample Customer 023,Pune,Maharashtra,5,Tried this for the first time and the quality surprised me. The pepper and coriander flavours complement each other nicely. I would be comfortable buying this again.,SYNTHETIC SAMPLE — NOT A REAL CUSTOMER REVIEW
Black Pepper + Coriander,Sample Customer 024,Patna,Bihar,5,Bought this along with a few other Dishu products. Convenient combo when making gravies and marinades. Would consider ordering it again.,SYNTHETIC SAMPLE — NOT A REAL CUSTOMER REVIEW
Black Pepper + Coriander,Sample Customer 025,Thiruvananthapuram,Kerala,5,Packaging was neat and the product reached me in good condition. The pepper and coriander flavours complement each other nicely. Used it in dal and sabzi and liked the result.,SYNTHETIC SAMPLE — NOT A REAL CUSTOMER REVIEW
Black Pepper + Coriander,Sample Customer 026,Chandigarh,Chandigarh,5,Good option for everyday Indian cooking. Convenient combo when making gravies and marinades. The quality felt consistent across the pack.,SYNTHETIC SAMPLE — NOT A REAL CUSTOMER REVIEW
Black Pepper + Coriander,Sample Customer 027,Varanasi,Uttar Pradesh,5,"Good option for everyday Indian cooking. The pepper and coriander flavours complement each other nicely. Overall, a pleasant purchase.",SYNTHETIC SAMPLE — NOT A REAL CUSTOMER REVIEW
Black Pepper + Coriander,Sample Customer 028,Mumbai,Maharashtra,4,The pack was properly sealed and easy to store. Convenient combo when making gravies and marinades. Used it in dal and sabzi and liked the result.,SYNTHETIC SAMPLE — NOT A REAL CUSTOMER REVIEW
Black Pepper + Coriander,Sample Customer 029,Ranchi,Jharkhand,5,"The flavour is quite natural and not overpowering. The pepper and coriander flavours complement each other nicely. Overall, a pleasant purchase.",SYNTHETIC SAMPLE — NOT A REAL CUSTOMER REVIEW
Black Pepper + Coriander,Sample Customer 030,Kochi,Kerala,5,I have been using this in everyday cooking and it has worked well. The pepper and coriander flavours complement each other nicely. Good addition to the kitchen shelf.,SYNTHETIC SAMPLE — NOT A REAL CUSTOMER REVIEW
Black Pepper + Coriander,Sample Customer 031,Ludhiana,Punjab,5,Tried this for the first time and the quality surprised me. Convenient combo when making gravies and marinades. The quality felt consistent across the pack.,SYNTHETIC SAMPLE — NOT A REAL CUSTOMER REVIEW
Black Pepper + Coriander,Sample Customer 032,Lucknow,Uttar Pradesh,5,This has become a regular item in my kitchen. Convenient combo when making gravies and marinades. I would be comfortable buying this again.,SYNTHETIC SAMPLE — NOT A REAL CUSTOMER REVIEW
Black Pepper + Coriander,Sample Customer 033,Surat,Gujarat,3,"The taste felt balanced in the dishes I made. Both spices are useful together for daily cooking. Simple product, good flavour, and useful for daily meals.",SYNTHETIC SAMPLE — NOT A REAL CUSTOMER REVIEW
Black Pepper + Coriander,Sample Customer 034,Bhubaneswar,Odisha,5,"Good option for everyday Indian cooking. Both spices are useful together for daily cooking. Simple product, good flavour, and useful for daily meals.",SYNTHETIC SAMPLE — NOT A REAL CUSTOMER REVIEW
Black Pepper + Coriander,Sample Customer 035,Coimbatore,Tamil Nadu,4,"The taste felt balanced in the dishes I made. Both spices are useful together for daily cooking. Overall, a pleasant purchase.",SYNTHETIC SAMPLE — NOT A REAL CUSTOMER REVIEW
Black Pepper + Coriander,Sample Customer 036,Amritsar,Punjab,5,"Bought this along with a few other Dishu products. The pepper and coriander flavours complement each other nicely. Simple product, good flavour, and useful for daily meals.",SYNTHETIC SAMPLE — NOT A REAL CUSTOMER REVIEW
Black Pepper + Coriander,Sample Customer 037,Noida,Uttar Pradesh,5,"I liked the freshness of the powder. Convenient combo when making gravies and marinades. So far, a good experience.",SYNTHETIC SAMPLE — NOT A REAL CUSTOMER REVIEW
Black Pepper + Coriander,Sample Customer 038,Ahmedabad,Gujarat,5,This has become a regular item in my kitchen. The pepper and coriander flavours complement each other nicely. I would be comfortable buying this again.,SYNTHETIC SAMPLE — NOT A REAL CUSTOMER REVIEW
Black Pepper + Coriander,Sample Customer 039,Kolkata,West Bengal,5,The taste felt balanced in the dishes I made. Both spices are useful together for daily cooking. It worked nicely in home-style cooking.,SYNTHETIC SAMPLE — NOT A REAL CUSTOMER REVIEW
Black Pepper + Coriander,Sample Customer 040,Chennai,Tamil Nadu,5,"The pack was properly sealed and easy to store. The pepper and coriander flavours complement each other nicely. Overall, a pleasant purchase.",SYNTHETIC SAMPLE — NOT A REAL CUSTOMER REVIEW
Black Pepper + Coriander,Sample Customer 041,Raipur,Chhattisgarh,5,The pack was properly sealed and easy to store. Convenient combo when making gravies and marinades. It worked nicely in home-style cooking.,SYNTHETIC SAMPLE — NOT A REAL CUSTOMER REVIEW
Black Pepper + Coriander,Sample Customer 042,Gurugram,Haryana,4,The flavour is quite natural and not overpowering. The pepper and coriander flavours complement each other nicely. I would be comfortable buying this again.,SYNTHETIC SAMPLE — NOT A REAL CUSTOMER REVIEW
Black Pepper + Coriander,Sample Customer 043,Srinagar,Jammu & Kashmir,5,I liked the freshness of the powder. The pepper and coriander flavours complement each other nicely. Would consider ordering it again.,SYNTHETIC SAMPLE — NOT A REAL CUSTOMER REVIEW
Black Pepper + Coriander,Sample Customer 044,Bhopal,Madhya Pradesh,3,I was mainly looking for a fresh spice and this did the job. The pepper and coriander flavours complement each other nicely. The quality felt consistent across the pack.,SYNTHETIC SAMPLE — NOT A REAL CUSTOMER REVIEW
Black Pepper + Coriander,Sample Customer 045,Hyderabad,Telangana,5,Tried this for the first time and the quality surprised me. The pepper and coriander flavours complement each other nicely. Would consider ordering it again.,SYNTHETIC SAMPLE — NOT A REAL CUSTOMER REVIEW
Black Pepper + Coriander,Sample Customer 046,Goa,Goa,5,"Packaging was neat and the product reached me in good condition. Both spices are useful together for daily cooking. Overall, a pleasant purchase.",SYNTHETIC SAMPLE — NOT A REAL CUSTOMER REVIEW
Black Pepper + Coriander,Sample Customer 047,New Delhi,Delhi,5,"Good option for everyday Indian cooking. Both spices are useful together for daily cooking. Simple product, good flavour, and useful for daily meals.",SYNTHETIC SAMPLE — NOT A REAL CUSTOMER REVIEW
Black Pepper + Coriander,Sample Customer 048,Jammu,Jammu & Kashmir,5,The taste felt balanced in the dishes I made. Convenient combo when making gravies and marinades. I would be comfortable buying this again.,SYNTHETIC SAMPLE — NOT A REAL CUSTOMER REVIEW
Black Pepper + Coriander,Sample Customer 049,Indore,Madhya Pradesh,4,The taste felt balanced in the dishes I made. Convenient combo when making gravies and marinades. Would consider ordering it again.,SYNTHETIC SAMPLE — NOT A REAL CUSTOMER REVIEW
Black Pepper + Coriander,Sample Customer 050,Bengaluru,Karnataka,5,Packaging was neat and the product reached me in good condition. Both spices are useful together for daily cooking. It worked nicely in home-style cooking.,SYNTHETIC SAMPLE — NOT A REAL CUSTOMER REVIEW
Black Pepper + Coriander,Sample Customer 051,Visakhapatnam,Andhra Pradesh,5,"Tried this for the first time and the quality surprised me. Convenient combo when making gravies and marinades. So far, a good experience.",SYNTHETIC SAMPLE — NOT A REAL CUSTOMER REVIEW
Black Pepper + Coriander,Sample Customer 052,Jodhpur,Rajasthan,5,I liked the freshness of the powder. Both spices are useful together for daily cooking. Happy with the first order.,SYNTHETIC SAMPLE — NOT A REAL CUSTOMER REVIEW
Black Pepper + Coriander,Sample Customer 053,Shimla,Himachal Pradesh,5,Tried this for the first time and the quality surprised me. Convenient combo when making gravies and marinades. Would consider ordering it again.,SYNTHETIC SAMPLE — NOT A REAL CUSTOMER REVIEW
Black Pepper + Coriander,Sample Customer 054,Nagpur,Maharashtra,5,"I have been using this in everyday cooking and it has worked well. The pepper and coriander flavours complement each other nicely. Simple product, good flavour, and useful for daily meals.",SYNTHETIC SAMPLE — NOT A REAL CUSTOMER REVIEW
Black Pepper + Coriander,Sample Customer 055,Guwahati,Assam,3,Tried this for the first time and the quality surprised me. The pepper and coriander flavours complement each other nicely. Would consider ordering it again.,SYNTHETIC SAMPLE — NOT A REAL CUSTOMER REVIEW
Black Pepper + Coriander,Sample Customer 056,Vijayawada,Andhra Pradesh,4,I was mainly looking for a fresh spice and this did the job. The pepper and coriander flavours complement each other nicely. The quality felt consistent across the pack.,SYNTHETIC SAMPLE — NOT A REAL CUSTOMER REVIEW
Black Pepper + Coriander,Sample Customer 057,Jaipur,Rajasthan,5,I have been using this in everyday cooking and it has worked well. Both spices are useful together for daily cooking. Would consider ordering it again.,SYNTHETIC SAMPLE — NOT A REAL CUSTOMER REVIEW
Black Pepper + Coriander,Sample Customer 058,Dehradun,Uttarakhand,5,I have been using this in everyday cooking and it has worked well. The pepper and coriander flavours complement each other nicely. Good addition to the kitchen shelf.,SYNTHETIC SAMPLE — NOT A REAL CUSTOMER REVIEW
Black Pepper + Coriander,Sample Customer 059,Pune,Maharashtra,5,"The flavour is quite natural and not overpowering. Both spices are useful together for daily cooking. Overall, a pleasant purchase.",SYNTHETIC SAMPLE — NOT A REAL CUSTOMER REVIEW
Black Pepper + Coriander,Sample Customer 060,Patna,Bihar,5,The pack was properly sealed and easy to store. The pepper and coriander flavours complement each other nicely. It worked nicely in home-style cooking.,SYNTHETIC SAMPLE — NOT A REAL CUSTOMER REVIEW
Black Pepper + Coriander,Sample Customer 061,Thiruvananthapuram,Kerala,5,I was mainly looking for a fresh spice and this did the job. The pepper and coriander flavours complement each other nicely. It worked nicely in home-style cooking.,SYNTHETIC SAMPLE — NOT A REAL CUSTOMER REVIEW
Black Pepper + Coriander,Sample Customer 062,Chandigarh,Chandigarh,5,This has become a regular item in my kitchen. Convenient combo when making gravies and marinades. The quality felt consistent across the pack.,SYNTHETIC SAMPLE — NOT A REAL CUSTOMER REVIEW
Black Pepper + Coriander,Sample Customer 063,Varanasi,Uttar Pradesh,4,"I was mainly looking for a fresh spice and this did the job. The pepper and coriander flavours complement each other nicely. Overall, a pleasant purchase.",SYNTHETIC SAMPLE — NOT A REAL CUSTOMER REVIEW
Black Pepper + Coriander,Sample Customer 064,Mumbai,Maharashtra,5,The pack was properly sealed and easy to store. Convenient combo when making gravies and marinades. Would consider ordering it again.,SYNTHETIC SAMPLE — NOT A REAL CUSTOMER REVIEW
Black Pepper + Coriander,Sample Customer 065,Ranchi,Jharkhand,5,Packaging was neat and the product reached me in good condition. The pepper and coriander flavours complement each other nicely. It worked nicely in home-style cooking.,SYNTHETIC SAMPLE — NOT A REAL CUSTOMER REVIEW
Black Pepper + Coriander,Sample Customer 066,Kochi,Kerala,3,"I have been using this in everyday cooking and it has worked well. The pepper and coriander flavours complement each other nicely. So far, a good experience.",SYNTHETIC SAMPLE — NOT A REAL CUSTOMER REVIEW
Black Pepper + Garam Masala + Coriander,Sample Customer 001,Dehradun,Uttarakhand,5,"This has become a regular item in my kitchen. I liked having three commonly used spices in one order. Simple product, good flavour, and useful for daily meals.",SYNTHETIC SAMPLE — NOT A REAL CUSTOMER REVIEW
Black Pepper + Garam Masala + Coriander,Sample Customer 002,Pune,Maharashtra,5,"Tried this for the first time and the quality surprised me. A practical combo for curries, pulao and everyday masalas. Used it in dal and sabzi and liked the result.",SYNTHETIC SAMPLE — NOT A REAL CUSTOMER REVIEW
Black Pepper + Garam Masala + Coriander,Sample Customer 003,Patna,Bihar,5,Bought this along with a few other Dishu products. The flavours work nicely together without making dishes taste too strong. The quality felt consistent across the pack.,SYNTHETIC SAMPLE — NOT A REAL CUSTOMER REVIEW
Black Pepper + Garam Masala + Coriander,Sample Customer 004,Thiruvananthapuram,Kerala,5,"I was mainly looking for a fresh spice and this did the job. A practical combo for curries, pulao and everyday masalas. I would be comfortable buying this again.",SYNTHETIC SAMPLE — NOT A REAL CUSTOMER REVIEW
Black Pepper + Garam Masala + Coriander,Sample Customer 005,Chandigarh,Chandigarh,5,I liked the freshness of the powder. The flavours work nicely together without making dishes taste too strong. Would consider ordering it again.,SYNTHETIC SAMPLE — NOT A REAL CUSTOMER REVIEW
Black Pepper + Garam Masala + Coriander,Sample Customer 006,Varanasi,Uttar Pradesh,5,I liked the freshness of the powder. I liked having three commonly used spices in one order. Good addition to the kitchen shelf.,SYNTHETIC SAMPLE — NOT A REAL CUSTOMER REVIEW
Black Pepper + Garam Masala + Coriander,Sample Customer 007,Mumbai,Maharashtra,4,Packaging was neat and the product reached me in good condition. The flavours work nicely together without making dishes taste too strong. I would be comfortable buying this again.,SYNTHETIC SAMPLE — NOT A REAL CUSTOMER REVIEW
Black Pepper + Garam Masala + Coriander,Sample Customer 008,Ranchi,Jharkhand,5,This has become a regular item in my kitchen. The flavours work nicely together without making dishes taste too strong. Happy with the first order.,SYNTHETIC SAMPLE — NOT A REAL CUSTOMER REVIEW
Black Pepper + Garam Masala + Coriander,Sample Customer 009,Kochi,Kerala,5,"The flavour is quite natural and not overpowering. The flavours work nicely together without making dishes taste too strong. So far, a good experience.",SYNTHETIC SAMPLE — NOT A REAL CUSTOMER REVIEW
Black Pepper + Garam Masala + Coriander,Sample Customer 010,Ludhiana,Punjab,5,"Packaging was neat and the product reached me in good condition. A practical combo for curries, pulao and everyday masalas. Would consider ordering it again.",SYNTHETIC SAMPLE — NOT A REAL CUSTOMER REVIEW
Black Pepper + Garam Masala + Coriander,Sample Customer 011,Lucknow,Uttar Pradesh,3,"I was mainly looking for a fresh spice and this did the job. A practical combo for curries, pulao and everyday masalas. The quality felt consistent across the pack.",SYNTHETIC SAMPLE — NOT A REAL CUSTOMER REVIEW
Black Pepper + Garam Masala + Coriander,Sample Customer 012,Surat,Gujarat,5,"I was mainly looking for a fresh spice and this did the job. A practical combo for curries, pulao and everyday masalas. So far, a good experience.",SYNTHETIC SAMPLE — NOT A REAL CUSTOMER REVIEW
Black Pepper + Garam Masala + Coriander,Sample Customer 013,Bhubaneswar,Odisha,5,"I have been using this in everyday cooking and it has worked well. A practical combo for curries, pulao and everyday masalas. So far, a good experience.",SYNTHETIC SAMPLE — NOT A REAL CUSTOMER REVIEW
Black Pepper + Garam Masala + Coriander,Sample Customer 014,Coimbatore,Tamil Nadu,4,The pack was properly sealed and easy to store. I liked having three commonly used spices in one order. Good addition to the kitchen shelf.,SYNTHETIC SAMPLE — NOT A REAL CUSTOMER REVIEW
Black Pepper + Garam Masala + Coriander,Sample Customer 015,Amritsar,Punjab,5,Tried this for the first time and the quality surprised me. The flavours work nicely together without making dishes taste too strong. I would be comfortable buying this again.,SYNTHETIC SAMPLE — NOT A REAL CUSTOMER REVIEW
Black Pepper + Garam Masala + Coriander,Sample Customer 016,Noida,Uttar Pradesh,5,"The aroma was noticeable as soon as I opened the pack. A practical combo for curries, pulao and everyday masalas. Overall, a pleasant purchase.",SYNTHETIC SAMPLE — NOT A REAL CUSTOMER REVIEW
Black Pepper + Garam Masala + Coriander,Sample Customer 017,Ahmedabad,Gujarat,5,Good option for everyday Indian cooking. I liked having three commonly used spices in one order. Happy with the first order.,SYNTHETIC SAMPLE — NOT A REAL CUSTOMER REVIEW
Black Pepper + Garam Masala + Coriander,Sample Customer 018,Kolkata,West Bengal,5,Packaging was neat and the product reached me in good condition. The flavours work nicely together without making dishes taste too strong. Good addition to the kitchen shelf.,SYNTHETIC SAMPLE — NOT A REAL CUSTOMER REVIEW
Black Pepper + Garam Masala + Coriander,Sample Customer 019,Chennai,Tamil Nadu,5,"The flavour is quite natural and not overpowering. The flavours work nicely together without making dishes taste too strong. Simple product, good flavour, and useful for daily meals.",SYNTHETIC SAMPLE — NOT A REAL CUSTOMER REVIEW
Black Pepper + Garam Masala + Coriander,Sample Customer 020,Raipur,Chhattisgarh,5,This has become a regular item in my kitchen. I liked having three commonly used spices in one order. It worked nicely in home-style cooking.,SYNTHETIC SAMPLE — NOT A REAL CUSTOMER REVIEW
Black Pepper + Garam Masala + Coriander,Sample Customer 021,Gurugram,Haryana,4,I was mainly looking for a fresh spice and this did the job. The flavours work nicely together without making dishes taste too strong. Happy with the first order.,SYNTHETIC SAMPLE — NOT A REAL CUSTOMER REVIEW
Black Pepper + Garam Masala + Coriander,Sample Customer 022,Srinagar,Jammu & Kashmir,3,"The taste felt balanced in the dishes I made. The flavours work nicely together without making dishes taste too strong. So far, a good experience.",SYNTHETIC SAMPLE — NOT A REAL CUSTOMER REVIEW
Black Pepper + Garam Masala + Coriander,Sample Customer 023,Bhopal,Madhya Pradesh,5,"I have been using this in everyday cooking and it has worked well. A practical combo for curries, pulao and everyday masalas. Happy with the first order.",SYNTHETIC SAMPLE — NOT A REAL CUSTOMER REVIEW
Black Pepper + Garam Masala + Coriander,Sample Customer 024,Hyderabad,Telangana,5,"I have been using this in everyday cooking and it has worked well. A practical combo for curries, pulao and everyday masalas. The quality felt consistent across the pack.",SYNTHETIC SAMPLE — NOT A REAL CUSTOMER REVIEW
Black Pepper + Garam Masala + Coriander,Sample Customer 025,Goa,Goa,5,I have been using this in everyday cooking and it has worked well. The flavours work nicely together without making dishes taste too strong. It worked nicely in home-style cooking.,SYNTHETIC SAMPLE — NOT A REAL CUSTOMER REVIEW
Black Pepper + Garam Masala + Coriander,Sample Customer 026,New Delhi,Delhi,5,"Packaging was neat and the product reached me in good condition. A practical combo for curries, pulao and everyday masalas. Simple product, good flavour, and useful for daily meals.",SYNTHETIC SAMPLE — NOT A REAL CUSTOMER REVIEW
Black Pepper + Garam Masala + Coriander,Sample Customer 027,Jammu,Jammu & Kashmir,5,Good option for everyday Indian cooking. The flavours work nicely together without making dishes taste too strong. The quality felt consistent across the pack.,SYNTHETIC SAMPLE — NOT A REAL CUSTOMER REVIEW
Black Pepper + Garam Masala + Coriander,Sample Customer 028,Indore,Madhya Pradesh,4,"The aroma was noticeable as soon as I opened the pack. A practical combo for curries, pulao and everyday masalas. Used it in dal and sabzi and liked the result.",SYNTHETIC SAMPLE — NOT A REAL CUSTOMER REVIEW
Black Pepper + Garam Masala + Coriander,Sample Customer 029,Bengaluru,Karnataka,5,"The flavour is quite natural and not overpowering. I liked having three commonly used spices in one order. Simple product, good flavour, and useful for daily meals.",SYNTHETIC SAMPLE — NOT A REAL CUSTOMER REVIEW
Black Pepper + Garam Masala + Coriander,Sample Customer 030,Visakhapatnam,Andhra Pradesh,5,I liked the freshness of the powder. I liked having three commonly used spices in one order. Happy with the first order.,SYNTHETIC SAMPLE — NOT A REAL CUSTOMER REVIEW
Black Pepper + Garam Masala + Coriander,Sample Customer 031,Jodhpur,Rajasthan,5,"I liked the freshness of the powder. A practical combo for curries, pulao and everyday masalas. Good addition to the kitchen shelf.",SYNTHETIC SAMPLE — NOT A REAL CUSTOMER REVIEW
Black Pepper + Garam Masala + Coriander,Sample Customer 032,Shimla,Himachal Pradesh,5,"Bought this along with a few other Dishu products. The flavours work nicely together without making dishes taste too strong. Overall, a pleasant purchase.",SYNTHETIC SAMPLE — NOT A REAL CUSTOMER REVIEW
Black Pepper + Garam Masala + Coriander,Sample Customer 033,Nagpur,Maharashtra,3,"The pack was properly sealed and easy to store. A practical combo for curries, pulao and everyday masalas. I would be comfortable buying this again.",SYNTHETIC SAMPLE — NOT A REAL CUSTOMER REVIEW
Black Pepper + Garam Masala + Coriander,Sample Customer 034,Guwahati,Assam,5,The taste felt balanced in the dishes I made. I liked having three commonly used spices in one order. It worked nicely in home-style cooking.,SYNTHETIC SAMPLE — NOT A REAL CUSTOMER REVIEW
Black Pepper + Garam Masala + Coriander,Sample Customer 035,Vijayawada,Andhra Pradesh,4,"This has become a regular item in my kitchen. A practical combo for curries, pulao and everyday masalas. Simple product, good flavour, and useful for daily meals.",SYNTHETIC SAMPLE — NOT A REAL CUSTOMER REVIEW
Black Pepper + Garam Masala + Coriander,Sample Customer 036,Jaipur,Rajasthan,5,"Tried this for the first time and the quality surprised me. The flavours work nicely together without making dishes taste too strong. Overall, a pleasant purchase.",SYNTHETIC SAMPLE — NOT A REAL CUSTOMER REVIEW
Black Pepper + Garam Masala + Coriander,Sample Customer 037,Dehradun,Uttarakhand,5,Packaging was neat and the product reached me in good condition. I liked having three commonly used spices in one order. Happy with the first order.,SYNTHETIC SAMPLE — NOT A REAL CUSTOMER REVIEW
Black Pepper + Garam Masala + Coriander,Sample Customer 038,Pune,Maharashtra,5,"I have been using this in everyday cooking and it has worked well. I liked having three commonly used spices in one order. Overall, a pleasant purchase.",SYNTHETIC SAMPLE — NOT A REAL CUSTOMER REVIEW
Black Pepper + Garam Masala + Coriander,Sample Customer 039,Patna,Bihar,5,"I have been using this in everyday cooking and it has worked well. A practical combo for curries, pulao and everyday masalas. Good addition to the kitchen shelf.",SYNTHETIC SAMPLE — NOT A REAL CUSTOMER REVIEW
Black Pepper + Garam Masala + Coriander,Sample Customer 040,Thiruvananthapuram,Kerala,5,"This has become a regular item in my kitchen. A practical combo for curries, pulao and everyday masalas. The quality felt consistent across the pack.",SYNTHETIC SAMPLE — NOT A REAL CUSTOMER REVIEW
Black Pepper + Garam Masala + Coriander,Sample Customer 041,Chandigarh,Chandigarh,5,The pack was properly sealed and easy to store. The flavours work nicely together without making dishes taste too strong. Would consider ordering it again.,SYNTHETIC SAMPLE — NOT A REAL CUSTOMER REVIEW
Black Pepper + Garam Masala + Coriander,Sample Customer 042,Varanasi,Uttar Pradesh,4,This has become a regular item in my kitchen. The flavours work nicely together without making dishes taste too strong. Happy with the first order.,SYNTHETIC SAMPLE — NOT A REAL CUSTOMER REVIEW
Black Pepper + Garam Masala + Coriander,Sample Customer 043,Mumbai,Maharashtra,5,"I was mainly looking for a fresh spice and this did the job. A practical combo for curries, pulao and everyday masalas. So far, a good experience.",SYNTHETIC SAMPLE — NOT A REAL CUSTOMER REVIEW
Black Pepper + Garam Masala + Coriander,Sample Customer 044,Ranchi,Jharkhand,3,The aroma was noticeable as soon as I opened the pack. The flavours work nicely together without making dishes taste too strong. I would be comfortable buying this again.,SYNTHETIC SAMPLE — NOT A REAL CUSTOMER REVIEW
Black Pepper + Garam Masala + Coriander,Sample Customer 045,Kochi,Kerala,5,"Good option for everyday Indian cooking. The flavours work nicely together without making dishes taste too strong. Simple product, good flavour, and useful for daily meals.",SYNTHETIC SAMPLE — NOT A REAL CUSTOMER REVIEW
Black Pepper + Garam Masala + Coriander,Sample Customer 046,Ludhiana,Punjab,5,"I liked the freshness of the powder. The flavours work nicely together without making dishes taste too strong. So far, a good experience.",SYNTHETIC SAMPLE — NOT A REAL CUSTOMER REVIEW
Black Pepper + Garam Masala + Coriander,Sample Customer 047,Lucknow,Uttar Pradesh,5,I liked the freshness of the powder. I liked having three commonly used spices in one order. I would be comfortable buying this again.,SYNTHETIC SAMPLE — NOT A REAL CUSTOMER REVIEW
Black Pepper + Garam Masala + Coriander,Sample Customer 048,Surat,Gujarat,5,"The aroma was noticeable as soon as I opened the pack. I liked having three commonly used spices in one order. Simple product, good flavour, and useful for daily meals.",SYNTHETIC SAMPLE — NOT A REAL CUSTOMER REVIEW
Black Pepper + Garam Masala + Coriander,Sample Customer 049,Bhubaneswar,Odisha,4,"Bought this along with a few other Dishu products. I liked having three commonly used spices in one order. So far, a good experience.",SYNTHETIC SAMPLE — NOT A REAL CUSTOMER REVIEW
Black Pepper + Garam Masala + Coriander,Sample Customer 050,Coimbatore,Tamil Nadu,5,"This has become a regular item in my kitchen. The flavours work nicely together without making dishes taste too strong. Simple product, good flavour, and useful for daily meals.",SYNTHETIC SAMPLE — NOT A REAL CUSTOMER REVIEW
Black Pepper + Garam Masala + Coriander,Sample Customer 051,Amritsar,Punjab,5,"The flavour is quite natural and not overpowering. A practical combo for curries, pulao and everyday masalas. Overall, a pleasant purchase.",SYNTHETIC SAMPLE — NOT A REAL CUSTOMER REVIEW
Black Pepper + Garam Masala + Coriander,Sample Customer 052,Noida,Uttar Pradesh,5,"The flavour is quite natural and not overpowering. A practical combo for curries, pulao and everyday masalas. So far, a good experience.",SYNTHETIC SAMPLE — NOT A REAL CUSTOMER REVIEW
Black Pepper + Garam Masala + Coriander,Sample Customer 053,Ahmedabad,Gujarat,5,"Tried this for the first time and the quality surprised me. The flavours work nicely together without making dishes taste too strong. Simple product, good flavour, and useful for daily meals.",SYNTHETIC SAMPLE — NOT A REAL CUSTOMER REVIEW
Black Pepper + Garam Masala + Coriander,Sample Customer 054,Kolkata,West Bengal,5,"The taste felt balanced in the dishes I made. I liked having three commonly used spices in one order. Overall, a pleasant purchase.",SYNTHETIC SAMPLE — NOT A REAL CUSTOMER REVIEW
Black Pepper + Garam Masala + Coriander,Sample Customer 055,Chennai,Tamil Nadu,3,I was mainly looking for a fresh spice and this did the job. I liked having three commonly used spices in one order. It worked nicely in home-style cooking.,SYNTHETIC SAMPLE — NOT A REAL CUSTOMER REVIEW
Black Pepper + Garam Masala + Coriander,Sample Customer 056,Raipur,Chhattisgarh,4,"The pack was properly sealed and easy to store. A practical combo for curries, pulao and everyday masalas. I would be comfortable buying this again.",SYNTHETIC SAMPLE — NOT A REAL CUSTOMER REVIEW
Black Pepper + Garam Masala + Coriander,Sample Customer 057,Gurugram,Haryana,5,The aroma was noticeable as soon as I opened the pack. The flavours work nicely together without making dishes taste too strong. Good addition to the kitchen shelf.,SYNTHETIC SAMPLE — NOT A REAL CUSTOMER REVIEW
Black Pepper + Garam Masala + Coriander,Sample Customer 058,Srinagar,Jammu & Kashmir,5,"I have been using this in everyday cooking and it has worked well. The flavours work nicely together without making dishes taste too strong. Simple product, good flavour, and useful for daily meals.",SYNTHETIC SAMPLE — NOT A REAL CUSTOMER REVIEW
Black Pepper + Garam Masala + Coriander,Sample Customer 059,Bhopal,Madhya Pradesh,5,This has become a regular item in my kitchen. I liked having three commonly used spices in one order. Would consider ordering it again.,SYNTHETIC SAMPLE — NOT A REAL CUSTOMER REVIEW
Black Pepper + Garam Masala + Coriander,Sample Customer 060,Hyderabad,Telangana,5,The pack was properly sealed and easy to store. I liked having three commonly used spices in one order. Happy with the first order.,SYNTHETIC SAMPLE — NOT A REAL CUSTOMER REVIEW
Black Pepper + Garam Masala + Coriander,Sample Customer 061,Goa,Goa,5,Tried this for the first time and the quality surprised me. The flavours work nicely together without making dishes taste too strong. Good addition to the kitchen shelf.,SYNTHETIC SAMPLE — NOT A REAL CUSTOMER REVIEW
Black Pepper + Garam Masala + Coriander,Sample Customer 062,New Delhi,Delhi,5,"I was mainly looking for a fresh spice and this did the job. I liked having three commonly used spices in one order. So far, a good experience.",SYNTHETIC SAMPLE — NOT A REAL CUSTOMER REVIEW
Black Pepper + Garam Masala + Coriander,Sample Customer 063,Jammu,Jammu & Kashmir,4,Packaging was neat and the product reached me in good condition. The flavours work nicely together without making dishes taste too strong. Happy with the first order.,SYNTHETIC SAMPLE — NOT A REAL CUSTOMER REVIEW
Black Pepper + Garam Masala + Coriander,Sample Customer 064,Indore,Madhya Pradesh,5,"Packaging was neat and the product reached me in good condition. I liked having three commonly used spices in one order. Overall, a pleasant purchase.",SYNTHETIC SAMPLE — NOT A REAL CUSTOMER REVIEW
Black Pepper + Garam Masala + Coriander,Sample Customer 065,Bengaluru,Karnataka,5,The flavour is quite natural and not overpowering. The flavours work nicely together without making dishes taste too strong. It worked nicely in home-style cooking.,SYNTHETIC SAMPLE — NOT A REAL CUSTOMER REVIEW
Black Pepper + Garam Masala + Coriander,Sample Customer 066,Visakhapatnam,Andhra Pradesh,3,"Packaging was neat and the product reached me in good condition. A practical combo for curries, pulao and everyday masalas. Happy with the first order.",SYNTHETIC SAMPLE — NOT A REAL CUSTOMER REVIEW
Black Pepper + Garam Masala + Coriander,Sample Customer 067,Jodhpur,Rajasthan,5,"Bought this along with a few other Dishu products. A practical combo for curries, pulao and everyday masalas. It worked nicely in home-style cooking.",SYNTHETIC SAMPLE — NOT A REAL CUSTOMER REVIEW
Black Pepper + Garam Masala + Coriander,Sample Customer 068,Shimla,Himachal Pradesh,5,"Good option for everyday Indian cooking. I liked having three commonly used spices in one order. So far, a good experience.",SYNTHETIC SAMPLE — NOT A REAL CUSTOMER REVIEW
Black Pepper + Garam Masala + Coriander,Sample Customer 069,Nagpur,Maharashtra,5,This has become a regular item in my kitchen. I liked having three commonly used spices in one order. I would be comfortable buying this again.,SYNTHETIC SAMPLE — NOT A REAL CUSTOMER REVIEW
Black Pepper + Garam Masala + Coriander,Sample Customer 070,Guwahati,Assam,4,Tried this for the first time and the quality surprised me. The flavours work nicely together without making dishes taste too strong. Used it in dal and sabzi and liked the result.,SYNTHETIC SAMPLE — NOT A REAL CUSTOMER REVIEW
Black Pepper + Garam Masala + Coriander,Sample Customer 071,Vijayawada,Andhra Pradesh,5,"Good option for everyday Indian cooking. A practical combo for curries, pulao and everyday masalas. So far, a good experience.",SYNTHETIC SAMPLE — NOT A REAL CUSTOMER REVIEW
Black Pepper + Garam Masala + Coriander,Sample Customer 072,Jaipur,Rajasthan,5,Bought this along with a few other Dishu products. I liked having three commonly used spices in one order. I would be comfortable buying this again.,SYNTHETIC SAMPLE — NOT A REAL CUSTOMER REVIEW
Black Pepper + Garam Masala + Coriander,Sample Customer 073,Dehradun,Uttarakhand,5,This has become a regular item in my kitchen. I liked having three commonly used spices in one order. I would be comfortable buying this again.,SYNTHETIC SAMPLE — NOT A REAL CUSTOMER REVIEW
Black Pepper + Garam Masala + Coriander,Sample Customer 074,Pune,Maharashtra,5,"Good option for everyday Indian cooking. A practical combo for curries, pulao and everyday masalas. So far, a good experience.",SYNTHETIC SAMPLE — NOT A REAL CUSTOMER REVIEW
Black Pepper + Garam Masala + Coriander,Sample Customer 075,Patna,Bihar,5,"The aroma was noticeable as soon as I opened the pack. A practical combo for curries, pulao and everyday masalas. Simple product, good flavour, and useful for daily meals.",SYNTHETIC SAMPLE — NOT A REAL CUSTOMER REVIEW
Black Pepper + Garam Masala + Coriander,Sample Customer 076,Thiruvananthapuram,Kerala,5,Bought this along with a few other Dishu products. The flavours work nicely together without making dishes taste too strong. Good addition to the kitchen shelf.,SYNTHETIC SAMPLE — NOT A REAL CUSTOMER REVIEW
Black Pepper + Garam Masala + Coriander,Sample Customer 077,Chandigarh,Chandigarh,3,I was mainly looking for a fresh spice and this did the job. The flavours work nicely together without making dishes taste too strong. Happy with the first order.,SYNTHETIC SAMPLE — NOT A REAL CUSTOMER REVIEW
Black Pepper + Garam Masala + Coriander,Sample Customer 078,Varanasi,Uttar Pradesh,5,Tried this for the first time and the quality surprised me. I liked having three commonly used spices in one order. It worked nicely in home-style cooking.,SYNTHETIC SAMPLE — NOT A REAL CUSTOMER REVIEW
Black Pepper + Garam Masala + Coriander,Sample Customer 079,Mumbai,Maharashtra,5,"I have been using this in everyday cooking and it has worked well. A practical combo for curries, pulao and everyday masalas. I would be comfortable buying this again.",SYNTHETIC SAMPLE — NOT A REAL CUSTOMER REVIEW
Black Pepper + Garam Masala + Coriander,Sample Customer 080,Ranchi,Jharkhand,5,Good option for everyday Indian cooking. I liked having three commonly used spices in one order. I would be comfortable buying this again.,SYNTHETIC SAMPLE — NOT A REAL CUSTOMER REVIEW
Black Pepper + Garam Masala + Coriander,Sample Customer 081,Kochi,Kerala,5,The taste felt balanced in the dishes I made. The flavours work nicely together without making dishes taste too strong. Happy with the first order.,SYNTHETIC SAMPLE — NOT A REAL CUSTOMER REVIEW
Black Pepper + Garam Masala + Coriander,Sample Customer 082,Ludhiana,Punjab,5,Bought this along with a few other Dishu products. I liked having three commonly used spices in one order. Used it in dal and sabzi and liked the result.,SYNTHETIC SAMPLE — NOT A REAL CUSTOMER REVIEW
Black Pepper + Garam Masala + Coriander,Sample Customer 083,Lucknow,Uttar Pradesh,5,"Good option for everyday Indian cooking. I liked having three commonly used spices in one order. Overall, a pleasant purchase.",SYNTHETIC SAMPLE — NOT A REAL CUSTOMER REVIEW
Black Pepper + Garam Masala + Coriander,Sample Customer 084,Surat,Gujarat,4,Bought this along with a few other Dishu products. I liked having three commonly used spices in one order. The quality felt consistent across the pack.,SYNTHETIC SAMPLE — NOT A REAL CUSTOMER REVIEW
Black Pepper + Garam Masala + Coriander,Sample Customer 085,Bhubaneswar,Odisha,5,Good option for everyday Indian cooking. I liked having three commonly used spices in one order. Happy with the first order.,SYNTHETIC SAMPLE — NOT A REAL CUSTOMER REVIEW
Black Pepper + Garam Masala + Coriander,Sample Customer 086,Coimbatore,Tamil Nadu,5,"I liked the freshness of the powder. I liked having three commonly used spices in one order. So far, a good experience.",SYNTHETIC SAMPLE — NOT A REAL CUSTOMER REVIEW
Black Pepper + Garam Masala + Coriander,Sample Customer 087,Amritsar,Punjab,5,I was mainly looking for a fresh spice and this did the job. The flavours work nicely together without making dishes taste too strong. Happy with the first order.,SYNTHETIC SAMPLE — NOT A REAL CUSTOMER REVIEW
Black Pepper + Garam Masala + Coriander,Sample Customer 088,Noida,Uttar Pradesh,3,"Bought this along with a few other Dishu products. A practical combo for curries, pulao and everyday masalas. Overall, a pleasant purchase.",SYNTHETIC SAMPLE — NOT A REAL CUSTOMER REVIEW
Black Pepper + Garam Masala + Coriander,Sample Customer 089,Ahmedabad,Gujarat,5,Packaging was neat and the product reached me in good condition. I liked having three commonly used spices in one order. Happy with the first order.,SYNTHETIC SAMPLE — NOT A REAL CUSTOMER REVIEW
Black Pepper + Garam Masala + Coriander,Sample Customer 090,Kolkata,West Bengal,5,"The flavour is quite natural and not overpowering. A practical combo for curries, pulao and everyday masalas. Used it in dal and sabzi and liked the result.",SYNTHETIC SAMPLE — NOT A REAL CUSTOMER REVIEW
Black Pepper + Garam Masala + Coriander,Sample Customer 091,Chennai,Tamil Nadu,4,The pack was properly sealed and easy to store. The flavours work nicely together without making dishes taste too strong. The quality felt consistent across the pack.,SYNTHETIC SAMPLE — NOT A REAL CUSTOMER REVIEW
Black Pepper + Garam Masala + Coriander,Sample Customer 092,Raipur,Chhattisgarh,5,I have been using this in everyday cooking and it has worked well. I liked having three commonly used spices in one order. The quality felt consistent across the pack.,SYNTHETIC SAMPLE — NOT A REAL CUSTOMER REVIEW
Black Pepper + Garam Masala + Coriander,Sample Customer 093,Gurugram,Haryana,5,I was mainly looking for a fresh spice and this did the job. I liked having three commonly used spices in one order. Happy with the first order.,SYNTHETIC SAMPLE — NOT A REAL CUSTOMER REVIEW
Black Pepper + Garam Masala + Coriander,Sample Customer 094,Srinagar,Jammu & Kashmir,5,"Packaging was neat and the product reached me in good condition. A practical combo for curries, pulao and everyday masalas. Used it in dal and sabzi and liked the result.",SYNTHETIC SAMPLE — NOT A REAL CUSTOMER REVIEW
Black Pepper + Garam Masala + Coriander,Sample Customer 095,Bhopal,Madhya Pradesh,5,"This has become a regular item in my kitchen. A practical combo for curries, pulao and everyday masalas. Overall, a pleasant purchase.",SYNTHETIC SAMPLE — NOT A REAL CUSTOMER REVIEW
Black Pepper + Garam Masala + Coriander,Sample Customer 096,Hyderabad,Telangana,5,"I liked the freshness of the powder. The flavours work nicely together without making dishes taste too strong. Simple product, good flavour, and useful for daily meals.",SYNTHETIC SAMPLE — NOT A REAL CUSTOMER REVIEW
Black Pepper Powder,Sample Customer 001,Srinagar,Jammu & Kashmir,5,The taste felt balanced in the dishes I made. A little was enough to give soups and curries a good kick. Good addition to the kitchen shelf.,SYNTHETIC SAMPLE — NOT A REAL CUSTOMER REVIEW
Black Pepper Powder,Sample Customer 002,Bhopal,Madhya Pradesh,5,"I liked the freshness of the powder. The pepper has a sharp aroma without tasting stale. So far, a good experience.",SYNTHETIC SAMPLE — NOT A REAL CUSTOMER REVIEW
Black Pepper Powder,Sample Customer 003,Hyderabad,Telangana,5,"Packaging was neat and the product reached me in good condition. Nice peppery flavour for chai, eggs and savoury dishes. Would consider ordering it again.",SYNTHETIC SAMPLE — NOT A REAL CUSTOMER REVIEW
Black Pepper Powder,Sample Customer 004,Goa,Goa,5,I was mainly looking for a fresh spice and this did the job. A little was enough to give soups and curries a good kick. Happy with the first order.,SYNTHETIC SAMPLE — NOT A REAL CUSTOMER REVIEW
Black Pepper Powder,Sample Customer 005,New Delhi,Delhi,5,"Tried this for the first time and the quality surprised me. Nice peppery flavour for chai, eggs and savoury dishes. The quality felt consistent across the pack.",SYNTHETIC SAMPLE — NOT A REAL CUSTOMER REVIEW
Black Pepper Powder,Sample Customer 006,Jammu,Jammu & Kashmir,5,"The flavour is quite natural and not overpowering. Nice peppery flavour for chai, eggs and savoury dishes. So far, a good experience.",SYNTHETIC SAMPLE — NOT A REAL CUSTOMER REVIEW
Black Pepper Powder,Sample Customer 007,Indore,Madhya Pradesh,4,"The flavour is quite natural and not overpowering. Nice peppery flavour for chai, eggs and savoury dishes. It worked nicely in home-style cooking.",SYNTHETIC SAMPLE — NOT A REAL CUSTOMER REVIEW
Black Pepper Powder,Sample Customer 008,Bengaluru,Karnataka,5,Bought this along with a few other Dishu products. A little was enough to give soups and curries a good kick. The quality felt consistent across the pack.,SYNTHETIC SAMPLE — NOT A REAL CUSTOMER REVIEW
Black Pepper Powder,Sample Customer 009,Visakhapatnam,Andhra Pradesh,5,Packaging was neat and the product reached me in good condition. A little was enough to give soups and curries a good kick. The quality felt consistent across the pack.,SYNTHETIC SAMPLE — NOT A REAL CUSTOMER REVIEW
Black Pepper Powder,Sample Customer 010,Jodhpur,Rajasthan,5,I liked the freshness of the powder. A little was enough to give soups and curries a good kick. Would consider ordering it again.,SYNTHETIC SAMPLE — NOT A REAL CUSTOMER REVIEW
Black Pepper Powder,Sample Customer 011,Shimla,Himachal Pradesh,3,I was mainly looking for a fresh spice and this did the job. The pepper has a sharp aroma without tasting stale. It worked nicely in home-style cooking.,SYNTHETIC SAMPLE — NOT A REAL CUSTOMER REVIEW
Black Pepper Powder,Sample Customer 012,Nagpur,Maharashtra,5,"I was mainly looking for a fresh spice and this did the job. Nice peppery flavour for chai, eggs and savoury dishes. It worked nicely in home-style cooking.",SYNTHETIC SAMPLE — NOT A REAL CUSTOMER REVIEW
Black Pepper Powder,Sample Customer 013,Guwahati,Assam,5,"Packaging was neat and the product reached me in good condition. Nice peppery flavour for chai, eggs and savoury dishes. It worked nicely in home-style cooking.",SYNTHETIC SAMPLE — NOT A REAL CUSTOMER REVIEW
Black Pepper Powder,Sample Customer 014,Vijayawada,Andhra Pradesh,4,Packaging was neat and the product reached me in good condition. A little was enough to give soups and curries a good kick. Happy with the first order.,SYNTHETIC SAMPLE — NOT A REAL CUSTOMER REVIEW
Black Pepper Powder,Sample Customer 015,Jaipur,Rajasthan,5,"The aroma was noticeable as soon as I opened the pack. Nice peppery flavour for chai, eggs and savoury dishes. I would be comfortable buying this again.",SYNTHETIC SAMPLE — NOT A REAL CUSTOMER REVIEW
Black Pepper Powder,Sample Customer 016,Dehradun,Uttarakhand,5,Bought this along with a few other Dishu products. The pepper has a sharp aroma without tasting stale. Happy with the first order.,SYNTHETIC SAMPLE — NOT A REAL CUSTOMER REVIEW
Black Pepper Powder,Sample Customer 017,Pune,Maharashtra,5,"The pack was properly sealed and easy to store. Nice peppery flavour for chai, eggs and savoury dishes. It worked nicely in home-style cooking.",SYNTHETIC SAMPLE — NOT A REAL CUSTOMER REVIEW
Black Pepper Powder,Sample Customer 018,Patna,Bihar,5,"The flavour is quite natural and not overpowering. A little was enough to give soups and curries a good kick. So far, a good experience.",SYNTHETIC SAMPLE — NOT A REAL CUSTOMER REVIEW
Black Pepper Powder,Sample Customer 019,Thiruvananthapuram,Kerala,5,Good option for everyday Indian cooking. A little was enough to give soups and curries a good kick. Happy with the first order.,SYNTHETIC SAMPLE — NOT A REAL CUSTOMER REVIEW
Black Pepper Powder,Sample Customer 020,Chandigarh,Chandigarh,5,"I was mainly looking for a fresh spice and this did the job. Nice peppery flavour for chai, eggs and savoury dishes. I would be comfortable buying this again.",SYNTHETIC SAMPLE — NOT A REAL CUSTOMER REVIEW
Black Pepper Powder,Sample Customer 021,Varanasi,Uttar Pradesh,4,"The flavour is quite natural and not overpowering. Nice peppery flavour for chai, eggs and savoury dishes. Happy with the first order.",SYNTHETIC SAMPLE — NOT A REAL CUSTOMER REVIEW
Black Pepper Powder,Sample Customer 022,Mumbai,Maharashtra,3,Tried this for the first time and the quality surprised me. A little was enough to give soups and curries a good kick. I would be comfortable buying this again.,SYNTHETIC SAMPLE — NOT A REAL CUSTOMER REVIEW
Black Pepper Powder,Sample Customer 023,Ranchi,Jharkhand,5,The pack was properly sealed and easy to store. A little was enough to give soups and curries a good kick. It worked nicely in home-style cooking.,SYNTHETIC SAMPLE — NOT A REAL CUSTOMER REVIEW
Black Pepper Powder,Sample Customer 024,Kochi,Kerala,5,"Good option for everyday Indian cooking. Nice peppery flavour for chai, eggs and savoury dishes. I would be comfortable buying this again.",SYNTHETIC SAMPLE — NOT A REAL CUSTOMER REVIEW
Black Pepper Powder,Sample Customer 025,Ludhiana,Punjab,5,"This has become a regular item in my kitchen. The pepper has a sharp aroma without tasting stale. Overall, a pleasant purchase.",SYNTHETIC SAMPLE — NOT A REAL CUSTOMER REVIEW
Black Pepper Powder,Sample Customer 026,Lucknow,Uttar Pradesh,5,"Packaging was neat and the product reached me in good condition. Nice peppery flavour for chai, eggs and savoury dishes. Good addition to the kitchen shelf.",SYNTHETIC SAMPLE — NOT A REAL CUSTOMER REVIEW
Black Pepper Powder,Sample Customer 027,Surat,Gujarat,5,The taste felt balanced in the dishes I made. The pepper has a sharp aroma without tasting stale. Good addition to the kitchen shelf.,SYNTHETIC SAMPLE — NOT A REAL CUSTOMER REVIEW
Black Pepper Powder,Sample Customer 028,Bhubaneswar,Odisha,4,I was mainly looking for a fresh spice and this did the job. The pepper has a sharp aroma without tasting stale. Would consider ordering it again.,SYNTHETIC SAMPLE — NOT A REAL CUSTOMER REVIEW
Black Pepper Powder,Sample Customer 029,Coimbatore,Tamil Nadu,5,"The pack was properly sealed and easy to store. Nice peppery flavour for chai, eggs and savoury dishes. The quality felt consistent across the pack.",SYNTHETIC SAMPLE — NOT A REAL CUSTOMER REVIEW
Black Pepper Powder,Sample Customer 030,Amritsar,Punjab,5,The flavour is quite natural and not overpowering. The pepper has a sharp aroma without tasting stale. Would consider ordering it again.,SYNTHETIC SAMPLE — NOT A REAL CUSTOMER REVIEW
Black Pepper Powder,Sample Customer 031,Noida,Uttar Pradesh,5,The aroma was noticeable as soon as I opened the pack. The pepper has a sharp aroma without tasting stale. The quality felt consistent across the pack.,SYNTHETIC SAMPLE — NOT A REAL CUSTOMER REVIEW
Black Pepper Powder,Sample Customer 032,Ahmedabad,Gujarat,5,Bought this along with a few other Dishu products. A little was enough to give soups and curries a good kick. Happy with the first order.,SYNTHETIC SAMPLE — NOT A REAL CUSTOMER REVIEW
Black Pepper Powder,Sample Customer 033,Kolkata,West Bengal,3,I was mainly looking for a fresh spice and this did the job. A little was enough to give soups and curries a good kick. The quality felt consistent across the pack.,SYNTHETIC SAMPLE — NOT A REAL CUSTOMER REVIEW
Black Pepper Powder,Sample Customer 034,Chennai,Tamil Nadu,5,"The taste felt balanced in the dishes I made. Nice peppery flavour for chai, eggs and savoury dishes. The quality felt consistent across the pack.",SYNTHETIC SAMPLE — NOT A REAL CUSTOMER REVIEW
Black Pepper Powder,Sample Customer 035,Raipur,Chhattisgarh,4,"The flavour is quite natural and not overpowering. The pepper has a sharp aroma without tasting stale. Simple product, good flavour, and useful for daily meals.",SYNTHETIC SAMPLE — NOT A REAL CUSTOMER REVIEW
Black Pepper Powder,Sample Customer 036,Gurugram,Haryana,5,The taste felt balanced in the dishes I made. The pepper has a sharp aroma without tasting stale. It worked nicely in home-style cooking.,SYNTHETIC SAMPLE — NOT A REAL CUSTOMER REVIEW
Black Pepper Powder,Sample Customer 037,Srinagar,Jammu & Kashmir,5,Bought this along with a few other Dishu products. The pepper has a sharp aroma without tasting stale. It worked nicely in home-style cooking.,SYNTHETIC SAMPLE — NOT A REAL CUSTOMER REVIEW
Black Pepper Powder,Sample Customer 038,Bhopal,Madhya Pradesh,5,"I liked the freshness of the powder. Nice peppery flavour for chai, eggs and savoury dishes. I would be comfortable buying this again.",SYNTHETIC SAMPLE — NOT A REAL CUSTOMER REVIEW
Black Pepper Powder,Sample Customer 039,Hyderabad,Telangana,5,Bought this along with a few other Dishu products. A little was enough to give soups and curries a good kick. It worked nicely in home-style cooking.,SYNTHETIC SAMPLE — NOT A REAL CUSTOMER REVIEW
Black Pepper Powder,Sample Customer 040,Goa,Goa,5,"Packaging was neat and the product reached me in good condition. A little was enough to give soups and curries a good kick. Simple product, good flavour, and useful for daily meals.",SYNTHETIC SAMPLE — NOT A REAL CUSTOMER REVIEW
Black Pepper Powder,Sample Customer 041,New Delhi,Delhi,5,"Packaging was neat and the product reached me in good condition. The pepper has a sharp aroma without tasting stale. Simple product, good flavour, and useful for daily meals.",SYNTHETIC SAMPLE — NOT A REAL CUSTOMER REVIEW
Black Pepper Powder,Sample Customer 042,Jammu,Jammu & Kashmir,4,"I was mainly looking for a fresh spice and this did the job. Nice peppery flavour for chai, eggs and savoury dishes. Happy with the first order.",SYNTHETIC SAMPLE — NOT A REAL CUSTOMER REVIEW
Black Pepper Powder,Sample Customer 043,Indore,Madhya Pradesh,5,"The flavour is quite natural and not overpowering. The pepper has a sharp aroma without tasting stale. Simple product, good flavour, and useful for daily meals.",SYNTHETIC SAMPLE — NOT A REAL CUSTOMER REVIEW
Black Pepper Powder,Sample Customer 044,Bengaluru,Karnataka,3,"Good option for everyday Indian cooking. The pepper has a sharp aroma without tasting stale. Overall, a pleasant purchase.",SYNTHETIC SAMPLE — NOT A REAL CUSTOMER REVIEW
Black Pepper Powder,Sample Customer 045,Visakhapatnam,Andhra Pradesh,5,I have been using this in everyday cooking and it has worked well. A little was enough to give soups and curries a good kick. Used it in dal and sabzi and liked the result.,SYNTHETIC SAMPLE — NOT A REAL CUSTOMER REVIEW
Black Pepper Powder,Sample Customer 046,Jodhpur,Rajasthan,5,"Packaging was neat and the product reached me in good condition. Nice peppery flavour for chai, eggs and savoury dishes. It worked nicely in home-style cooking.",SYNTHETIC SAMPLE — NOT A REAL CUSTOMER REVIEW
Black Pepper Powder,Sample Customer 047,Shimla,Himachal Pradesh,5,"I have been using this in everyday cooking and it has worked well. A little was enough to give soups and curries a good kick. So far, a good experience.",SYNTHETIC SAMPLE — NOT A REAL CUSTOMER REVIEW
Black Pepper Powder,Sample Customer 048,Nagpur,Maharashtra,5,"I have been using this in everyday cooking and it has worked well. Nice peppery flavour for chai, eggs and savoury dishes. Overall, a pleasant purchase.",SYNTHETIC SAMPLE — NOT A REAL CUSTOMER REVIEW
Black Pepper Powder,Sample Customer 049,Guwahati,Assam,4,I have been using this in everyday cooking and it has worked well. The pepper has a sharp aroma without tasting stale. Happy with the first order.,SYNTHETIC SAMPLE — NOT A REAL CUSTOMER REVIEW
Black Pepper Powder,Sample Customer 050,Vijayawada,Andhra Pradesh,5,The taste felt balanced in the dishes I made. A little was enough to give soups and curries a good kick. Good addition to the kitchen shelf.,SYNTHETIC SAMPLE — NOT A REAL CUSTOMER REVIEW
Black Pepper Powder,Sample Customer 051,Jaipur,Rajasthan,5,"Bought this along with a few other Dishu products. Nice peppery flavour for chai, eggs and savoury dishes. The quality felt consistent across the pack.",SYNTHETIC SAMPLE — NOT A REAL CUSTOMER REVIEW
Black Pepper Powder,Sample Customer 052,Dehradun,Uttarakhand,5,"The flavour is quite natural and not overpowering. A little was enough to give soups and curries a good kick. Simple product, good flavour, and useful for daily meals.",SYNTHETIC SAMPLE — NOT A REAL CUSTOMER REVIEW
Black Pepper Powder,Sample Customer 053,Pune,Maharashtra,5,The pack was properly sealed and easy to store. A little was enough to give soups and curries a good kick. I would be comfortable buying this again.,SYNTHETIC SAMPLE — NOT A REAL CUSTOMER REVIEW
Black Pepper Powder,Sample Customer 054,Patna,Bihar,5,I have been using this in everyday cooking and it has worked well. A little was enough to give soups and curries a good kick. The quality felt consistent across the pack.,SYNTHETIC SAMPLE — NOT A REAL CUSTOMER REVIEW
Black Pepper Powder,Sample Customer 055,Thiruvananthapuram,Kerala,3,"The taste felt balanced in the dishes I made. Nice peppery flavour for chai, eggs and savoury dishes. Good addition to the kitchen shelf.",SYNTHETIC SAMPLE — NOT A REAL CUSTOMER REVIEW
Black Pepper Powder,Sample Customer 056,Chandigarh,Chandigarh,4,"Tried this for the first time and the quality surprised me. The pepper has a sharp aroma without tasting stale. So far, a good experience.",SYNTHETIC SAMPLE — NOT A REAL CUSTOMER REVIEW
Black Pepper Powder,Sample Customer 057,Varanasi,Uttar Pradesh,5,The taste felt balanced in the dishes I made. The pepper has a sharp aroma without tasting stale. I would be comfortable buying this again.,SYNTHETIC SAMPLE — NOT A REAL CUSTOMER REVIEW
Black Pepper Powder,Sample Customer 058,Mumbai,Maharashtra,5,The aroma was noticeable as soon as I opened the pack. A little was enough to give soups and curries a good kick. Would consider ordering it again.,SYNTHETIC SAMPLE — NOT A REAL CUSTOMER REVIEW
Black Pepper Powder,Sample Customer 059,Ranchi,Jharkhand,5,"Packaging was neat and the product reached me in good condition. Nice peppery flavour for chai, eggs and savoury dishes. The quality felt consistent across the pack.",SYNTHETIC SAMPLE — NOT A REAL CUSTOMER REVIEW
Black Pepper Powder,Sample Customer 060,Kochi,Kerala,5,The pack was properly sealed and easy to store. The pepper has a sharp aroma without tasting stale. Good addition to the kitchen shelf.,SYNTHETIC SAMPLE — NOT A REAL CUSTOMER REVIEW
Black Pepper Powder,Sample Customer 061,Ludhiana,Punjab,5,I have been using this in everyday cooking and it has worked well. The pepper has a sharp aroma without tasting stale. Would consider ordering it again.,SYNTHETIC SAMPLE — NOT A REAL CUSTOMER REVIEW
Black Pepper Powder,Sample Customer 062,Lucknow,Uttar Pradesh,5,"Packaging was neat and the product reached me in good condition. A little was enough to give soups and curries a good kick. Simple product, good flavour, and useful for daily meals.",SYNTHETIC SAMPLE — NOT A REAL CUSTOMER REVIEW
Black Pepper Powder,Sample Customer 063,Surat,Gujarat,4,This has become a regular item in my kitchen. A little was enough to give soups and curries a good kick. Happy with the first order.,SYNTHETIC SAMPLE — NOT A REAL CUSTOMER REVIEW
Black Pepper Powder,Sample Customer 064,Bhubaneswar,Odisha,5,The pack was properly sealed and easy to store. The pepper has a sharp aroma without tasting stale. Used it in dal and sabzi and liked the result.,SYNTHETIC SAMPLE — NOT A REAL CUSTOMER REVIEW
Black Pepper Powder,Sample Customer 065,Coimbatore,Tamil Nadu,5,Bought this along with a few other Dishu products. A little was enough to give soups and curries a good kick. Used it in dal and sabzi and liked the result.,SYNTHETIC SAMPLE — NOT A REAL CUSTOMER REVIEW
Black Pepper Powder,Sample Customer 066,Amritsar,Punjab,3,The pack was properly sealed and easy to store. A little was enough to give soups and curries a good kick. It worked nicely in home-style cooking.,SYNTHETIC SAMPLE — NOT A REAL CUSTOMER REVIEW
Black Pepper Powder,Sample Customer 067,Noida,Uttar Pradesh,5,The taste felt balanced in the dishes I made. A little was enough to give soups and curries a good kick. I would be comfortable buying this again.,SYNTHETIC SAMPLE — NOT A REAL CUSTOMER REVIEW
Black Pepper Powder,Sample Customer 068,Ahmedabad,Gujarat,5,"The flavour is quite natural and not overpowering. A little was enough to give soups and curries a good kick. So far, a good experience.",SYNTHETIC SAMPLE — NOT A REAL CUSTOMER REVIEW
Black Pepper Powder,Sample Customer 069,Kolkata,West Bengal,5,"Tried this for the first time and the quality surprised me. Nice peppery flavour for chai, eggs and savoury dishes. I would be comfortable buying this again.",SYNTHETIC SAMPLE — NOT A REAL CUSTOMER REVIEW
Black Pepper Powder,Sample Customer 070,Chennai,Tamil Nadu,4,"I liked the freshness of the powder. Nice peppery flavour for chai, eggs and savoury dishes. I would be comfortable buying this again.",SYNTHETIC SAMPLE — NOT A REAL CUSTOMER REVIEW
Black Pepper Powder,Sample Customer 071,Raipur,Chhattisgarh,5,"I liked the freshness of the powder. The pepper has a sharp aroma without tasting stale. Overall, a pleasant purchase.",SYNTHETIC SAMPLE — NOT A REAL CUSTOMER REVIEW
Black Pepper Powder,Sample Customer 072,Gurugram,Haryana,5,The flavour is quite natural and not overpowering. The pepper has a sharp aroma without tasting stale. Happy with the first order.,SYNTHETIC SAMPLE — NOT A REAL CUSTOMER REVIEW
Black Pepper Powder,Sample Customer 073,Srinagar,Jammu & Kashmir,5,Tried this for the first time and the quality surprised me. A little was enough to give soups and curries a good kick. The quality felt consistent across the pack.,SYNTHETIC SAMPLE — NOT A REAL CUSTOMER REVIEW
Black Pepper Powder,Sample Customer 074,Bhopal,Madhya Pradesh,5,"The pack was properly sealed and easy to store. Nice peppery flavour for chai, eggs and savoury dishes. Would consider ordering it again.",SYNTHETIC SAMPLE — NOT A REAL CUSTOMER REVIEW
Black Pepper Powder,Sample Customer 075,Hyderabad,Telangana,5,"The flavour is quite natural and not overpowering. Nice peppery flavour for chai, eggs and savoury dishes. Happy with the first order.",SYNTHETIC SAMPLE — NOT A REAL CUSTOMER REVIEW
Coriander Powder,Sample Customer 001,Mumbai,Maharashtra,5,The pack was properly sealed and easy to store. It gives curries a fresh coriander aroma. It worked nicely in home-style cooking.,SYNTHETIC SAMPLE — NOT A REAL CUSTOMER REVIEW
Coriander Powder,Sample Customer 002,Ranchi,Jharkhand,5,Good option for everyday Indian cooking. It gives curries a fresh coriander aroma. It worked nicely in home-style cooking.,SYNTHETIC SAMPLE — NOT A REAL CUSTOMER REVIEW
Coriander Powder,Sample Customer 003,Kochi,Kerala,5,"The taste felt balanced in the dishes I made. The powder blended nicely into gravy without clumping. Simple product, good flavour, and useful for daily meals.",SYNTHETIC SAMPLE — NOT A REAL CUSTOMER REVIEW
Coriander Powder,Sample Customer 004,Ludhiana,Punjab,5,"Packaging was neat and the product reached me in good condition. The powder blended nicely into gravy without clumping. Overall, a pleasant purchase.",SYNTHETIC SAMPLE — NOT A REAL CUSTOMER REVIEW
Coriander Powder,Sample Customer 005,Lucknow,Uttar Pradesh,5,Packaging was neat and the product reached me in good condition. Used it for sabzi and dal; the flavour was mild and earthy. Used it in dal and sabzi and liked the result.,SYNTHETIC SAMPLE — NOT A REAL CUSTOMER REVIEW
Coriander Powder,Sample Customer 006,Surat,Gujarat,5,"I have been using this in everyday cooking and it has worked well. It gives curries a fresh coriander aroma. Overall, a pleasant purchase.",SYNTHETIC SAMPLE — NOT A REAL CUSTOMER REVIEW
Coriander Powder,Sample Customer 007,Bhubaneswar,Odisha,4,Good option for everyday Indian cooking. Used it for sabzi and dal; the flavour was mild and earthy. I would be comfortable buying this again.,SYNTHETIC SAMPLE — NOT A REAL CUSTOMER REVIEW
Coriander Powder,Sample Customer 008,Coimbatore,Tamil Nadu,5,"The aroma was noticeable as soon as I opened the pack. The powder blended nicely into gravy without clumping. Simple product, good flavour, and useful for daily meals.",SYNTHETIC SAMPLE — NOT A REAL CUSTOMER REVIEW
Coriander Powder,Sample Customer 009,Amritsar,Punjab,5,Packaging was neat and the product reached me in good condition. The powder blended nicely into gravy without clumping. It worked nicely in home-style cooking.,SYNTHETIC SAMPLE — NOT A REAL CUSTOMER REVIEW
Coriander Powder,Sample Customer 010,Noida,Uttar Pradesh,5,I was mainly looking for a fresh spice and this did the job. It gives curries a fresh coriander aroma. Would consider ordering it again.,SYNTHETIC SAMPLE — NOT A REAL CUSTOMER REVIEW
Coriander Powder,Sample Customer 011,Ahmedabad,Gujarat,3,Bought this along with a few other Dishu products. It gives curries a fresh coriander aroma. It worked nicely in home-style cooking.,SYNTHETIC SAMPLE — NOT A REAL CUSTOMER REVIEW
Coriander Powder,Sample Customer 012,Kolkata,West Bengal,5,This has become a regular item in my kitchen. Used it for sabzi and dal; the flavour was mild and earthy. Would consider ordering it again.,SYNTHETIC SAMPLE — NOT A REAL CUSTOMER REVIEW
Coriander Powder,Sample Customer 013,Chennai,Tamil Nadu,5,The flavour is quite natural and not overpowering. The powder blended nicely into gravy without clumping. The quality felt consistent across the pack.,SYNTHETIC SAMPLE — NOT A REAL CUSTOMER REVIEW
Coriander Powder,Sample Customer 014,Raipur,Chhattisgarh,4,I have been using this in everyday cooking and it has worked well. Used it for sabzi and dal; the flavour was mild and earthy. Happy with the first order.,SYNTHETIC SAMPLE — NOT A REAL CUSTOMER REVIEW
Coriander Powder,Sample Customer 015,Gurugram,Haryana,5,The taste felt balanced in the dishes I made. Used it for sabzi and dal; the flavour was mild and earthy. Used it in dal and sabzi and liked the result.,SYNTHETIC SAMPLE — NOT A REAL CUSTOMER REVIEW
Coriander Powder,Sample Customer 016,Srinagar,Jammu & Kashmir,5,I have been using this in everyday cooking and it has worked well. The powder blended nicely into gravy without clumping. Happy with the first order.,SYNTHETIC SAMPLE — NOT A REAL CUSTOMER REVIEW
Coriander Powder,Sample Customer 017,Bhopal,Madhya Pradesh,5,Good option for everyday Indian cooking. The powder blended nicely into gravy without clumping. Happy with the first order.,SYNTHETIC SAMPLE — NOT A REAL CUSTOMER REVIEW
Coriander Powder,Sample Customer 018,Hyderabad,Telangana,5,"The aroma was noticeable as soon as I opened the pack. The powder blended nicely into gravy without clumping. Simple product, good flavour, and useful for daily meals.",SYNTHETIC SAMPLE — NOT A REAL CUSTOMER REVIEW
Coriander Powder,Sample Customer 019,Goa,Goa,5,"The taste felt balanced in the dishes I made. Used it for sabzi and dal; the flavour was mild and earthy. Simple product, good flavour, and useful for daily meals.",SYNTHETIC SAMPLE — NOT A REAL CUSTOMER REVIEW
Coriander Powder,Sample Customer 020,New Delhi,Delhi,5,I was mainly looking for a fresh spice and this did the job. Used it for sabzi and dal; the flavour was mild and earthy. The quality felt consistent across the pack.,SYNTHETIC SAMPLE — NOT A REAL CUSTOMER REVIEW
Coriander Powder,Sample Customer 021,Jammu,Jammu & Kashmir,4,The flavour is quite natural and not overpowering. Used it for sabzi and dal; the flavour was mild and earthy. Used it in dal and sabzi and liked the result.,SYNTHETIC SAMPLE — NOT A REAL CUSTOMER REVIEW
Coriander Powder,Sample Customer 022,Indore,Madhya Pradesh,3,"Packaging was neat and the product reached me in good condition. Used it for sabzi and dal; the flavour was mild and earthy. Simple product, good flavour, and useful for daily meals.",SYNTHETIC SAMPLE — NOT A REAL CUSTOMER REVIEW
Coriander Powder,Sample Customer 023,Bengaluru,Karnataka,5,I have been using this in everyday cooking and it has worked well. The powder blended nicely into gravy without clumping. The quality felt consistent across the pack.,SYNTHETIC SAMPLE — NOT A REAL CUSTOMER REVIEW
Coriander Powder,Sample Customer 024,Visakhapatnam,Andhra Pradesh,5,Packaging was neat and the product reached me in good condition. It gives curries a fresh coriander aroma. I would be comfortable buying this again.,SYNTHETIC SAMPLE — NOT A REAL CUSTOMER REVIEW
Coriander Powder,Sample Customer 025,Jodhpur,Rajasthan,5,The taste felt balanced in the dishes I made. It gives curries a fresh coriander aroma. I would be comfortable buying this again.,SYNTHETIC SAMPLE — NOT A REAL CUSTOMER REVIEW
Coriander Powder,Sample Customer 026,Shimla,Himachal Pradesh,5,Packaging was neat and the product reached me in good condition. Used it for sabzi and dal; the flavour was mild and earthy. Good addition to the kitchen shelf.,SYNTHETIC SAMPLE — NOT A REAL CUSTOMER REVIEW
Coriander Powder,Sample Customer 027,Nagpur,Maharashtra,5,"The taste felt balanced in the dishes I made. Used it for sabzi and dal; the flavour was mild and earthy. Overall, a pleasant purchase.",SYNTHETIC SAMPLE — NOT A REAL CUSTOMER REVIEW
Coriander Powder,Sample Customer 028,Guwahati,Assam,4,Packaging was neat and the product reached me in good condition. It gives curries a fresh coriander aroma. Used it in dal and sabzi and liked the result.,SYNTHETIC SAMPLE — NOT A REAL CUSTOMER REVIEW
Coriander Powder,Sample Customer 029,Vijayawada,Andhra Pradesh,5,Good option for everyday Indian cooking. It gives curries a fresh coriander aroma. Happy with the first order.,SYNTHETIC SAMPLE — NOT A REAL CUSTOMER REVIEW
Coriander Powder,Sample Customer 030,Jaipur,Rajasthan,5,Good option for everyday Indian cooking. Used it for sabzi and dal; the flavour was mild and earthy. Used it in dal and sabzi and liked the result.,SYNTHETIC SAMPLE — NOT A REAL CUSTOMER REVIEW
Coriander Powder,Sample Customer 031,Dehradun,Uttarakhand,5,"Packaging was neat and the product reached me in good condition. Used it for sabzi and dal; the flavour was mild and earthy. Overall, a pleasant purchase.",SYNTHETIC SAMPLE — NOT A REAL CUSTOMER REVIEW
Coriander Powder,Sample Customer 032,Pune,Maharashtra,5,This has become a regular item in my kitchen. Used it for sabzi and dal; the flavour was mild and earthy. Used it in dal and sabzi and liked the result.,SYNTHETIC SAMPLE — NOT A REAL CUSTOMER REVIEW
Coriander Powder,Sample Customer 033,Patna,Bihar,3,Bought this along with a few other Dishu products. The powder blended nicely into gravy without clumping. Good addition to the kitchen shelf.,SYNTHETIC SAMPLE — NOT A REAL CUSTOMER REVIEW
Coriander Powder,Sample Customer 034,Thiruvananthapuram,Kerala,5,The pack was properly sealed and easy to store. The powder blended nicely into gravy without clumping. I would be comfortable buying this again.,SYNTHETIC SAMPLE — NOT A REAL CUSTOMER REVIEW
Coriander Powder,Sample Customer 035,Chandigarh,Chandigarh,4,The flavour is quite natural and not overpowering. Used it for sabzi and dal; the flavour was mild and earthy. Good addition to the kitchen shelf.,SYNTHETIC SAMPLE — NOT A REAL CUSTOMER REVIEW
Coriander Powder,Sample Customer 036,Varanasi,Uttar Pradesh,5,"I liked the freshness of the powder. It gives curries a fresh coriander aroma. Simple product, good flavour, and useful for daily meals.",SYNTHETIC SAMPLE — NOT A REAL CUSTOMER REVIEW
Coriander Powder,Sample Customer 037,Mumbai,Maharashtra,5,I have been using this in everyday cooking and it has worked well. The powder blended nicely into gravy without clumping. The quality felt consistent across the pack.,SYNTHETIC SAMPLE — NOT A REAL CUSTOMER REVIEW
Coriander Powder,Sample Customer 038,Ranchi,Jharkhand,5,"I was mainly looking for a fresh spice and this did the job. The powder blended nicely into gravy without clumping. Overall, a pleasant purchase.",SYNTHETIC SAMPLE — NOT A REAL CUSTOMER REVIEW
Coriander Powder,Sample Customer 039,Kochi,Kerala,5,I was mainly looking for a fresh spice and this did the job. It gives curries a fresh coriander aroma. Used it in dal and sabzi and liked the result.,SYNTHETIC SAMPLE — NOT A REAL CUSTOMER REVIEW
Coriander Powder,Sample Customer 040,Ludhiana,Punjab,5,The pack was properly sealed and easy to store. It gives curries a fresh coriander aroma. I would be comfortable buying this again.,SYNTHETIC SAMPLE — NOT A REAL CUSTOMER REVIEW
Coriander Powder,Sample Customer 041,Lucknow,Uttar Pradesh,5,I have been using this in everyday cooking and it has worked well. Used it for sabzi and dal; the flavour was mild and earthy. The quality felt consistent across the pack.,SYNTHETIC SAMPLE — NOT A REAL CUSTOMER REVIEW
Coriander Powder,Sample Customer 042,Surat,Gujarat,4,Good option for everyday Indian cooking. It gives curries a fresh coriander aroma. It worked nicely in home-style cooking.,SYNTHETIC SAMPLE — NOT A REAL CUSTOMER REVIEW
Coriander Powder,Sample Customer 043,Bhubaneswar,Odisha,5,"The flavour is quite natural and not overpowering. The powder blended nicely into gravy without clumping. Overall, a pleasant purchase.",SYNTHETIC SAMPLE — NOT A REAL CUSTOMER REVIEW
Coriander Powder,Sample Customer 044,Coimbatore,Tamil Nadu,3,The pack was properly sealed and easy to store. The powder blended nicely into gravy without clumping. Good addition to the kitchen shelf.,SYNTHETIC SAMPLE — NOT A REAL CUSTOMER REVIEW
Coriander Powder,Sample Customer 045,Amritsar,Punjab,5,"I liked the freshness of the powder. The powder blended nicely into gravy without clumping. Simple product, good flavour, and useful for daily meals.",SYNTHETIC SAMPLE — NOT A REAL CUSTOMER REVIEW
Coriander Powder,Sample Customer 046,Noida,Uttar Pradesh,5,The taste felt balanced in the dishes I made. The powder blended nicely into gravy without clumping. Used it in dal and sabzi and liked the result.,SYNTHETIC SAMPLE — NOT A REAL CUSTOMER REVIEW
Coriander Powder,Sample Customer 047,Ahmedabad,Gujarat,5,Bought this along with a few other Dishu products. It gives curries a fresh coriander aroma. It worked nicely in home-style cooking.,SYNTHETIC SAMPLE — NOT A REAL CUSTOMER REVIEW
Coriander Powder,Sample Customer 048,Kolkata,West Bengal,5,The aroma was noticeable as soon as I opened the pack. Used it for sabzi and dal; the flavour was mild and earthy. Happy with the first order.,SYNTHETIC SAMPLE — NOT A REAL CUSTOMER REVIEW
Coriander Powder,Sample Customer 049,Chennai,Tamil Nadu,4,The pack was properly sealed and easy to store. It gives curries a fresh coriander aroma. Happy with the first order.,SYNTHETIC SAMPLE — NOT A REAL CUSTOMER REVIEW
Coriander Powder,Sample Customer 050,Raipur,Chhattisgarh,5,This has become a regular item in my kitchen. Used it for sabzi and dal; the flavour was mild and earthy. Good addition to the kitchen shelf.,SYNTHETIC SAMPLE — NOT A REAL CUSTOMER REVIEW
Coriander Powder,Sample Customer 051,Gurugram,Haryana,5,Tried this for the first time and the quality surprised me. The powder blended nicely into gravy without clumping. Would consider ordering it again.,SYNTHETIC SAMPLE — NOT A REAL CUSTOMER REVIEW
Coriander Powder,Sample Customer 052,Srinagar,Jammu & Kashmir,5,"Tried this for the first time and the quality surprised me. The powder blended nicely into gravy without clumping. So far, a good experience.",SYNTHETIC SAMPLE — NOT A REAL CUSTOMER REVIEW
Coriander Powder,Sample Customer 053,Bhopal,Madhya Pradesh,5,Bought this along with a few other Dishu products. The powder blended nicely into gravy without clumping. Used it in dal and sabzi and liked the result.,SYNTHETIC SAMPLE — NOT A REAL CUSTOMER REVIEW
Coriander Powder,Sample Customer 054,Hyderabad,Telangana,5,Tried this for the first time and the quality surprised me. The powder blended nicely into gravy without clumping. I would be comfortable buying this again.,SYNTHETIC SAMPLE — NOT A REAL CUSTOMER REVIEW
Coriander Powder,Sample Customer 055,Goa,Goa,3,Packaging was neat and the product reached me in good condition. It gives curries a fresh coriander aroma. Happy with the first order.,SYNTHETIC SAMPLE — NOT A REAL CUSTOMER REVIEW
Coriander Powder,Sample Customer 056,New Delhi,Delhi,4,Tried this for the first time and the quality surprised me. Used it for sabzi and dal; the flavour was mild and earthy. Good addition to the kitchen shelf.,SYNTHETIC SAMPLE — NOT A REAL CUSTOMER REVIEW
Coriander Powder,Sample Customer 057,Jammu,Jammu & Kashmir,5,The pack was properly sealed and easy to store. The powder blended nicely into gravy without clumping. I would be comfortable buying this again.,SYNTHETIC SAMPLE — NOT A REAL CUSTOMER REVIEW
Coriander Powder,Sample Customer 058,Indore,Madhya Pradesh,5,I have been using this in everyday cooking and it has worked well. It gives curries a fresh coriander aroma. It worked nicely in home-style cooking.,SYNTHETIC SAMPLE — NOT A REAL CUSTOMER REVIEW
Coriander Powder,Sample Customer 059,Bengaluru,Karnataka,5,"The aroma was noticeable as soon as I opened the pack. It gives curries a fresh coriander aroma. Simple product, good flavour, and useful for daily meals.",SYNTHETIC SAMPLE — NOT A REAL CUSTOMER REVIEW
Coriander Powder,Sample Customer 060,Visakhapatnam,Andhra Pradesh,5,Good option for everyday Indian cooking. The powder blended nicely into gravy without clumping. Used it in dal and sabzi and liked the result.,SYNTHETIC SAMPLE — NOT A REAL CUSTOMER REVIEW
Coriander Powder,Sample Customer 061,Jodhpur,Rajasthan,5,The aroma was noticeable as soon as I opened the pack. It gives curries a fresh coriander aroma. Would consider ordering it again.,SYNTHETIC SAMPLE — NOT A REAL CUSTOMER REVIEW
Coriander Powder,Sample Customer 062,Shimla,Himachal Pradesh,5,The flavour is quite natural and not overpowering. Used it for sabzi and dal; the flavour was mild and earthy. Happy with the first order.,SYNTHETIC SAMPLE — NOT A REAL CUSTOMER REVIEW
Coriander Powder,Sample Customer 063,Nagpur,Maharashtra,4,"I liked the freshness of the powder. Used it for sabzi and dal; the flavour was mild and earthy. Simple product, good flavour, and useful for daily meals.",SYNTHETIC SAMPLE — NOT A REAL CUSTOMER REVIEW
Coriander Powder,Sample Customer 064,Guwahati,Assam,5,I have been using this in everyday cooking and it has worked well. Used it for sabzi and dal; the flavour was mild and earthy. Used it in dal and sabzi and liked the result.,SYNTHETIC SAMPLE — NOT A REAL CUSTOMER REVIEW
Coriander Powder,Sample Customer 065,Vijayawada,Andhra Pradesh,5,"This has become a regular item in my kitchen. Used it for sabzi and dal; the flavour was mild and earthy. Overall, a pleasant purchase.",SYNTHETIC SAMPLE — NOT A REAL CUSTOMER REVIEW
Coriander Powder,Sample Customer 066,Jaipur,Rajasthan,3,Tried this for the first time and the quality surprised me. Used it for sabzi and dal; the flavour was mild and earthy. It worked nicely in home-style cooking.,SYNTHETIC SAMPLE — NOT A REAL CUSTOMER REVIEW
Coriander Powder,Sample Customer 067,Dehradun,Uttarakhand,5,"The aroma was noticeable as soon as I opened the pack. It gives curries a fresh coriander aroma. So far, a good experience.",SYNTHETIC SAMPLE — NOT A REAL CUSTOMER REVIEW
Coriander Powder,Sample Customer 068,Pune,Maharashtra,5,"This has become a regular item in my kitchen. The powder blended nicely into gravy without clumping. So far, a good experience.",SYNTHETIC SAMPLE — NOT A REAL CUSTOMER REVIEW
Coriander Powder,Sample Customer 069,Patna,Bihar,5,Packaging was neat and the product reached me in good condition. It gives curries a fresh coriander aroma. Good addition to the kitchen shelf.,SYNTHETIC SAMPLE — NOT A REAL CUSTOMER REVIEW
Coriander Powder,Sample Customer 070,Thiruvananthapuram,Kerala,4,Tried this for the first time and the quality surprised me. It gives curries a fresh coriander aroma. The quality felt consistent across the pack.,SYNTHETIC SAMPLE — NOT A REAL CUSTOMER REVIEW
Coriander Powder,Sample Customer 071,Chandigarh,Chandigarh,5,"I liked the freshness of the powder. It gives curries a fresh coriander aroma. So far, a good experience.",SYNTHETIC SAMPLE — NOT A REAL CUSTOMER REVIEW
Coriander Powder,Sample Customer 072,Varanasi,Uttar Pradesh,5,"The pack was properly sealed and easy to store. Used it for sabzi and dal; the flavour was mild and earthy. Overall, a pleasant purchase.",SYNTHETIC SAMPLE — NOT A REAL CUSTOMER REVIEW
Coriander Powder,Sample Customer 073,Mumbai,Maharashtra,5,"Tried this for the first time and the quality surprised me. It gives curries a fresh coriander aroma. Simple product, good flavour, and useful for daily meals.",SYNTHETIC SAMPLE — NOT A REAL CUSTOMER REVIEW
Coriander Powder,Sample Customer 074,Ranchi,Jharkhand,5,"The pack was properly sealed and easy to store. Used it for sabzi and dal; the flavour was mild and earthy. So far, a good experience.",SYNTHETIC SAMPLE — NOT A REAL CUSTOMER REVIEW
Coriander Powder,Sample Customer 075,Kochi,Kerala,5,The taste felt balanced in the dishes I made. The powder blended nicely into gravy without clumping. Used it in dal and sabzi and liked the result.,SYNTHETIC SAMPLE — NOT A REAL CUSTOMER REVIEW
Coriander Powder,Sample Customer 076,Ludhiana,Punjab,5,I liked the freshness of the powder. The powder blended nicely into gravy without clumping. Happy with the first order.,SYNTHETIC SAMPLE — NOT A REAL CUSTOMER REVIEW
Coriander Powder,Sample Customer 077,Lucknow,Uttar Pradesh,3,I was mainly looking for a fresh spice and this did the job. It gives curries a fresh coriander aroma. Used it in dal and sabzi and liked the result.,SYNTHETIC SAMPLE — NOT A REAL CUSTOMER REVIEW
Coriander Powder,Sample Customer 078,Surat,Gujarat,5,Tried this for the first time and the quality surprised me. It gives curries a fresh coriander aroma. Used it in dal and sabzi and liked the result.,SYNTHETIC SAMPLE — NOT A REAL CUSTOMER REVIEW
Coriander Powder,Sample Customer 079,Bhubaneswar,Odisha,5,This has become a regular item in my kitchen. It gives curries a fresh coriander aroma. Happy with the first order.,SYNTHETIC SAMPLE — NOT A REAL CUSTOMER REVIEW
Coriander Powder,Sample Customer 080,Coimbatore,Tamil Nadu,5,I liked the freshness of the powder. Used it for sabzi and dal; the flavour was mild and earthy. The quality felt consistent across the pack.,SYNTHETIC SAMPLE — NOT A REAL CUSTOMER REVIEW
Coriander Powder,Sample Customer 081,Amritsar,Punjab,5,Bought this along with a few other Dishu products. Used it for sabzi and dal; the flavour was mild and earthy. I would be comfortable buying this again.,SYNTHETIC SAMPLE — NOT A REAL CUSTOMER REVIEW
Coriander Powder,Sample Customer 082,Noida,Uttar Pradesh,5,"I have been using this in everyday cooking and it has worked well. The powder blended nicely into gravy without clumping. Overall, a pleasant purchase.",SYNTHETIC SAMPLE — NOT A REAL CUSTOMER REVIEW
Coriander Powder,Sample Customer 083,Ahmedabad,Gujarat,5,The pack was properly sealed and easy to store. It gives curries a fresh coriander aroma. Happy with the first order.,SYNTHETIC SAMPLE — NOT A REAL CUSTOMER REVIEW
Coriander Powder,Sample Customer 084,Kolkata,West Bengal,4,"The pack was properly sealed and easy to store. It gives curries a fresh coriander aroma. Simple product, good flavour, and useful for daily meals.",SYNTHETIC SAMPLE — NOT A REAL CUSTOMER REVIEW
Coriander Powder,Sample Customer 085,Chennai,Tamil Nadu,5,"The aroma was noticeable as soon as I opened the pack. It gives curries a fresh coriander aroma. So far, a good experience.",SYNTHETIC SAMPLE — NOT A REAL CUSTOMER REVIEW
Coriander Powder,Sample Customer 086,Raipur,Chhattisgarh,5,Bought this along with a few other Dishu products. It gives curries a fresh coriander aroma. Happy with the first order.,SYNTHETIC SAMPLE — NOT A REAL CUSTOMER REVIEW
Coriander Powder,Sample Customer 087,Gurugram,Haryana,5,This has become a regular item in my kitchen. The powder blended nicely into gravy without clumping. Good addition to the kitchen shelf.,SYNTHETIC SAMPLE — NOT A REAL CUSTOMER REVIEW
Coriander Powder,Sample Customer 088,Srinagar,Jammu & Kashmir,3,"Good option for everyday Indian cooking. It gives curries a fresh coriander aroma. Simple product, good flavour, and useful for daily meals.",SYNTHETIC SAMPLE — NOT A REAL CUSTOMER REVIEW
Coriander Powder,Sample Customer 089,Bhopal,Madhya Pradesh,5,I liked the freshness of the powder. The powder blended nicely into gravy without clumping. Would consider ordering it again.,SYNTHETIC SAMPLE — NOT A REAL CUSTOMER REVIEW
Coriander Powder,Sample Customer 090,Hyderabad,Telangana,5,This has become a regular item in my kitchen. The powder blended nicely into gravy without clumping. It worked nicely in home-style cooking.,SYNTHETIC SAMPLE — NOT A REAL CUSTOMER REVIEW
Coriander Powder,Sample Customer 091,Goa,Goa,4,"I have been using this in everyday cooking and it has worked well. It gives curries a fresh coriander aroma. Simple product, good flavour, and useful for daily meals.",SYNTHETIC SAMPLE — NOT A REAL CUSTOMER REVIEW
Coriander Powder,Sample Customer 092,New Delhi,Delhi,5,Good option for everyday Indian cooking. The powder blended nicely into gravy without clumping. It worked nicely in home-style cooking.,SYNTHETIC SAMPLE — NOT A REAL CUSTOMER REVIEW
Coriander Powder,Sample Customer 093,Jammu,Jammu & Kashmir,5,The aroma was noticeable as soon as I opened the pack. Used it for sabzi and dal; the flavour was mild and earthy. Happy with the first order.,SYNTHETIC SAMPLE — NOT A REAL CUSTOMER REVIEW
Coriander Powder,Sample Customer 094,Indore,Madhya Pradesh,5,Tried this for the first time and the quality surprised me. Used it for sabzi and dal; the flavour was mild and earthy. It worked nicely in home-style cooking.,SYNTHETIC SAMPLE — NOT A REAL CUSTOMER REVIEW
Coriander Powder,Sample Customer 095,Bengaluru,Karnataka,5,The taste felt balanced in the dishes I made. It gives curries a fresh coriander aroma. Happy with the first order.,SYNTHETIC SAMPLE — NOT A REAL CUSTOMER REVIEW
Coriander Powder,Sample Customer 096,Visakhapatnam,Andhra Pradesh,5,"The pack was properly sealed and easy to store. It gives curries a fresh coriander aroma. Overall, a pleasant purchase.",SYNTHETIC SAMPLE — NOT A REAL CUSTOMER REVIEW
Coriander Powder,Sample Customer 097,Jodhpur,Rajasthan,5,"Good option for everyday Indian cooking. Used it for sabzi and dal; the flavour was mild and earthy. Overall, a pleasant purchase.",SYNTHETIC SAMPLE — NOT A REAL CUSTOMER REVIEW
Coriander Powder,Sample Customer 098,Shimla,Himachal Pradesh,4,"The pack was properly sealed and easy to store. The powder blended nicely into gravy without clumping. So far, a good experience.",SYNTHETIC SAMPLE — NOT A REAL CUSTOMER REVIEW
Garam Masala + Black Pepper,Sample Customer 001,Indore,Madhya Pradesh,5,"Packaging was neat and the product reached me in good condition. The garam masala adds warmth while the pepper gives extra depth. So far, a good experience.",SYNTHETIC SAMPLE — NOT A REAL CUSTOMER REVIEW
Garam Masala + Black Pepper,Sample Customer 002,Bengaluru,Karnataka,5,Tried this for the first time and the quality surprised me. Good combo for quick weekday cooking. Good addition to the kitchen shelf.,SYNTHETIC SAMPLE — NOT A REAL CUSTOMER REVIEW
Garam Masala + Black Pepper,Sample Customer 003,Visakhapatnam,Andhra Pradesh,5,Good option for everyday Indian cooking. The garam masala adds warmth while the pepper gives extra depth. Happy with the first order.,SYNTHETIC SAMPLE — NOT A REAL CUSTOMER REVIEW
Garam Masala + Black Pepper,Sample Customer 004,Jodhpur,Rajasthan,5,"I liked the freshness of the powder. Useful combination for paneer, pulao and gravies. It worked nicely in home-style cooking.",SYNTHETIC SAMPLE — NOT A REAL CUSTOMER REVIEW
Garam Masala + Black Pepper,Sample Customer 005,Shimla,Himachal Pradesh,5,"The pack was properly sealed and easy to store. Useful combination for paneer, pulao and gravies. Good addition to the kitchen shelf.",SYNTHETIC SAMPLE — NOT A REAL CUSTOMER REVIEW
Garam Masala + Black Pepper,Sample Customer 006,Nagpur,Maharashtra,5,"This has become a regular item in my kitchen. Useful combination for paneer, pulao and gravies. The quality felt consistent across the pack.",SYNTHETIC SAMPLE — NOT A REAL CUSTOMER REVIEW
Garam Masala + Black Pepper,Sample Customer 007,Guwahati,Assam,4,I liked the freshness of the powder. The garam masala adds warmth while the pepper gives extra depth. The quality felt consistent across the pack.,SYNTHETIC SAMPLE — NOT A REAL CUSTOMER REVIEW
Garam Masala + Black Pepper,Sample Customer 008,Vijayawada,Andhra Pradesh,5,This has become a regular item in my kitchen. Good combo for quick weekday cooking. It worked nicely in home-style cooking.,SYNTHETIC SAMPLE — NOT A REAL CUSTOMER REVIEW
Garam Masala + Black Pepper,Sample Customer 009,Jaipur,Rajasthan,5,The pack was properly sealed and easy to store. The garam masala adds warmth while the pepper gives extra depth. Would consider ordering it again.,SYNTHETIC SAMPLE — NOT A REAL CUSTOMER REVIEW
Garam Masala + Black Pepper,Sample Customer 010,Dehradun,Uttarakhand,5,The taste felt balanced in the dishes I made. Good combo for quick weekday cooking. Happy with the first order.,SYNTHETIC SAMPLE — NOT A REAL CUSTOMER REVIEW
Garam Masala + Black Pepper,Sample Customer 011,Pune,Maharashtra,3,I was mainly looking for a fresh spice and this did the job. The garam masala adds warmth while the pepper gives extra depth. It worked nicely in home-style cooking.,SYNTHETIC SAMPLE — NOT A REAL CUSTOMER REVIEW
Garam Masala + Black Pepper,Sample Customer 012,Patna,Bihar,5,The aroma was noticeable as soon as I opened the pack. Good combo for quick weekday cooking. Used it in dal and sabzi and liked the result.,SYNTHETIC SAMPLE — NOT A REAL CUSTOMER REVIEW
Garam Masala + Black Pepper,Sample Customer 013,Thiruvananthapuram,Kerala,5,"The taste felt balanced in the dishes I made. The garam masala adds warmth while the pepper gives extra depth. So far, a good experience.",SYNTHETIC SAMPLE — NOT A REAL CUSTOMER REVIEW
Garam Masala + Black Pepper,Sample Customer 014,Chandigarh,Chandigarh,4,I have been using this in everyday cooking and it has worked well. Good combo for quick weekday cooking. Good addition to the kitchen shelf.,SYNTHETIC SAMPLE — NOT A REAL CUSTOMER REVIEW
Garam Masala + Black Pepper,Sample Customer 015,Varanasi,Uttar Pradesh,5,"I liked the freshness of the powder. Useful combination for paneer, pulao and gravies. I would be comfortable buying this again.",SYNTHETIC SAMPLE — NOT A REAL CUSTOMER REVIEW
Garam Masala + Black Pepper,Sample Customer 016,Mumbai,Maharashtra,5,"The taste felt balanced in the dishes I made. Useful combination for paneer, pulao and gravies. It worked nicely in home-style cooking.",SYNTHETIC SAMPLE — NOT A REAL CUSTOMER REVIEW
Garam Masala + Black Pepper,Sample Customer 017,Ranchi,Jharkhand,5,"Packaging was neat and the product reached me in good condition. Useful combination for paneer, pulao and gravies. It worked nicely in home-style cooking.",SYNTHETIC SAMPLE — NOT A REAL CUSTOMER REVIEW
Garam Masala + Black Pepper,Sample Customer 018,Kochi,Kerala,5,The taste felt balanced in the dishes I made. The garam masala adds warmth while the pepper gives extra depth. I would be comfortable buying this again.,SYNTHETIC SAMPLE — NOT A REAL CUSTOMER REVIEW
Garam Masala + Black Pepper,Sample Customer 019,Ludhiana,Punjab,5,Tried this for the first time and the quality surprised me. Good combo for quick weekday cooking. Used it in dal and sabzi and liked the result.,SYNTHETIC SAMPLE — NOT A REAL CUSTOMER REVIEW
Garam Masala + Black Pepper,Sample Customer 020,Lucknow,Uttar Pradesh,5,The flavour is quite natural and not overpowering. The garam masala adds warmth while the pepper gives extra depth. Would consider ordering it again.,SYNTHETIC SAMPLE — NOT A REAL CUSTOMER REVIEW
Garam Masala + Black Pepper,Sample Customer 021,Surat,Gujarat,4,"The aroma was noticeable as soon as I opened the pack. The garam masala adds warmth while the pepper gives extra depth. So far, a good experience.",SYNTHETIC SAMPLE — NOT A REAL CUSTOMER REVIEW
Garam Masala + Black Pepper,Sample Customer 022,Bhubaneswar,Odisha,3,Good option for everyday Indian cooking. The garam masala adds warmth while the pepper gives extra depth. Happy with the first order.,SYNTHETIC SAMPLE — NOT A REAL CUSTOMER REVIEW
Garam Masala + Black Pepper,Sample Customer 023,Coimbatore,Tamil Nadu,5,I have been using this in everyday cooking and it has worked well. The garam masala adds warmth while the pepper gives extra depth. Good addition to the kitchen shelf.,SYNTHETIC SAMPLE — NOT A REAL CUSTOMER REVIEW
Garam Masala + Black Pepper,Sample Customer 024,Amritsar,Punjab,5,Packaging was neat and the product reached me in good condition. The garam masala adds warmth while the pepper gives extra depth. Good addition to the kitchen shelf.,SYNTHETIC SAMPLE — NOT A REAL CUSTOMER REVIEW
Garam Masala + Black Pepper,Sample Customer 025,Noida,Uttar Pradesh,5,The flavour is quite natural and not overpowering. Good combo for quick weekday cooking. I would be comfortable buying this again.,SYNTHETIC SAMPLE — NOT A REAL CUSTOMER REVIEW
Garam Masala + Black Pepper,Sample Customer 026,Ahmedabad,Gujarat,5,The aroma was noticeable as soon as I opened the pack. The garam masala adds warmth while the pepper gives extra depth. Good addition to the kitchen shelf.,SYNTHETIC SAMPLE — NOT A REAL CUSTOMER REVIEW
Garam Masala + Black Pepper,Sample Customer 027,Kolkata,West Bengal,5,"This has become a regular item in my kitchen. Useful combination for paneer, pulao and gravies. The quality felt consistent across the pack.",SYNTHETIC SAMPLE — NOT A REAL CUSTOMER REVIEW
Garam Masala + Black Pepper,Sample Customer 028,Chennai,Tamil Nadu,4,The pack was properly sealed and easy to store. The garam masala adds warmth while the pepper gives extra depth. The quality felt consistent across the pack.,SYNTHETIC SAMPLE — NOT A REAL CUSTOMER REVIEW
Garam Masala + Black Pepper,Sample Customer 029,Raipur,Chhattisgarh,5,"This has become a regular item in my kitchen. Useful combination for paneer, pulao and gravies. The quality felt consistent across the pack.",SYNTHETIC SAMPLE — NOT A REAL CUSTOMER REVIEW
Garam Masala + Black Pepper,Sample Customer 030,Gurugram,Haryana,5,I liked the freshness of the powder. The garam masala adds warmth while the pepper gives extra depth. The quality felt consistent across the pack.,SYNTHETIC SAMPLE — NOT A REAL CUSTOMER REVIEW
Garam Masala + Black Pepper,Sample Customer 031,Srinagar,Jammu & Kashmir,5,This has become a regular item in my kitchen. The garam masala adds warmth while the pepper gives extra depth. I would be comfortable buying this again.,SYNTHETIC SAMPLE — NOT A REAL CUSTOMER REVIEW
Garam Masala + Black Pepper,Sample Customer 032,Bhopal,Madhya Pradesh,5,Packaging was neat and the product reached me in good condition. Good combo for quick weekday cooking. It worked nicely in home-style cooking.,SYNTHETIC SAMPLE — NOT A REAL CUSTOMER REVIEW
Garam Masala + Black Pepper,Sample Customer 033,Hyderabad,Telangana,3,"This has become a regular item in my kitchen. Useful combination for paneer, pulao and gravies. I would be comfortable buying this again.",SYNTHETIC SAMPLE — NOT A REAL CUSTOMER REVIEW
Garam Masala + Black Pepper,Sample Customer 034,Goa,Goa,5,"The pack was properly sealed and easy to store. Useful combination for paneer, pulao and gravies. Used it in dal and sabzi and liked the result.",SYNTHETIC SAMPLE — NOT A REAL CUSTOMER REVIEW
Garam Masala + Black Pepper,Sample Customer 035,New Delhi,Delhi,4,"I have been using this in everyday cooking and it has worked well. Useful combination for paneer, pulao and gravies. The quality felt consistent across the pack.",SYNTHETIC SAMPLE — NOT A REAL CUSTOMER REVIEW
Garam Masala + Black Pepper,Sample Customer 036,Jammu,Jammu & Kashmir,5,"The flavour is quite natural and not overpowering. Useful combination for paneer, pulao and gravies. Good addition to the kitchen shelf.",SYNTHETIC SAMPLE — NOT A REAL CUSTOMER REVIEW
Garam Masala + Black Pepper,Sample Customer 037,Indore,Madhya Pradesh,5,The flavour is quite natural and not overpowering. Good combo for quick weekday cooking. Would consider ordering it again.,SYNTHETIC SAMPLE — NOT A REAL CUSTOMER REVIEW
Garam Masala + Black Pepper,Sample Customer 038,Bengaluru,Karnataka,5,The pack was properly sealed and easy to store. The garam masala adds warmth while the pepper gives extra depth. Happy with the first order.,SYNTHETIC SAMPLE — NOT A REAL CUSTOMER REVIEW
Garam Masala + Black Pepper,Sample Customer 039,Visakhapatnam,Andhra Pradesh,5,"The flavour is quite natural and not overpowering. Useful combination for paneer, pulao and gravies. Good addition to the kitchen shelf.",SYNTHETIC SAMPLE — NOT A REAL CUSTOMER REVIEW
Garam Masala + Black Pepper,Sample Customer 040,Jodhpur,Rajasthan,5,"Bought this along with a few other Dishu products. Useful combination for paneer, pulao and gravies. I would be comfortable buying this again.",SYNTHETIC SAMPLE — NOT A REAL CUSTOMER REVIEW
Garam Masala + Black Pepper,Sample Customer 041,Shimla,Himachal Pradesh,5,Packaging was neat and the product reached me in good condition. Good combo for quick weekday cooking. Good addition to the kitchen shelf.,SYNTHETIC SAMPLE — NOT A REAL CUSTOMER REVIEW
Garam Masala + Black Pepper,Sample Customer 042,Nagpur,Maharashtra,4,"The flavour is quite natural and not overpowering. Useful combination for paneer, pulao and gravies. Used it in dal and sabzi and liked the result.",SYNTHETIC SAMPLE — NOT A REAL CUSTOMER REVIEW
Garam Masala + Black Pepper,Sample Customer 043,Guwahati,Assam,5,I was mainly looking for a fresh spice and this did the job. The garam masala adds warmth while the pepper gives extra depth. The quality felt consistent across the pack.,SYNTHETIC SAMPLE — NOT A REAL CUSTOMER REVIEW
Garam Masala + Black Pepper,Sample Customer 044,Vijayawada,Andhra Pradesh,3,"Tried this for the first time and the quality surprised me. Useful combination for paneer, pulao and gravies. Happy with the first order.",SYNTHETIC SAMPLE — NOT A REAL CUSTOMER REVIEW
Garam Masala + Black Pepper,Sample Customer 045,Jaipur,Rajasthan,5,"The pack was properly sealed and easy to store. Useful combination for paneer, pulao and gravies. Good addition to the kitchen shelf.",SYNTHETIC SAMPLE — NOT A REAL CUSTOMER REVIEW
Garam Masala + Black Pepper,Sample Customer 046,Dehradun,Uttarakhand,5,The flavour is quite natural and not overpowering. The garam masala adds warmth while the pepper gives extra depth. I would be comfortable buying this again.,SYNTHETIC SAMPLE — NOT A REAL CUSTOMER REVIEW
Garam Masala + Black Pepper,Sample Customer 047,Pune,Maharashtra,5,Good option for everyday Indian cooking. The garam masala adds warmth while the pepper gives extra depth. Used it in dal and sabzi and liked the result.,SYNTHETIC SAMPLE — NOT A REAL CUSTOMER REVIEW
Garam Masala + Black Pepper,Sample Customer 048,Patna,Bihar,5,"The taste felt balanced in the dishes I made. Useful combination for paneer, pulao and gravies. I would be comfortable buying this again.",SYNTHETIC SAMPLE — NOT A REAL CUSTOMER REVIEW
Garam Masala + Black Pepper,Sample Customer 049,Thiruvananthapuram,Kerala,4,"I have been using this in everyday cooking and it has worked well. The garam masala adds warmth while the pepper gives extra depth. Simple product, good flavour, and useful for daily meals.",SYNTHETIC SAMPLE — NOT A REAL CUSTOMER REVIEW
Garam Masala + Black Pepper,Sample Customer 050,Chandigarh,Chandigarh,5,Tried this for the first time and the quality surprised me. The garam masala adds warmth while the pepper gives extra depth. It worked nicely in home-style cooking.,SYNTHETIC SAMPLE — NOT A REAL CUSTOMER REVIEW
Garam Masala + Black Pepper,Sample Customer 051,Varanasi,Uttar Pradesh,5,"The pack was properly sealed and easy to store. Useful combination for paneer, pulao and gravies. The quality felt consistent across the pack.",SYNTHETIC SAMPLE — NOT A REAL CUSTOMER REVIEW
Garam Masala + Black Pepper,Sample Customer 052,Mumbai,Maharashtra,5,I was mainly looking for a fresh spice and this did the job. The garam masala adds warmth while the pepper gives extra depth. I would be comfortable buying this again.,SYNTHETIC SAMPLE — NOT A REAL CUSTOMER REVIEW
Garam Masala + Black Pepper,Sample Customer 053,Ranchi,Jharkhand,5,Good option for everyday Indian cooking. Good combo for quick weekday cooking. The quality felt consistent across the pack.,SYNTHETIC SAMPLE — NOT A REAL CUSTOMER REVIEW
Garam Masala + Black Pepper,Sample Customer 054,Kochi,Kerala,5,Bought this along with a few other Dishu products. The garam masala adds warmth while the pepper gives extra depth. Used it in dal and sabzi and liked the result.,SYNTHETIC SAMPLE — NOT A REAL CUSTOMER REVIEW
Garam Masala + Black Pepper,Sample Customer 055,Ludhiana,Punjab,3,The pack was properly sealed and easy to store. The garam masala adds warmth while the pepper gives extra depth. Good addition to the kitchen shelf.,SYNTHETIC SAMPLE — NOT A REAL CUSTOMER REVIEW
Garam Masala + Black Pepper,Sample Customer 056,Lucknow,Uttar Pradesh,4,The flavour is quite natural and not overpowering. Good combo for quick weekday cooking. Would consider ordering it again.,SYNTHETIC SAMPLE — NOT A REAL CUSTOMER REVIEW
Garam Masala + Black Pepper,Sample Customer 057,Surat,Gujarat,5,"This has become a regular item in my kitchen. Good combo for quick weekday cooking. Overall, a pleasant purchase.",SYNTHETIC SAMPLE — NOT A REAL CUSTOMER REVIEW
Garam Masala + Black Pepper,Sample Customer 058,Bhubaneswar,Odisha,5,"The pack was properly sealed and easy to store. Useful combination for paneer, pulao and gravies. Simple product, good flavour, and useful for daily meals.",SYNTHETIC SAMPLE — NOT A REAL CUSTOMER REVIEW
Garam Masala Powder,Sample Customer 001,Bhubaneswar,Odisha,5,"Bought this along with a few other Dishu products. Nice for rajma, chole and paneer dishes. Overall, a pleasant purchase.",SYNTHETIC SAMPLE — NOT A REAL CUSTOMER REVIEW
Garam Masala Powder,Sample Customer 002,Coimbatore,Tamil Nadu,5,"The pack was properly sealed and easy to store. Nice for rajma, chole and paneer dishes. I would be comfortable buying this again.",SYNTHETIC SAMPLE — NOT A REAL CUSTOMER REVIEW
Garam Masala Powder,Sample Customer 003,Amritsar,Punjab,5,"The taste felt balanced in the dishes I made. Nice for rajma, chole and paneer dishes. So far, a good experience.",SYNTHETIC SAMPLE — NOT A REAL CUSTOMER REVIEW
Garam Masala Powder,Sample Customer 004,Noida,Uttar Pradesh,5,The taste felt balanced in the dishes I made. The blend added a warm aroma to my curry. Used it in dal and sabzi and liked the result.,SYNTHETIC SAMPLE — NOT A REAL CUSTOMER REVIEW
Garam Masala Powder,Sample Customer 005,Ahmedabad,Gujarat,5,The aroma was noticeable as soon as I opened the pack. The flavour is aromatic rather than excessively hot. Happy with the first order.,SYNTHETIC SAMPLE — NOT A REAL CUSTOMER REVIEW
Garam Masala Powder,Sample Customer 006,Kolkata,West Bengal,5,"The flavour is quite natural and not overpowering. The flavour is aromatic rather than excessively hot. So far, a good experience.",SYNTHETIC SAMPLE — NOT A REAL CUSTOMER REVIEW
Garam Masala Powder,Sample Customer 007,Chennai,Tamil Nadu,4,"I was mainly looking for a fresh spice and this did the job. The blend added a warm aroma to my curry. So far, a good experience.",SYNTHETIC SAMPLE — NOT A REAL CUSTOMER REVIEW
Garam Masala Powder,Sample Customer 008,Raipur,Chhattisgarh,5,"The taste felt balanced in the dishes I made. The flavour is aromatic rather than excessively hot. Overall, a pleasant purchase.",SYNTHETIC SAMPLE — NOT A REAL CUSTOMER REVIEW
Garam Masala Powder,Sample Customer 009,Gurugram,Haryana,5,"Good option for everyday Indian cooking. The flavour is aromatic rather than excessively hot. Simple product, good flavour, and useful for daily meals.",SYNTHETIC SAMPLE — NOT A REAL CUSTOMER REVIEW
Garam Masala Powder,Sample Customer 010,Srinagar,Jammu & Kashmir,5,"Tried this for the first time and the quality surprised me. The blend added a warm aroma to my curry. Overall, a pleasant purchase.",SYNTHETIC SAMPLE — NOT A REAL CUSTOMER REVIEW
Garam Masala Powder,Sample Customer 011,Bhopal,Madhya Pradesh,3,"I was mainly looking for a fresh spice and this did the job. The flavour is aromatic rather than excessively hot. Overall, a pleasant purchase.",SYNTHETIC SAMPLE — NOT A REAL CUSTOMER REVIEW
Garam Masala Powder,Sample Customer 012,Hyderabad,Telangana,5,The taste felt balanced in the dishes I made. The blend added a warm aroma to my curry. Good addition to the kitchen shelf.,SYNTHETIC SAMPLE — NOT A REAL CUSTOMER REVIEW
Garam Masala Powder,Sample Customer 013,Goa,Goa,5,Bought this along with a few other Dishu products. The blend added a warm aroma to my curry. Good addition to the kitchen shelf.,SYNTHETIC SAMPLE — NOT A REAL CUSTOMER REVIEW
Garam Masala Powder,Sample Customer 014,New Delhi,Delhi,4,Packaging was neat and the product reached me in good condition. The flavour is aromatic rather than excessively hot. It worked nicely in home-style cooking.,SYNTHETIC SAMPLE — NOT A REAL CUSTOMER REVIEW
Garam Masala Powder,Sample Customer 015,Jammu,Jammu & Kashmir,5,"I have been using this in everyday cooking and it has worked well. Nice for rajma, chole and paneer dishes. Happy with the first order.",SYNTHETIC SAMPLE — NOT A REAL CUSTOMER REVIEW
Garam Masala Powder,Sample Customer 016,Indore,Madhya Pradesh,5,I have been using this in everyday cooking and it has worked well. The blend added a warm aroma to my curry. Happy with the first order.,SYNTHETIC SAMPLE — NOT A REAL CUSTOMER REVIEW
Garam Masala Powder,Sample Customer 017,Bengaluru,Karnataka,5,"The taste felt balanced in the dishes I made. Nice for rajma, chole and paneer dishes. Good addition to the kitchen shelf.",SYNTHETIC SAMPLE — NOT A REAL CUSTOMER REVIEW
Garam Masala Powder,Sample Customer 018,Visakhapatnam,Andhra Pradesh,5,"I was mainly looking for a fresh spice and this did the job. Nice for rajma, chole and paneer dishes. So far, a good experience.",SYNTHETIC SAMPLE — NOT A REAL CUSTOMER REVIEW
Garam Masala Powder,Sample Customer 019,Jodhpur,Rajasthan,5,The flavour is quite natural and not overpowering. The flavour is aromatic rather than excessively hot. I would be comfortable buying this again.,SYNTHETIC SAMPLE — NOT A REAL CUSTOMER REVIEW
Garam Masala Powder,Sample Customer 020,Shimla,Himachal Pradesh,5,"This has become a regular item in my kitchen. Nice for rajma, chole and paneer dishes. Good addition to the kitchen shelf.",SYNTHETIC SAMPLE — NOT A REAL CUSTOMER REVIEW
Garam Masala Powder,Sample Customer 021,Nagpur,Maharashtra,4,I have been using this in everyday cooking and it has worked well. The flavour is aromatic rather than excessively hot. Good addition to the kitchen shelf.,SYNTHETIC SAMPLE — NOT A REAL CUSTOMER REVIEW
Garam Masala Powder,Sample Customer 022,Guwahati,Assam,3,"The taste felt balanced in the dishes I made. The blend added a warm aroma to my curry. So far, a good experience.",SYNTHETIC SAMPLE — NOT A REAL CUSTOMER REVIEW
Garam Masala Powder,Sample Customer 023,Vijayawada,Andhra Pradesh,5,"I was mainly looking for a fresh spice and this did the job. Nice for rajma, chole and paneer dishes. Overall, a pleasant purchase.",SYNTHETIC SAMPLE — NOT A REAL CUSTOMER REVIEW
Garam Masala Powder,Sample Customer 024,Jaipur,Rajasthan,5,"I liked the freshness of the powder. Nice for rajma, chole and paneer dishes. So far, a good experience.",SYNTHETIC SAMPLE — NOT A REAL CUSTOMER REVIEW
Garam Masala Powder,Sample Customer 025,Dehradun,Uttarakhand,5,Bought this along with a few other Dishu products. The blend added a warm aroma to my curry. I would be comfortable buying this again.,SYNTHETIC SAMPLE — NOT A REAL CUSTOMER REVIEW
Garam Masala Powder,Sample Customer 026,Pune,Maharashtra,5,Bought this along with a few other Dishu products. The flavour is aromatic rather than excessively hot. I would be comfortable buying this again.,SYNTHETIC SAMPLE — NOT A REAL CUSTOMER REVIEW
Garam Masala Powder,Sample Customer 027,Patna,Bihar,5,"The aroma was noticeable as soon as I opened the pack. Nice for rajma, chole and paneer dishes. It worked nicely in home-style cooking.",SYNTHETIC SAMPLE — NOT A REAL CUSTOMER REVIEW
Garam Masala Powder,Sample Customer 028,Thiruvananthapuram,Kerala,4,"Packaging was neat and the product reached me in good condition. The blend added a warm aroma to my curry. Simple product, good flavour, and useful for daily meals.",SYNTHETIC SAMPLE — NOT A REAL CUSTOMER REVIEW
Garam Masala Powder,Sample Customer 029,Chandigarh,Chandigarh,5,"The aroma was noticeable as soon as I opened the pack. Nice for rajma, chole and paneer dishes. So far, a good experience.",SYNTHETIC SAMPLE — NOT A REAL CUSTOMER REVIEW
Garam Masala Powder,Sample Customer 030,Varanasi,Uttar Pradesh,5,The pack was properly sealed and easy to store. The blend added a warm aroma to my curry. Happy with the first order.,SYNTHETIC SAMPLE — NOT A REAL CUSTOMER REVIEW
Garam Masala Powder,Sample Customer 031,Mumbai,Maharashtra,5,"The pack was properly sealed and easy to store. Nice for rajma, chole and paneer dishes. I would be comfortable buying this again.",SYNTHETIC SAMPLE — NOT A REAL CUSTOMER REVIEW
Garam Masala Powder,Sample Customer 032,Ranchi,Jharkhand,5,"I liked the freshness of the powder. The flavour is aromatic rather than excessively hot. So far, a good experience.",SYNTHETIC SAMPLE — NOT A REAL CUSTOMER REVIEW
Garam Masala Powder,Sample Customer 033,Kochi,Kerala,3,"Packaging was neat and the product reached me in good condition. The blend added a warm aroma to my curry. Overall, a pleasant purchase.",SYNTHETIC SAMPLE — NOT A REAL CUSTOMER REVIEW
Garam Masala Powder,Sample Customer 034,Ludhiana,Punjab,5,The taste felt balanced in the dishes I made. The blend added a warm aroma to my curry. Happy with the first order.,SYNTHETIC SAMPLE — NOT A REAL CUSTOMER REVIEW
Garam Masala Powder,Sample Customer 035,Lucknow,Uttar Pradesh,4,"Bought this along with a few other Dishu products. Nice for rajma, chole and paneer dishes. The quality felt consistent across the pack.",SYNTHETIC SAMPLE — NOT A REAL CUSTOMER REVIEW
Garam Masala Powder,Sample Customer 036,Surat,Gujarat,5,"The taste felt balanced in the dishes I made. Nice for rajma, chole and paneer dishes. Used it in dal and sabzi and liked the result.",SYNTHETIC SAMPLE — NOT A REAL CUSTOMER REVIEW
Garam Masala Powder,Sample Customer 037,Bhubaneswar,Odisha,5,"I liked the freshness of the powder. Nice for rajma, chole and paneer dishes. Overall, a pleasant purchase.",SYNTHETIC SAMPLE — NOT A REAL CUSTOMER REVIEW
Garam Masala Powder,Sample Customer 038,Coimbatore,Tamil Nadu,5,The flavour is quite natural and not overpowering. The blend added a warm aroma to my curry. The quality felt consistent across the pack.,SYNTHETIC SAMPLE — NOT A REAL CUSTOMER REVIEW
Garam Masala Powder,Sample Customer 039,Amritsar,Punjab,5,"The taste felt balanced in the dishes I made. The flavour is aromatic rather than excessively hot. Simple product, good flavour, and useful for daily meals.",SYNTHETIC SAMPLE — NOT A REAL CUSTOMER REVIEW
Garam Masala Powder,Sample Customer 040,Noida,Uttar Pradesh,5,"I was mainly looking for a fresh spice and this did the job. Nice for rajma, chole and paneer dishes. It worked nicely in home-style cooking.",SYNTHETIC SAMPLE — NOT A REAL CUSTOMER REVIEW
Garam Masala Powder,Sample Customer 041,Ahmedabad,Gujarat,5,Tried this for the first time and the quality surprised me. The flavour is aromatic rather than excessively hot. It worked nicely in home-style cooking.,SYNTHETIC SAMPLE — NOT A REAL CUSTOMER REVIEW
Garam Masala Powder,Sample Customer 042,Kolkata,West Bengal,4,"The pack was properly sealed and easy to store. Nice for rajma, chole and paneer dishes. The quality felt consistent across the pack.",SYNTHETIC SAMPLE — NOT A REAL CUSTOMER REVIEW
Garam Masala Powder,Sample Customer 043,Chennai,Tamil Nadu,5,"Tried this for the first time and the quality surprised me. Nice for rajma, chole and paneer dishes. Used it in dal and sabzi and liked the result.",SYNTHETIC SAMPLE — NOT A REAL CUSTOMER REVIEW
Garam Masala Powder,Sample Customer 044,Raipur,Chhattisgarh,3,Tried this for the first time and the quality surprised me. The flavour is aromatic rather than excessively hot. Good addition to the kitchen shelf.,SYNTHETIC SAMPLE — NOT A REAL CUSTOMER REVIEW
Garam Masala Powder,Sample Customer 045,Gurugram,Haryana,5,The taste felt balanced in the dishes I made. The flavour is aromatic rather than excessively hot. Good addition to the kitchen shelf.,SYNTHETIC SAMPLE — NOT A REAL CUSTOMER REVIEW
Garam Masala Powder,Sample Customer 046,Srinagar,Jammu & Kashmir,5,The flavour is quite natural and not overpowering. The flavour is aromatic rather than excessively hot. It worked nicely in home-style cooking.,SYNTHETIC SAMPLE — NOT A REAL CUSTOMER REVIEW
Garam Masala Powder,Sample Customer 047,Bhopal,Madhya Pradesh,5,"Tried this for the first time and the quality surprised me. The blend added a warm aroma to my curry. Overall, a pleasant purchase.",SYNTHETIC SAMPLE — NOT A REAL CUSTOMER REVIEW
Garam Masala Powder,Sample Customer 048,Hyderabad,Telangana,5,"Good option for everyday Indian cooking. The blend added a warm aroma to my curry. Simple product, good flavour, and useful for daily meals.",SYNTHETIC SAMPLE — NOT A REAL CUSTOMER REVIEW
Garam Masala Powder,Sample Customer 049,Goa,Goa,4,"The aroma was noticeable as soon as I opened the pack. The flavour is aromatic rather than excessively hot. So far, a good experience.",SYNTHETIC SAMPLE — NOT A REAL CUSTOMER REVIEW
Garam Masala Powder,Sample Customer 050,New Delhi,Delhi,5,"This has become a regular item in my kitchen. The flavour is aromatic rather than excessively hot. So far, a good experience.",SYNTHETIC SAMPLE — NOT A REAL CUSTOMER REVIEW
Garam Masala Powder,Sample Customer 051,Jammu,Jammu & Kashmir,5,"This has become a regular item in my kitchen. Nice for rajma, chole and paneer dishes. It worked nicely in home-style cooking.",SYNTHETIC SAMPLE — NOT A REAL CUSTOMER REVIEW
Garam Masala Powder,Sample Customer 052,Indore,Madhya Pradesh,5,The taste felt balanced in the dishes I made. The flavour is aromatic rather than excessively hot. The quality felt consistent across the pack.,SYNTHETIC SAMPLE — NOT A REAL CUSTOMER REVIEW
Garam Masala Powder,Sample Customer 053,Bengaluru,Karnataka,5,"I liked the freshness of the powder. Nice for rajma, chole and paneer dishes. So far, a good experience.",SYNTHETIC SAMPLE — NOT A REAL CUSTOMER REVIEW
Garam Masala Powder,Sample Customer 054,Visakhapatnam,Andhra Pradesh,5,The flavour is quite natural and not overpowering. The flavour is aromatic rather than excessively hot. Happy with the first order.,SYNTHETIC SAMPLE — NOT A REAL CUSTOMER REVIEW
Garam Masala Powder,Sample Customer 055,Jodhpur,Rajasthan,3,"Bought this along with a few other Dishu products. The blend added a warm aroma to my curry. Overall, a pleasant purchase.",SYNTHETIC SAMPLE — NOT A REAL CUSTOMER REVIEW
Garam Masala Powder,Sample Customer 056,Shimla,Himachal Pradesh,4,"The pack was properly sealed and easy to store. Nice for rajma, chole and paneer dishes. Good addition to the kitchen shelf.",SYNTHETIC SAMPLE — NOT A REAL CUSTOMER REVIEW
Garam Masala Powder,Sample Customer 057,Nagpur,Maharashtra,5,The aroma was noticeable as soon as I opened the pack. The flavour is aromatic rather than excessively hot. Used it in dal and sabzi and liked the result.,SYNTHETIC SAMPLE — NOT A REAL CUSTOMER REVIEW
Garam Masala Powder,Sample Customer 058,Guwahati,Assam,5,"The pack was properly sealed and easy to store. The flavour is aromatic rather than excessively hot. Overall, a pleasant purchase.",SYNTHETIC SAMPLE — NOT A REAL CUSTOMER REVIEW
Garam Masala Powder,Sample Customer 059,Vijayawada,Andhra Pradesh,5,"The aroma was noticeable as soon as I opened the pack. The flavour is aromatic rather than excessively hot. So far, a good experience.",SYNTHETIC SAMPLE — NOT A REAL CUSTOMER REVIEW
Garam Masala Powder,Sample Customer 060,Jaipur,Rajasthan,5,"Bought this along with a few other Dishu products. Nice for rajma, chole and paneer dishes. Would consider ordering it again.",SYNTHETIC SAMPLE — NOT A REAL CUSTOMER REVIEW
Garam Masala Powder,Sample Customer 061,Dehradun,Uttarakhand,5,"Packaging was neat and the product reached me in good condition. The flavour is aromatic rather than excessively hot. So far, a good experience.",SYNTHETIC SAMPLE — NOT A REAL CUSTOMER REVIEW
Red Chilli + Coriander,Sample Customer 001,Guwahati,Assam,5,"This has become a regular item in my kitchen. These two are used together in many of my recipes, so the combo is convenient. I would be comfortable buying this again.",SYNTHETIC SAMPLE — NOT A REAL CUSTOMER REVIEW
Red Chilli + Coriander,Sample Customer 002,Vijayawada,Andhra Pradesh,5,The aroma was noticeable as soon as I opened the pack. Good for sabzi and curry bases. Would consider ordering it again.,SYNTHETIC SAMPLE — NOT A REAL CUSTOMER REVIEW
Red Chilli + Coriander,Sample Customer 003,Jaipur,Rajasthan,5,I have been using this in everyday cooking and it has worked well. Good for sabzi and curry bases. Would consider ordering it again.,SYNTHETIC SAMPLE — NOT A REAL CUSTOMER REVIEW
Red Chilli + Coriander,Sample Customer 004,Dehradun,Uttarakhand,5,"The aroma was noticeable as soon as I opened the pack. The chilli gives heat while coriander keeps the flavour rounded. So far, a good experience.",SYNTHETIC SAMPLE — NOT A REAL CUSTOMER REVIEW
Red Chilli + Coriander,Sample Customer 005,Pune,Maharashtra,5,"I liked the freshness of the powder. These two are used together in many of my recipes, so the combo is convenient. Simple product, good flavour, and useful for daily meals.",SYNTHETIC SAMPLE — NOT A REAL CUSTOMER REVIEW
Red Chilli + Coriander,Sample Customer 006,Patna,Bihar,5,"Good option for everyday Indian cooking. These two are used together in many of my recipes, so the combo is convenient. Happy with the first order.",SYNTHETIC SAMPLE — NOT A REAL CUSTOMER REVIEW
Red Chilli + Coriander,Sample Customer 007,Thiruvananthapuram,Kerala,4,"This has become a regular item in my kitchen. These two are used together in many of my recipes, so the combo is convenient. Used it in dal and sabzi and liked the result.",SYNTHETIC SAMPLE — NOT A REAL CUSTOMER REVIEW
Red Chilli + Coriander,Sample Customer 008,Chandigarh,Chandigarh,5,"Tried this for the first time and the quality surprised me. Good for sabzi and curry bases. So far, a good experience.",SYNTHETIC SAMPLE — NOT A REAL CUSTOMER REVIEW
Red Chilli + Coriander,Sample Customer 009,Varanasi,Uttar Pradesh,5,"Tried this for the first time and the quality surprised me. These two are used together in many of my recipes, so the combo is convenient. Good addition to the kitchen shelf.",SYNTHETIC SAMPLE — NOT A REAL CUSTOMER REVIEW
Red Chilli + Coriander,Sample Customer 010,Mumbai,Maharashtra,5,"Tried this for the first time and the quality surprised me. The chilli gives heat while coriander keeps the flavour rounded. So far, a good experience.",SYNTHETIC SAMPLE — NOT A REAL CUSTOMER REVIEW
Red Chilli + Coriander,Sample Customer 011,Ranchi,Jharkhand,3,"Good option for everyday Indian cooking. These two are used together in many of my recipes, so the combo is convenient. It worked nicely in home-style cooking.",SYNTHETIC SAMPLE — NOT A REAL CUSTOMER REVIEW
Red Chilli + Coriander,Sample Customer 012,Kochi,Kerala,5,"The pack was properly sealed and easy to store. These two are used together in many of my recipes, so the combo is convenient. Happy with the first order.",SYNTHETIC SAMPLE — NOT A REAL CUSTOMER REVIEW
Red Chilli + Coriander,Sample Customer 013,Ludhiana,Punjab,5,"I have been using this in everyday cooking and it has worked well. The chilli gives heat while coriander keeps the flavour rounded. So far, a good experience.",SYNTHETIC SAMPLE — NOT A REAL CUSTOMER REVIEW
Red Chilli + Coriander,Sample Customer 014,Lucknow,Uttar Pradesh,4,I have been using this in everyday cooking and it has worked well. Good for sabzi and curry bases. Good addition to the kitchen shelf.,SYNTHETIC SAMPLE — NOT A REAL CUSTOMER REVIEW
Red Chilli + Coriander,Sample Customer 015,Surat,Gujarat,5,"Good option for everyday Indian cooking. The chilli gives heat while coriander keeps the flavour rounded. Simple product, good flavour, and useful for daily meals.",SYNTHETIC SAMPLE — NOT A REAL CUSTOMER REVIEW
Red Chilli + Coriander,Sample Customer 016,Bhubaneswar,Odisha,5,"Tried this for the first time and the quality surprised me. These two are used together in many of my recipes, so the combo is convenient. Good addition to the kitchen shelf.",SYNTHETIC SAMPLE — NOT A REAL CUSTOMER REVIEW
Red Chilli + Coriander,Sample Customer 017,Coimbatore,Tamil Nadu,5,"Packaging was neat and the product reached me in good condition. These two are used together in many of my recipes, so the combo is convenient. So far, a good experience.",SYNTHETIC SAMPLE — NOT A REAL CUSTOMER REVIEW
Red Chilli + Coriander,Sample Customer 018,Amritsar,Punjab,5,Good option for everyday Indian cooking. The chilli gives heat while coriander keeps the flavour rounded. It worked nicely in home-style cooking.,SYNTHETIC SAMPLE — NOT A REAL CUSTOMER REVIEW
Red Chilli + Coriander,Sample Customer 019,Noida,Uttar Pradesh,5,The taste felt balanced in the dishes I made. The chilli gives heat while coriander keeps the flavour rounded. It worked nicely in home-style cooking.,SYNTHETIC SAMPLE — NOT A REAL CUSTOMER REVIEW
Red Chilli + Coriander,Sample Customer 020,Ahmedabad,Gujarat,5,I was mainly looking for a fresh spice and this did the job. Good for sabzi and curry bases. Good addition to the kitchen shelf.,SYNTHETIC SAMPLE — NOT A REAL CUSTOMER REVIEW
Red Chilli + Coriander,Sample Customer 021,Kolkata,West Bengal,4,The flavour is quite natural and not overpowering. Good for sabzi and curry bases. It worked nicely in home-style cooking.,SYNTHETIC SAMPLE — NOT A REAL CUSTOMER REVIEW
Red Chilli + Coriander,Sample Customer 022,Chennai,Tamil Nadu,3,"I liked the freshness of the powder. These two are used together in many of my recipes, so the combo is convenient. Overall, a pleasant purchase.",SYNTHETIC SAMPLE — NOT A REAL CUSTOMER REVIEW
Red Chilli + Coriander,Sample Customer 023,Raipur,Chhattisgarh,5,"Good option for everyday Indian cooking. These two are used together in many of my recipes, so the combo is convenient. So far, a good experience.",SYNTHETIC SAMPLE — NOT A REAL CUSTOMER REVIEW
Red Chilli + Coriander,Sample Customer 024,Gurugram,Haryana,5,"I have been using this in everyday cooking and it has worked well. These two are used together in many of my recipes, so the combo is convenient. It worked nicely in home-style cooking.",SYNTHETIC SAMPLE — NOT A REAL CUSTOMER REVIEW
Red Chilli + Coriander,Sample Customer 025,Srinagar,Jammu & Kashmir,5,The flavour is quite natural and not overpowering. The chilli gives heat while coriander keeps the flavour rounded. I would be comfortable buying this again.,SYNTHETIC SAMPLE — NOT A REAL CUSTOMER REVIEW
Red Chilli + Coriander,Sample Customer 026,Bhopal,Madhya Pradesh,5,I liked the freshness of the powder. Good for sabzi and curry bases. Used it in dal and sabzi and liked the result.,SYNTHETIC SAMPLE — NOT A REAL CUSTOMER REVIEW
Red Chilli + Coriander,Sample Customer 027,Hyderabad,Telangana,5,Tried this for the first time and the quality surprised me. The chilli gives heat while coriander keeps the flavour rounded. Good addition to the kitchen shelf.,SYNTHETIC SAMPLE — NOT A REAL CUSTOMER REVIEW
Red Chilli + Coriander,Sample Customer 028,Goa,Goa,4,"The taste felt balanced in the dishes I made. These two are used together in many of my recipes, so the combo is convenient. Used it in dal and sabzi and liked the result.",SYNTHETIC SAMPLE — NOT A REAL CUSTOMER REVIEW
Red Chilli + Coriander,Sample Customer 029,New Delhi,Delhi,5,The taste felt balanced in the dishes I made. Good for sabzi and curry bases. I would be comfortable buying this again.,SYNTHETIC SAMPLE — NOT A REAL CUSTOMER REVIEW
Red Chilli + Coriander,Sample Customer 030,Jammu,Jammu & Kashmir,5,I have been using this in everyday cooking and it has worked well. The chilli gives heat while coriander keeps the flavour rounded. Happy with the first order.,SYNTHETIC SAMPLE — NOT A REAL CUSTOMER REVIEW
Red Chilli + Coriander,Sample Customer 031,Indore,Madhya Pradesh,5,I was mainly looking for a fresh spice and this did the job. Good for sabzi and curry bases. Used it in dal and sabzi and liked the result.,SYNTHETIC SAMPLE — NOT A REAL CUSTOMER REVIEW
Red Chilli + Coriander,Sample Customer 032,Bengaluru,Karnataka,5,"The flavour is quite natural and not overpowering. Good for sabzi and curry bases. Simple product, good flavour, and useful for daily meals.",SYNTHETIC SAMPLE — NOT A REAL CUSTOMER REVIEW
Red Chilli + Coriander,Sample Customer 033,Visakhapatnam,Andhra Pradesh,3,The flavour is quite natural and not overpowering. The chilli gives heat while coriander keeps the flavour rounded. The quality felt consistent across the pack.,SYNTHETIC SAMPLE — NOT A REAL CUSTOMER REVIEW
Red Chilli + Coriander,Sample Customer 034,Jodhpur,Rajasthan,5,"I have been using this in everyday cooking and it has worked well. The chilli gives heat while coriander keeps the flavour rounded. Simple product, good flavour, and useful for daily meals.",SYNTHETIC SAMPLE — NOT A REAL CUSTOMER REVIEW
Red Chilli + Coriander,Sample Customer 035,Shimla,Himachal Pradesh,4,This has become a regular item in my kitchen. The chilli gives heat while coriander keeps the flavour rounded. Happy with the first order.,SYNTHETIC SAMPLE — NOT A REAL CUSTOMER REVIEW
Red Chilli + Coriander,Sample Customer 036,Nagpur,Maharashtra,5,"Good option for everyday Indian cooking. These two are used together in many of my recipes, so the combo is convenient. Happy with the first order.",SYNTHETIC SAMPLE — NOT A REAL CUSTOMER REVIEW
Red Chilli + Coriander,Sample Customer 037,Guwahati,Assam,5,Bought this along with a few other Dishu products. The chilli gives heat while coriander keeps the flavour rounded. Happy with the first order.,SYNTHETIC SAMPLE — NOT A REAL CUSTOMER REVIEW
Red Chilli + Coriander,Sample Customer 038,Vijayawada,Andhra Pradesh,5,I was mainly looking for a fresh spice and this did the job. The chilli gives heat while coriander keeps the flavour rounded. It worked nicely in home-style cooking.,SYNTHETIC SAMPLE — NOT A REAL CUSTOMER REVIEW
Red Chilli + Coriander,Sample Customer 039,Jaipur,Rajasthan,5,I was mainly looking for a fresh spice and this did the job. The chilli gives heat while coriander keeps the flavour rounded. Happy with the first order.,SYNTHETIC SAMPLE — NOT A REAL CUSTOMER REVIEW
Red Chilli + Coriander,Sample Customer 040,Dehradun,Uttarakhand,5,I liked the freshness of the powder. Good for sabzi and curry bases. The quality felt consistent across the pack.,SYNTHETIC SAMPLE — NOT A REAL CUSTOMER REVIEW
Red Chilli + Coriander,Sample Customer 041,Pune,Maharashtra,5,I have been using this in everyday cooking and it has worked well. Good for sabzi and curry bases. Happy with the first order.,SYNTHETIC SAMPLE — NOT A REAL CUSTOMER REVIEW
Red Chilli + Coriander,Sample Customer 042,Patna,Bihar,4,The flavour is quite natural and not overpowering. Good for sabzi and curry bases. The quality felt consistent across the pack.,SYNTHETIC SAMPLE — NOT A REAL CUSTOMER REVIEW
Red Chilli + Coriander,Sample Customer 043,Thiruvananthapuram,Kerala,5,Packaging was neat and the product reached me in good condition. The chilli gives heat while coriander keeps the flavour rounded. Would consider ordering it again.,SYNTHETIC SAMPLE — NOT A REAL CUSTOMER REVIEW
Red Chilli + Coriander,Sample Customer 044,Chandigarh,Chandigarh,3,"Bought this along with a few other Dishu products. These two are used together in many of my recipes, so the combo is convenient. Good addition to the kitchen shelf.",SYNTHETIC SAMPLE — NOT A REAL CUSTOMER REVIEW
Red Chilli + Coriander,Sample Customer 045,Varanasi,Uttar Pradesh,5,"The aroma was noticeable as soon as I opened the pack. Good for sabzi and curry bases. So far, a good experience.",SYNTHETIC SAMPLE — NOT A REAL CUSTOMER REVIEW
Red Chilli + Coriander,Sample Customer 046,Mumbai,Maharashtra,5,"I have been using this in everyday cooking and it has worked well. These two are used together in many of my recipes, so the combo is convenient. Simple product, good flavour, and useful for daily meals.",SYNTHETIC SAMPLE — NOT A REAL CUSTOMER REVIEW
Red Chilli + Coriander,Sample Customer 047,Ranchi,Jharkhand,5,Good option for everyday Indian cooking. Good for sabzi and curry bases. The quality felt consistent across the pack.,SYNTHETIC SAMPLE — NOT A REAL CUSTOMER REVIEW
Red Chilli + Coriander,Sample Customer 048,Kochi,Kerala,5,"Tried this for the first time and the quality surprised me. The chilli gives heat while coriander keeps the flavour rounded. Simple product, good flavour, and useful for daily meals.",SYNTHETIC SAMPLE — NOT A REAL CUSTOMER REVIEW
Red Chilli + Coriander,Sample Customer 049,Ludhiana,Punjab,4,The taste felt balanced in the dishes I made. Good for sabzi and curry bases. Used it in dal and sabzi and liked the result.,SYNTHETIC SAMPLE — NOT A REAL CUSTOMER REVIEW
Red Chilli + Coriander,Sample Customer 050,Lucknow,Uttar Pradesh,5,This has become a regular item in my kitchen. The chilli gives heat while coriander keeps the flavour rounded. Used it in dal and sabzi and liked the result.,SYNTHETIC SAMPLE — NOT A REAL CUSTOMER REVIEW
Red Chilli + Coriander,Sample Customer 051,Surat,Gujarat,5,I was mainly looking for a fresh spice and this did the job. Good for sabzi and curry bases. It worked nicely in home-style cooking.,SYNTHETIC SAMPLE — NOT A REAL CUSTOMER REVIEW
Red Chilli + Coriander,Sample Customer 052,Bhubaneswar,Odisha,5,"Good option for everyday Indian cooking. Good for sabzi and curry bases. Simple product, good flavour, and useful for daily meals.",SYNTHETIC SAMPLE — NOT A REAL CUSTOMER REVIEW
Red Chilli + Coriander,Sample Customer 053,Coimbatore,Tamil Nadu,5,"I liked the freshness of the powder. These two are used together in many of my recipes, so the combo is convenient. The quality felt consistent across the pack.",SYNTHETIC SAMPLE — NOT A REAL CUSTOMER REVIEW
Red Chilli + Coriander,Sample Customer 054,Amritsar,Punjab,5,The pack was properly sealed and easy to store. Good for sabzi and curry bases. Would consider ordering it again.,SYNTHETIC SAMPLE — NOT A REAL CUSTOMER REVIEW
Red Chilli + Coriander,Sample Customer 055,Noida,Uttar Pradesh,3,I was mainly looking for a fresh spice and this did the job. The chilli gives heat while coriander keeps the flavour rounded. Would consider ordering it again.,SYNTHETIC SAMPLE — NOT A REAL CUSTOMER REVIEW
Red Chilli + Coriander,Sample Customer 056,Ahmedabad,Gujarat,4,The aroma was noticeable as soon as I opened the pack. Good for sabzi and curry bases. It worked nicely in home-style cooking.,SYNTHETIC SAMPLE — NOT A REAL CUSTOMER REVIEW
Red Chilli + Coriander,Sample Customer 057,Kolkata,West Bengal,5,"The aroma was noticeable as soon as I opened the pack. These two are used together in many of my recipes, so the combo is convenient. Would consider ordering it again.",SYNTHETIC SAMPLE — NOT A REAL CUSTOMER REVIEW
Red Chilli + Coriander,Sample Customer 058,Chennai,Tamil Nadu,5,"Good option for everyday Indian cooking. Good for sabzi and curry bases. Simple product, good flavour, and useful for daily meals.",SYNTHETIC SAMPLE — NOT A REAL CUSTOMER REVIEW
Red Chilli + Coriander,Sample Customer 059,Raipur,Chhattisgarh,5,I was mainly looking for a fresh spice and this did the job. The chilli gives heat while coriander keeps the flavour rounded. Happy with the first order.,SYNTHETIC SAMPLE — NOT A REAL CUSTOMER REVIEW
Red Chilli + Coriander,Sample Customer 060,Gurugram,Haryana,5,Packaging was neat and the product reached me in good condition. The chilli gives heat while coriander keeps the flavour rounded. Used it in dal and sabzi and liked the result.,SYNTHETIC SAMPLE — NOT A REAL CUSTOMER REVIEW
Red Chilli Powder,Sample Customer 001,Chennai,Tamil Nadu,5,This has become a regular item in my kitchen. The colour and heat worked well for everyday cooking. Would consider ordering it again.,SYNTHETIC SAMPLE — NOT A REAL CUSTOMER REVIEW
Red Chilli Powder,Sample Customer 002,Raipur,Chhattisgarh,5,I have been using this in everyday cooking and it has worked well. I used it in tadka and marinades and liked the flavour. It worked nicely in home-style cooking.,SYNTHETIC SAMPLE — NOT A REAL CUSTOMER REVIEW
Red Chilli Powder,Sample Customer 003,Gurugram,Haryana,5,Tried this for the first time and the quality surprised me. The colour and heat worked well for everyday cooking. I would be comfortable buying this again.,SYNTHETIC SAMPLE — NOT A REAL CUSTOMER REVIEW
Red Chilli Powder,Sample Customer 004,Srinagar,Jammu & Kashmir,5,"The taste felt balanced in the dishes I made. Good balance of colour and spice for regular dishes. Overall, a pleasant purchase.",SYNTHETIC SAMPLE — NOT A REAL CUSTOMER REVIEW
Red Chilli Powder,Sample Customer 005,Bhopal,Madhya Pradesh,5,The flavour is quite natural and not overpowering. The colour and heat worked well for everyday cooking. Used it in dal and sabzi and liked the result.,SYNTHETIC SAMPLE — NOT A REAL CUSTOMER REVIEW
Red Chilli Powder,Sample Customer 006,Hyderabad,Telangana,5,The taste felt balanced in the dishes I made. Good balance of colour and spice for regular dishes. I would be comfortable buying this again.,SYNTHETIC SAMPLE — NOT A REAL CUSTOMER REVIEW
Red Chilli Powder,Sample Customer 007,Goa,Goa,4,"This has become a regular item in my kitchen. I used it in tadka and marinades and liked the flavour. So far, a good experience.",SYNTHETIC SAMPLE — NOT A REAL CUSTOMER REVIEW
Red Chilli Powder,Sample Customer 008,New Delhi,Delhi,5,"Bought this along with a few other Dishu products. I used it in tadka and marinades and liked the flavour. Overall, a pleasant purchase.",SYNTHETIC SAMPLE — NOT A REAL CUSTOMER REVIEW
Red Chilli Powder,Sample Customer 009,Jammu,Jammu & Kashmir,5,Tried this for the first time and the quality surprised me. The colour and heat worked well for everyday cooking. Would consider ordering it again.,SYNTHETIC SAMPLE — NOT A REAL CUSTOMER REVIEW
Red Chilli Powder,Sample Customer 010,Indore,Madhya Pradesh,5,"I have been using this in everyday cooking and it has worked well. I used it in tadka and marinades and liked the flavour. Overall, a pleasant purchase.",SYNTHETIC SAMPLE — NOT A REAL CUSTOMER REVIEW
Red Chilli Powder,Sample Customer 011,Bengaluru,Karnataka,3,"Tried this for the first time and the quality surprised me. I used it in tadka and marinades and liked the flavour. Overall, a pleasant purchase.",SYNTHETIC SAMPLE — NOT A REAL CUSTOMER REVIEW
Red Chilli Powder,Sample Customer 012,Visakhapatnam,Andhra Pradesh,5,This has become a regular item in my kitchen. Good balance of colour and spice for regular dishes. I would be comfortable buying this again.,SYNTHETIC SAMPLE — NOT A REAL CUSTOMER REVIEW
Red Chilli Powder,Sample Customer 013,Jodhpur,Rajasthan,5,Good option for everyday Indian cooking. The colour and heat worked well for everyday cooking. I would be comfortable buying this again.,SYNTHETIC SAMPLE — NOT A REAL CUSTOMER REVIEW
Red Chilli Powder,Sample Customer 014,Shimla,Himachal Pradesh,4,The pack was properly sealed and easy to store. Good balance of colour and spice for regular dishes. Would consider ordering it again.,SYNTHETIC SAMPLE — NOT A REAL CUSTOMER REVIEW
Red Chilli Powder,Sample Customer 015,Nagpur,Maharashtra,5,The flavour is quite natural and not overpowering. Good balance of colour and spice for regular dishes. I would be comfortable buying this again.,SYNTHETIC SAMPLE — NOT A REAL CUSTOMER REVIEW
Red Chilli Powder,Sample Customer 016,Guwahati,Assam,5,I liked the freshness of the powder. Good balance of colour and spice for regular dishes. The quality felt consistent across the pack.,SYNTHETIC SAMPLE — NOT A REAL CUSTOMER REVIEW
Red Chilli Powder,Sample Customer 017,Vijayawada,Andhra Pradesh,5,The taste felt balanced in the dishes I made. I used it in tadka and marinades and liked the flavour. Happy with the first order.,SYNTHETIC SAMPLE — NOT A REAL CUSTOMER REVIEW
Red Chilli Powder,Sample Customer 018,Jaipur,Rajasthan,5,"The flavour is quite natural and not overpowering. The colour and heat worked well for everyday cooking. Simple product, good flavour, and useful for daily meals.",SYNTHETIC SAMPLE — NOT A REAL CUSTOMER REVIEW
Red Chilli Powder,Sample Customer 019,Dehradun,Uttarakhand,5,Good option for everyday Indian cooking. I used it in tadka and marinades and liked the flavour. Would consider ordering it again.,SYNTHETIC SAMPLE — NOT A REAL CUSTOMER REVIEW
Red Chilli Powder,Sample Customer 020,Pune,Maharashtra,5,Tried this for the first time and the quality surprised me. Good balance of colour and spice for regular dishes. I would be comfortable buying this again.,SYNTHETIC SAMPLE — NOT A REAL CUSTOMER REVIEW
Red Chilli Powder,Sample Customer 021,Patna,Bihar,4,"The flavour is quite natural and not overpowering. The colour and heat worked well for everyday cooking. Simple product, good flavour, and useful for daily meals.",SYNTHETIC SAMPLE — NOT A REAL CUSTOMER REVIEW
Red Chilli Powder,Sample Customer 022,Thiruvananthapuram,Kerala,3,Good option for everyday Indian cooking. I used it in tadka and marinades and liked the flavour. The quality felt consistent across the pack.,SYNTHETIC SAMPLE — NOT A REAL CUSTOMER REVIEW
Red Chilli Powder,Sample Customer 023,Chandigarh,Chandigarh,5,"I was mainly looking for a fresh spice and this did the job. The colour and heat worked well for everyday cooking. Overall, a pleasant purchase.",SYNTHETIC SAMPLE — NOT A REAL CUSTOMER REVIEW
Red Chilli Powder,Sample Customer 024,Varanasi,Uttar Pradesh,5,This has become a regular item in my kitchen. The colour and heat worked well for everyday cooking. I would be comfortable buying this again.,SYNTHETIC SAMPLE — NOT A REAL CUSTOMER REVIEW
Red Chilli Powder,Sample Customer 025,Mumbai,Maharashtra,5,I liked the freshness of the powder. The colour and heat worked well for everyday cooking. Good addition to the kitchen shelf.,SYNTHETIC SAMPLE — NOT A REAL CUSTOMER REVIEW
Red Chilli Powder,Sample Customer 026,Ranchi,Jharkhand,5,"Packaging was neat and the product reached me in good condition. The colour and heat worked well for everyday cooking. Overall, a pleasant purchase.",SYNTHETIC SAMPLE — NOT A REAL CUSTOMER REVIEW
Red Chilli Powder,Sample Customer 027,Kochi,Kerala,5,"I was mainly looking for a fresh spice and this did the job. Good balance of colour and spice for regular dishes. So far, a good experience.",SYNTHETIC SAMPLE — NOT A REAL CUSTOMER REVIEW
Red Chilli Powder,Sample Customer 028,Ludhiana,Punjab,4,Good option for everyday Indian cooking. I used it in tadka and marinades and liked the flavour. I would be comfortable buying this again.,SYNTHETIC SAMPLE — NOT A REAL CUSTOMER REVIEW
Red Chilli Powder,Sample Customer 029,Lucknow,Uttar Pradesh,5,Good option for everyday Indian cooking. Good balance of colour and spice for regular dishes. I would be comfortable buying this again.,SYNTHETIC SAMPLE — NOT A REAL CUSTOMER REVIEW
Red Chilli Powder,Sample Customer 030,Surat,Gujarat,5,I have been using this in everyday cooking and it has worked well. Good balance of colour and spice for regular dishes. It worked nicely in home-style cooking.,SYNTHETIC SAMPLE — NOT A REAL CUSTOMER REVIEW
Red Chilli Powder,Sample Customer 031,Bhubaneswar,Odisha,5,"Tried this for the first time and the quality surprised me. The colour and heat worked well for everyday cooking. Simple product, good flavour, and useful for daily meals.",SYNTHETIC SAMPLE — NOT A REAL CUSTOMER REVIEW
Red Chilli Powder,Sample Customer 032,Coimbatore,Tamil Nadu,5,"I liked the freshness of the powder. Good balance of colour and spice for regular dishes. Overall, a pleasant purchase.",SYNTHETIC SAMPLE — NOT A REAL CUSTOMER REVIEW
Red Chilli Powder,Sample Customer 033,Amritsar,Punjab,3,Tried this for the first time and the quality surprised me. Good balance of colour and spice for regular dishes. Good addition to the kitchen shelf.,SYNTHETIC SAMPLE — NOT A REAL CUSTOMER REVIEW
Red Chilli Powder,Sample Customer 034,Noida,Uttar Pradesh,5,I have been using this in everyday cooking and it has worked well. The colour and heat worked well for everyday cooking. It worked nicely in home-style cooking.,SYNTHETIC SAMPLE — NOT A REAL CUSTOMER REVIEW
Red Chilli Powder,Sample Customer 035,Ahmedabad,Gujarat,4,Tried this for the first time and the quality surprised me. Good balance of colour and spice for regular dishes. Would consider ordering it again.,SYNTHETIC SAMPLE — NOT A REAL CUSTOMER REVIEW
Red Chilli Powder,Sample Customer 036,Kolkata,West Bengal,5,"The flavour is quite natural and not overpowering. Good balance of colour and spice for regular dishes. Simple product, good flavour, and useful for daily meals.",SYNTHETIC SAMPLE — NOT A REAL CUSTOMER REVIEW
Red Chilli Powder,Sample Customer 037,Chennai,Tamil Nadu,5,"The aroma was noticeable as soon as I opened the pack. The colour and heat worked well for everyday cooking. So far, a good experience.",SYNTHETIC SAMPLE — NOT A REAL CUSTOMER REVIEW
Red Chilli Powder,Sample Customer 038,Raipur,Chhattisgarh,5,"Good option for everyday Indian cooking. Good balance of colour and spice for regular dishes. Simple product, good flavour, and useful for daily meals.",SYNTHETIC SAMPLE — NOT A REAL CUSTOMER REVIEW
Red Chilli Powder,Sample Customer 039,Gurugram,Haryana,5,The flavour is quite natural and not overpowering. The colour and heat worked well for everyday cooking. Used it in dal and sabzi and liked the result.,SYNTHETIC SAMPLE — NOT A REAL CUSTOMER REVIEW
Red Chilli Powder,Sample Customer 040,Srinagar,Jammu & Kashmir,5,"Bought this along with a few other Dishu products. Good balance of colour and spice for regular dishes. So far, a good experience.",SYNTHETIC SAMPLE — NOT A REAL CUSTOMER REVIEW
Red Chilli Powder,Sample Customer 041,Bhopal,Madhya Pradesh,5,Tried this for the first time and the quality surprised me. The colour and heat worked well for everyday cooking. Good addition to the kitchen shelf.,SYNTHETIC SAMPLE — NOT A REAL CUSTOMER REVIEW
Red Chilli Powder,Sample Customer 042,Hyderabad,Telangana,4,Bought this along with a few other Dishu products. I used it in tadka and marinades and liked the flavour. The quality felt consistent across the pack.,SYNTHETIC SAMPLE — NOT A REAL CUSTOMER REVIEW
Red Chilli Powder,Sample Customer 043,Goa,Goa,5,The taste felt balanced in the dishes I made. I used it in tadka and marinades and liked the flavour. Used it in dal and sabzi and liked the result.,SYNTHETIC SAMPLE — NOT A REAL CUSTOMER REVIEW
Red Chilli Powder,Sample Customer 044,New Delhi,Delhi,3,"The taste felt balanced in the dishes I made. The colour and heat worked well for everyday cooking. Simple product, good flavour, and useful for daily meals.",SYNTHETIC SAMPLE — NOT A REAL CUSTOMER REVIEW
Red Chilli Powder,Sample Customer 045,Jammu,Jammu & Kashmir,5,Packaging was neat and the product reached me in good condition. The colour and heat worked well for everyday cooking. Good addition to the kitchen shelf.,SYNTHETIC SAMPLE — NOT A REAL CUSTOMER REVIEW
Red Chilli Powder,Sample Customer 046,Indore,Madhya Pradesh,5,"I was mainly looking for a fresh spice and this did the job. The colour and heat worked well for everyday cooking. Simple product, good flavour, and useful for daily meals.",SYNTHETIC SAMPLE — NOT A REAL CUSTOMER REVIEW
Red Chilli Powder,Sample Customer 047,Bengaluru,Karnataka,5,Packaging was neat and the product reached me in good condition. Good balance of colour and spice for regular dishes. It worked nicely in home-style cooking.,SYNTHETIC SAMPLE — NOT A REAL CUSTOMER REVIEW
Red Chilli Powder,Sample Customer 048,Visakhapatnam,Andhra Pradesh,5,I liked the freshness of the powder. Good balance of colour and spice for regular dishes. I would be comfortable buying this again.,SYNTHETIC SAMPLE — NOT A REAL CUSTOMER REVIEW
Red Chilli Powder,Sample Customer 049,Jodhpur,Rajasthan,4,"The flavour is quite natural and not overpowering. The colour and heat worked well for everyday cooking. Overall, a pleasant purchase.",SYNTHETIC SAMPLE — NOT A REAL CUSTOMER REVIEW
Red Chilli Powder,Sample Customer 050,Shimla,Himachal Pradesh,5,This has become a regular item in my kitchen. Good balance of colour and spice for regular dishes. Would consider ordering it again.,SYNTHETIC SAMPLE — NOT A REAL CUSTOMER REVIEW
Red Chilli Powder,Sample Customer 051,Nagpur,Maharashtra,5,The taste felt balanced in the dishes I made. The colour and heat worked well for everyday cooking. Good addition to the kitchen shelf.,SYNTHETIC SAMPLE — NOT A REAL CUSTOMER REVIEW
Red Chilli Powder,Sample Customer 052,Guwahati,Assam,5,The aroma was noticeable as soon as I opened the pack. The colour and heat worked well for everyday cooking. I would be comfortable buying this again.,SYNTHETIC SAMPLE — NOT A REAL CUSTOMER REVIEW
Red Chilli Powder,Sample Customer 053,Vijayawada,Andhra Pradesh,5,Good option for everyday Indian cooking. The colour and heat worked well for everyday cooking. Good addition to the kitchen shelf.,SYNTHETIC SAMPLE — NOT A REAL CUSTOMER REVIEW
Red Chilli Powder,Sample Customer 054,Jaipur,Rajasthan,5,Tried this for the first time and the quality surprised me. Good balance of colour and spice for regular dishes. It worked nicely in home-style cooking.,SYNTHETIC SAMPLE — NOT A REAL CUSTOMER REVIEW
Red Chilli Powder,Sample Customer 055,Dehradun,Uttarakhand,3,Bought this along with a few other Dishu products. The colour and heat worked well for everyday cooking. The quality felt consistent across the pack.,SYNTHETIC SAMPLE — NOT A REAL CUSTOMER REVIEW
Red Chilli Powder,Sample Customer 056,Pune,Maharashtra,4,The pack was properly sealed and easy to store. Good balance of colour and spice for regular dishes. It worked nicely in home-style cooking.,SYNTHETIC SAMPLE — NOT A REAL CUSTOMER REVIEW
Red Chilli Powder,Sample Customer 057,Patna,Bihar,5,The pack was properly sealed and easy to store. The colour and heat worked well for everyday cooking. It worked nicely in home-style cooking.,SYNTHETIC SAMPLE — NOT A REAL CUSTOMER REVIEW
Red Chilli Powder,Sample Customer 058,Thiruvananthapuram,Kerala,5,I have been using this in everyday cooking and it has worked well. I used it in tadka and marinades and liked the flavour. Used it in dal and sabzi and liked the result.,SYNTHETIC SAMPLE — NOT A REAL CUSTOMER REVIEW
Red Chilli Powder,Sample Customer 059,Chandigarh,Chandigarh,5,"Tried this for the first time and the quality surprised me. Good balance of colour and spice for regular dishes. Simple product, good flavour, and useful for daily meals.",SYNTHETIC SAMPLE — NOT A REAL CUSTOMER REVIEW
Red Chilli Powder,Sample Customer 060,Varanasi,Uttar Pradesh,5,"This has become a regular item in my kitchen. I used it in tadka and marinades and liked the flavour. So far, a good experience.",SYNTHETIC SAMPLE — NOT A REAL CUSTOMER REVIEW
Red Chilli Powder,Sample Customer 061,Mumbai,Maharashtra,5,The pack was properly sealed and easy to store. I used it in tadka and marinades and liked the flavour. It worked nicely in home-style cooking.,SYNTHETIC SAMPLE — NOT A REAL CUSTOMER REVIEW
Red Chilli Powder,Sample Customer 062,Ranchi,Jharkhand,5,The aroma was noticeable as soon as I opened the pack. Good balance of colour and spice for regular dishes. Used it in dal and sabzi and liked the result.,SYNTHETIC SAMPLE — NOT A REAL CUSTOMER REVIEW
Red Chilli Powder,Sample Customer 063,Kochi,Kerala,4,This has become a regular item in my kitchen. I used it in tadka and marinades and liked the flavour. Used it in dal and sabzi and liked the result.,SYNTHETIC SAMPLE — NOT A REAL CUSTOMER REVIEW
Red Chilli Powder,Sample Customer 064,Ludhiana,Punjab,5,"I liked the freshness of the powder. The colour and heat worked well for everyday cooking. So far, a good experience.",SYNTHETIC SAMPLE — NOT A REAL CUSTOMER REVIEW
Turmeric + Coriander,Sample Customer 001,Thiruvananthapuram,Kerala,5,"Good option for everyday Indian cooking. A useful everyday combination for dal and vegetable dishes. So far, a good experience.",SYNTHETIC SAMPLE — NOT A REAL CUSTOMER REVIEW
Turmeric + Coriander,Sample Customer 002,Chandigarh,Chandigarh,5,This has become a regular item in my kitchen. A useful everyday combination for dal and vegetable dishes. I would be comfortable buying this again.,SYNTHETIC SAMPLE — NOT A REAL CUSTOMER REVIEW
Turmeric + Coriander,Sample Customer 003,Varanasi,Uttar Pradesh,5,The taste felt balanced in the dishes I made. Both powders blended easily into the curry base. Good addition to the kitchen shelf.,SYNTHETIC SAMPLE — NOT A REAL CUSTOMER REVIEW
Turmeric + Coriander,Sample Customer 004,Mumbai,Maharashtra,5,Good option for everyday Indian cooking. Convenient combo for regular North Indian cooking. It worked nicely in home-style cooking.,SYNTHETIC SAMPLE — NOT A REAL CUSTOMER REVIEW
Turmeric + Coriander,Sample Customer 005,Ranchi,Jharkhand,5,The taste felt balanced in the dishes I made. Convenient combo for regular North Indian cooking. It worked nicely in home-style cooking.,SYNTHETIC SAMPLE — NOT A REAL CUSTOMER REVIEW
Turmeric + Coriander,Sample Customer 006,Kochi,Kerala,5,I liked the freshness of the powder. A useful everyday combination for dal and vegetable dishes. The quality felt consistent across the pack.,SYNTHETIC SAMPLE — NOT A REAL CUSTOMER REVIEW
Turmeric + Coriander,Sample Customer 007,Ludhiana,Punjab,4,I have been using this in everyday cooking and it has worked well. A useful everyday combination for dal and vegetable dishes. Happy with the first order.,SYNTHETIC SAMPLE — NOT A REAL CUSTOMER REVIEW
Turmeric + Coriander,Sample Customer 008,Lucknow,Uttar Pradesh,5,Packaging was neat and the product reached me in good condition. Convenient combo for regular North Indian cooking. It worked nicely in home-style cooking.,SYNTHETIC SAMPLE — NOT A REAL CUSTOMER REVIEW
Turmeric + Coriander,Sample Customer 009,Surat,Gujarat,5,The taste felt balanced in the dishes I made. Convenient combo for regular North Indian cooking. I would be comfortable buying this again.,SYNTHETIC SAMPLE — NOT A REAL CUSTOMER REVIEW
Turmeric + Coriander,Sample Customer 010,Bhubaneswar,Odisha,5,The aroma was noticeable as soon as I opened the pack. Convenient combo for regular North Indian cooking. Good addition to the kitchen shelf.,SYNTHETIC SAMPLE — NOT A REAL CUSTOMER REVIEW
Turmeric + Coriander,Sample Customer 011,Coimbatore,Tamil Nadu,3,Good option for everyday Indian cooking. Both powders blended easily into the curry base. The quality felt consistent across the pack.,SYNTHETIC SAMPLE — NOT A REAL CUSTOMER REVIEW
Turmeric + Coriander,Sample Customer 012,Amritsar,Punjab,5,I have been using this in everyday cooking and it has worked well. A useful everyday combination for dal and vegetable dishes. I would be comfortable buying this again.,SYNTHETIC SAMPLE — NOT A REAL CUSTOMER REVIEW
Turmeric + Coriander,Sample Customer 013,Noida,Uttar Pradesh,5,I liked the freshness of the powder. Both powders blended easily into the curry base. The quality felt consistent across the pack.,SYNTHETIC SAMPLE — NOT A REAL CUSTOMER REVIEW
Turmeric + Coriander,Sample Customer 014,Ahmedabad,Gujarat,4,"Bought this along with a few other Dishu products. Convenient combo for regular North Indian cooking. So far, a good experience.",SYNTHETIC SAMPLE — NOT A REAL CUSTOMER REVIEW
Turmeric + Coriander,Sample Customer 015,Kolkata,West Bengal,5,This has become a regular item in my kitchen. Both powders blended easily into the curry base. Good addition to the kitchen shelf.,SYNTHETIC SAMPLE — NOT A REAL CUSTOMER REVIEW
Turmeric + Coriander,Sample Customer 016,Chennai,Tamil Nadu,5,Packaging was neat and the product reached me in good condition. A useful everyday combination for dal and vegetable dishes. Happy with the first order.,SYNTHETIC SAMPLE — NOT A REAL CUSTOMER REVIEW
Turmeric + Coriander,Sample Customer 017,Raipur,Chhattisgarh,5,"The taste felt balanced in the dishes I made. A useful everyday combination for dal and vegetable dishes. So far, a good experience.",SYNTHETIC SAMPLE — NOT A REAL CUSTOMER REVIEW
Turmeric + Coriander,Sample Customer 018,Gurugram,Haryana,5,"I was mainly looking for a fresh spice and this did the job. Convenient combo for regular North Indian cooking. Simple product, good flavour, and useful for daily meals.",SYNTHETIC SAMPLE — NOT A REAL CUSTOMER REVIEW
Turmeric + Coriander,Sample Customer 019,Srinagar,Jammu & Kashmir,5,I liked the freshness of the powder. Convenient combo for regular North Indian cooking. Used it in dal and sabzi and liked the result.,SYNTHETIC SAMPLE — NOT A REAL CUSTOMER REVIEW
Turmeric + Coriander,Sample Customer 020,Bhopal,Madhya Pradesh,5,"Tried this for the first time and the quality surprised me. Convenient combo for regular North Indian cooking. So far, a good experience.",SYNTHETIC SAMPLE — NOT A REAL CUSTOMER REVIEW
Turmeric + Coriander,Sample Customer 021,Hyderabad,Telangana,4,The flavour is quite natural and not overpowering. A useful everyday combination for dal and vegetable dishes. The quality felt consistent across the pack.,SYNTHETIC SAMPLE — NOT A REAL CUSTOMER REVIEW
Turmeric + Coriander,Sample Customer 022,Goa,Goa,3,The taste felt balanced in the dishes I made. A useful everyday combination for dal and vegetable dishes. I would be comfortable buying this again.,SYNTHETIC SAMPLE — NOT A REAL CUSTOMER REVIEW
Turmeric + Coriander,Sample Customer 023,New Delhi,Delhi,5,The aroma was noticeable as soon as I opened the pack. A useful everyday combination for dal and vegetable dishes. Happy with the first order.,SYNTHETIC SAMPLE — NOT A REAL CUSTOMER REVIEW
Turmeric + Coriander,Sample Customer 024,Jammu,Jammu & Kashmir,5,Good option for everyday Indian cooking. A useful everyday combination for dal and vegetable dishes. Would consider ordering it again.,SYNTHETIC SAMPLE — NOT A REAL CUSTOMER REVIEW
Turmeric + Coriander,Sample Customer 025,Indore,Madhya Pradesh,5,The aroma was noticeable as soon as I opened the pack. Convenient combo for regular North Indian cooking. Good addition to the kitchen shelf.,SYNTHETIC SAMPLE — NOT A REAL CUSTOMER REVIEW
Turmeric + Coriander,Sample Customer 026,Bengaluru,Karnataka,5,I was mainly looking for a fresh spice and this did the job. A useful everyday combination for dal and vegetable dishes. Would consider ordering it again.,SYNTHETIC SAMPLE — NOT A REAL CUSTOMER REVIEW
Turmeric + Coriander,Sample Customer 027,Visakhapatnam,Andhra Pradesh,5,"The pack was properly sealed and easy to store. Convenient combo for regular North Indian cooking. So far, a good experience.",SYNTHETIC SAMPLE — NOT A REAL CUSTOMER REVIEW
Turmeric + Coriander,Sample Customer 028,Jodhpur,Rajasthan,4,Packaging was neat and the product reached me in good condition. Convenient combo for regular North Indian cooking. Would consider ordering it again.,SYNTHETIC SAMPLE — NOT A REAL CUSTOMER REVIEW
Turmeric + Coriander,Sample Customer 029,Shimla,Himachal Pradesh,5,This has become a regular item in my kitchen. Convenient combo for regular North Indian cooking. Good addition to the kitchen shelf.,SYNTHETIC SAMPLE — NOT A REAL CUSTOMER REVIEW
Turmeric + Coriander,Sample Customer 030,Nagpur,Maharashtra,5,"I have been using this in everyday cooking and it has worked well. Both powders blended easily into the curry base. So far, a good experience.",SYNTHETIC SAMPLE — NOT A REAL CUSTOMER REVIEW
Turmeric + Coriander,Sample Customer 031,Guwahati,Assam,5,The pack was properly sealed and easy to store. Convenient combo for regular North Indian cooking. It worked nicely in home-style cooking.,SYNTHETIC SAMPLE — NOT A REAL CUSTOMER REVIEW
Turmeric + Coriander,Sample Customer 032,Vijayawada,Andhra Pradesh,5,Good option for everyday Indian cooking. Both powders blended easily into the curry base. Happy with the first order.,SYNTHETIC SAMPLE — NOT A REAL CUSTOMER REVIEW
Turmeric + Coriander,Sample Customer 033,Jaipur,Rajasthan,3,The pack was properly sealed and easy to store. A useful everyday combination for dal and vegetable dishes. Happy with the first order.,SYNTHETIC SAMPLE — NOT A REAL CUSTOMER REVIEW
Turmeric + Coriander,Sample Customer 034,Dehradun,Uttarakhand,5,I was mainly looking for a fresh spice and this did the job. A useful everyday combination for dal and vegetable dishes. Happy with the first order.,SYNTHETIC SAMPLE — NOT A REAL CUSTOMER REVIEW
Turmeric + Coriander,Sample Customer 035,Pune,Maharashtra,4,I liked the freshness of the powder. Convenient combo for regular North Indian cooking. The quality felt consistent across the pack.,SYNTHETIC SAMPLE — NOT A REAL CUSTOMER REVIEW
Turmeric + Coriander,Sample Customer 036,Patna,Bihar,5,This has become a regular item in my kitchen. A useful everyday combination for dal and vegetable dishes. Would consider ordering it again.,SYNTHETIC SAMPLE — NOT A REAL CUSTOMER REVIEW
Turmeric + Coriander,Sample Customer 037,Thiruvananthapuram,Kerala,5,I liked the freshness of the powder. Both powders blended easily into the curry base. I would be comfortable buying this again.,SYNTHETIC SAMPLE — NOT A REAL CUSTOMER REVIEW
Turmeric + Coriander,Sample Customer 038,Chandigarh,Chandigarh,5,"Tried this for the first time and the quality surprised me. A useful everyday combination for dal and vegetable dishes. So far, a good experience.",SYNTHETIC SAMPLE — NOT A REAL CUSTOMER REVIEW
Turmeric + Coriander,Sample Customer 039,Varanasi,Uttar Pradesh,5,Good option for everyday Indian cooking. A useful everyday combination for dal and vegetable dishes. Good addition to the kitchen shelf.,SYNTHETIC SAMPLE — NOT A REAL CUSTOMER REVIEW
Turmeric + Coriander,Sample Customer 040,Mumbai,Maharashtra,5,I liked the freshness of the powder. A useful everyday combination for dal and vegetable dishes. Good addition to the kitchen shelf.,SYNTHETIC SAMPLE — NOT A REAL CUSTOMER REVIEW
Turmeric + Coriander,Sample Customer 041,Ranchi,Jharkhand,5,"Bought this along with a few other Dishu products. A useful everyday combination for dal and vegetable dishes. So far, a good experience.",SYNTHETIC SAMPLE — NOT A REAL CUSTOMER REVIEW
Turmeric + Coriander,Sample Customer 042,Kochi,Kerala,4,"I was mainly looking for a fresh spice and this did the job. Both powders blended easily into the curry base. So far, a good experience.",SYNTHETIC SAMPLE — NOT A REAL CUSTOMER REVIEW
Turmeric + Coriander,Sample Customer 043,Ludhiana,Punjab,5,Good option for everyday Indian cooking. Both powders blended easily into the curry base. The quality felt consistent across the pack.,SYNTHETIC SAMPLE — NOT A REAL CUSTOMER REVIEW
Turmeric + Coriander,Sample Customer 044,Lucknow,Uttar Pradesh,3,"The flavour is quite natural and not overpowering. Both powders blended easily into the curry base. So far, a good experience.",SYNTHETIC SAMPLE — NOT A REAL CUSTOMER REVIEW
Turmeric + Coriander,Sample Customer 045,Surat,Gujarat,5,"The pack was properly sealed and easy to store. Both powders blended easily into the curry base. Overall, a pleasant purchase.",SYNTHETIC SAMPLE — NOT A REAL CUSTOMER REVIEW
Turmeric + Coriander,Sample Customer 046,Bhubaneswar,Odisha,5,Tried this for the first time and the quality surprised me. Convenient combo for regular North Indian cooking. Would consider ordering it again.,SYNTHETIC SAMPLE — NOT A REAL CUSTOMER REVIEW
Turmeric + Coriander,Sample Customer 047,Coimbatore,Tamil Nadu,5,This has become a regular item in my kitchen. Convenient combo for regular North Indian cooking. The quality felt consistent across the pack.,SYNTHETIC SAMPLE — NOT A REAL CUSTOMER REVIEW
Turmeric + Coriander,Sample Customer 048,Amritsar,Punjab,5,Packaging was neat and the product reached me in good condition. A useful everyday combination for dal and vegetable dishes. It worked nicely in home-style cooking.,SYNTHETIC SAMPLE — NOT A REAL CUSTOMER REVIEW
Turmeric + Coriander,Sample Customer 049,Noida,Uttar Pradesh,4,"I have been using this in everyday cooking and it has worked well. Convenient combo for regular North Indian cooking. Overall, a pleasant purchase.",SYNTHETIC SAMPLE — NOT A REAL CUSTOMER REVIEW
Turmeric + Coriander,Sample Customer 050,Ahmedabad,Gujarat,5,"Packaging was neat and the product reached me in good condition. Both powders blended easily into the curry base. So far, a good experience.",SYNTHETIC SAMPLE — NOT A REAL CUSTOMER REVIEW
Turmeric + Coriander,Sample Customer 051,Kolkata,West Bengal,5,I was mainly looking for a fresh spice and this did the job. Both powders blended easily into the curry base. Good addition to the kitchen shelf.,SYNTHETIC SAMPLE — NOT A REAL CUSTOMER REVIEW
Turmeric + Coriander,Sample Customer 052,Chennai,Tamil Nadu,5,This has become a regular item in my kitchen. A useful everyday combination for dal and vegetable dishes. The quality felt consistent across the pack.,SYNTHETIC SAMPLE — NOT A REAL CUSTOMER REVIEW
Turmeric + Coriander,Sample Customer 053,Raipur,Chhattisgarh,5,"This has become a regular item in my kitchen. A useful everyday combination for dal and vegetable dishes. So far, a good experience.",SYNTHETIC SAMPLE — NOT A REAL CUSTOMER REVIEW
Turmeric + Coriander,Sample Customer 054,Gurugram,Haryana,5,The flavour is quite natural and not overpowering. Both powders blended easily into the curry base. It worked nicely in home-style cooking.,SYNTHETIC SAMPLE — NOT A REAL CUSTOMER REVIEW
Turmeric + Coriander,Sample Customer 055,Srinagar,Jammu & Kashmir,3,"I have been using this in everyday cooking and it has worked well. A useful everyday combination for dal and vegetable dishes. Simple product, good flavour, and useful for daily meals.",SYNTHETIC SAMPLE — NOT A REAL CUSTOMER REVIEW
Turmeric + Coriander,Sample Customer 056,Bhopal,Madhya Pradesh,4,This has become a regular item in my kitchen. Both powders blended easily into the curry base. The quality felt consistent across the pack.,SYNTHETIC SAMPLE — NOT A REAL CUSTOMER REVIEW
Turmeric + Coriander,Sample Customer 057,Hyderabad,Telangana,5,The taste felt balanced in the dishes I made. Both powders blended easily into the curry base. Used it in dal and sabzi and liked the result.,SYNTHETIC SAMPLE — NOT A REAL CUSTOMER REVIEW
Turmeric + Coriander,Sample Customer 058,Goa,Goa,5,This has become a regular item in my kitchen. Both powders blended easily into the curry base. I would be comfortable buying this again.,SYNTHETIC SAMPLE — NOT A REAL CUSTOMER REVIEW
Turmeric + Coriander,Sample Customer 059,New Delhi,Delhi,5,Tried this for the first time and the quality surprised me. Convenient combo for regular North Indian cooking. I would be comfortable buying this again.,SYNTHETIC SAMPLE — NOT A REAL CUSTOMER REVIEW
Turmeric + Coriander,Sample Customer 060,Jammu,Jammu & Kashmir,5,"I was mainly looking for a fresh spice and this did the job. Both powders blended easily into the curry base. Simple product, good flavour, and useful for daily meals.",SYNTHETIC SAMPLE — NOT A REAL CUSTOMER REVIEW
Turmeric + Coriander,Sample Customer 061,Indore,Madhya Pradesh,5,"Bought this along with a few other Dishu products. Both powders blended easily into the curry base. Overall, a pleasant purchase.",SYNTHETIC SAMPLE — NOT A REAL CUSTOMER REVIEW
Turmeric + Coriander,Sample Customer 062,Bengaluru,Karnataka,5,The flavour is quite natural and not overpowering. A useful everyday combination for dal and vegetable dishes. It worked nicely in home-style cooking.,SYNTHETIC SAMPLE — NOT A REAL CUSTOMER REVIEW
Turmeric + Coriander,Sample Customer 063,Visakhapatnam,Andhra Pradesh,4,Bought this along with a few other Dishu products. Both powders blended easily into the curry base. I would be comfortable buying this again.,SYNTHETIC SAMPLE — NOT A REAL CUSTOMER REVIEW
Turmeric + Coriander,Sample Customer 064,Jodhpur,Rajasthan,5,The taste felt balanced in the dishes I made. Both powders blended easily into the curry base. Would consider ordering it again.,SYNTHETIC SAMPLE — NOT A REAL CUSTOMER REVIEW
Turmeric + Coriander,Sample Customer 065,Shimla,Himachal Pradesh,5,I was mainly looking for a fresh spice and this did the job. A useful everyday combination for dal and vegetable dishes. Good addition to the kitchen shelf.,SYNTHETIC SAMPLE — NOT A REAL CUSTOMER REVIEW
Turmeric + Coriander,Sample Customer 066,Nagpur,Maharashtra,3,"I liked the freshness of the powder. Convenient combo for regular North Indian cooking. Overall, a pleasant purchase.",SYNTHETIC SAMPLE — NOT A REAL CUSTOMER REVIEW
Turmeric + Coriander,Sample Customer 067,Guwahati,Assam,5,The flavour is quite natural and not overpowering. Convenient combo for regular North Indian cooking. Would consider ordering it again.,SYNTHETIC SAMPLE — NOT A REAL CUSTOMER REVIEW
Turmeric + Coriander,Sample Customer 068,Vijayawada,Andhra Pradesh,5,Packaging was neat and the product reached me in good condition. A useful everyday combination for dal and vegetable dishes. It worked nicely in home-style cooking.,SYNTHETIC SAMPLE — NOT A REAL CUSTOMER REVIEW
Turmeric + Coriander,Sample Customer 069,Jaipur,Rajasthan,5,I have been using this in everyday cooking and it has worked well. Convenient combo for regular North Indian cooking. Would consider ordering it again.,SYNTHETIC SAMPLE — NOT A REAL CUSTOMER REVIEW
Turmeric + Coriander,Sample Customer 070,Dehradun,Uttarakhand,4,The taste felt balanced in the dishes I made. Both powders blended easily into the curry base. Used it in dal and sabzi and liked the result.,SYNTHETIC SAMPLE — NOT A REAL CUSTOMER REVIEW
Turmeric + Coriander,Sample Customer 071,Pune,Maharashtra,5,I liked the freshness of the powder. Convenient combo for regular North Indian cooking. Happy with the first order.,SYNTHETIC SAMPLE — NOT A REAL CUSTOMER REVIEW
Turmeric + Coriander,Sample Customer 072,Patna,Bihar,5,The taste felt balanced in the dishes I made. A useful everyday combination for dal and vegetable dishes. I would be comfortable buying this again.,SYNTHETIC SAMPLE — NOT A REAL CUSTOMER REVIEW
Turmeric + Coriander,Sample Customer 073,Thiruvananthapuram,Kerala,5,Tried this for the first time and the quality surprised me. Both powders blended easily into the curry base. It worked nicely in home-style cooking.,SYNTHETIC SAMPLE — NOT A REAL CUSTOMER REVIEW
Turmeric + Coriander,Sample Customer 074,Chandigarh,Chandigarh,5,Tried this for the first time and the quality surprised me. Convenient combo for regular North Indian cooking. I would be comfortable buying this again.,SYNTHETIC SAMPLE — NOT A REAL CUSTOMER REVIEW
Turmeric + Coriander,Sample Customer 075,Varanasi,Uttar Pradesh,5,I liked the freshness of the powder. Both powders blended easily into the curry base. I would be comfortable buying this again.,SYNTHETIC SAMPLE — NOT A REAL CUSTOMER REVIEW
Turmeric + Coriander,Sample Customer 076,Mumbai,Maharashtra,5,The flavour is quite natural and not overpowering. A useful everyday combination for dal and vegetable dishes. I would be comfortable buying this again.,SYNTHETIC SAMPLE — NOT A REAL CUSTOMER REVIEW
Turmeric + Coriander,Sample Customer 077,Ranchi,Jharkhand,3,Good option for everyday Indian cooking. Convenient combo for regular North Indian cooking. Used it in dal and sabzi and liked the result.,SYNTHETIC SAMPLE — NOT A REAL CUSTOMER REVIEW
Turmeric + Coriander,Sample Customer 078,Kochi,Kerala,5,"This has become a regular item in my kitchen. Both powders blended easily into the curry base. So far, a good experience.",SYNTHETIC SAMPLE — NOT A REAL CUSTOMER REVIEW
Turmeric + Coriander,Sample Customer 079,Ludhiana,Punjab,5,"This has become a regular item in my kitchen. Both powders blended easily into the curry base. Simple product, good flavour, and useful for daily meals.",SYNTHETIC SAMPLE — NOT A REAL CUSTOMER REVIEW
Turmeric + Coriander,Sample Customer 080,Lucknow,Uttar Pradesh,5,"I liked the freshness of the powder. A useful everyday combination for dal and vegetable dishes. Overall, a pleasant purchase.",SYNTHETIC SAMPLE — NOT A REAL CUSTOMER REVIEW
Turmeric + Coriander,Sample Customer 081,Surat,Gujarat,5,This has become a regular item in my kitchen. A useful everyday combination for dal and vegetable dishes. Would consider ordering it again.,SYNTHETIC SAMPLE — NOT A REAL CUSTOMER REVIEW
Turmeric + Coriander,Sample Customer 082,Bhubaneswar,Odisha,5,I liked the freshness of the powder. Both powders blended easily into the curry base. Good addition to the kitchen shelf.,SYNTHETIC SAMPLE — NOT A REAL CUSTOMER REVIEW
Turmeric + Coriander,Sample Customer 083,Coimbatore,Tamil Nadu,5,The flavour is quite natural and not overpowering. Both powders blended easily into the curry base. Would consider ordering it again.,SYNTHETIC SAMPLE — NOT A REAL CUSTOMER REVIEW
Turmeric + Coriander,Sample Customer 084,Amritsar,Punjab,4,I have been using this in everyday cooking and it has worked well. Convenient combo for regular North Indian cooking. The quality felt consistent across the pack.,SYNTHETIC SAMPLE — NOT A REAL CUSTOMER REVIEW
Turmeric + Coriander,Sample Customer 085,Noida,Uttar Pradesh,5,The flavour is quite natural and not overpowering. Both powders blended easily into the curry base. I would be comfortable buying this again.,SYNTHETIC SAMPLE — NOT A REAL CUSTOMER REVIEW
Turmeric + Coriander,Sample Customer 086,Ahmedabad,Gujarat,5,"I have been using this in everyday cooking and it has worked well. A useful everyday combination for dal and vegetable dishes. Simple product, good flavour, and useful for daily meals.",SYNTHETIC SAMPLE — NOT A REAL CUSTOMER REVIEW
Turmeric + Coriander,Sample Customer 087,Kolkata,West Bengal,5,The aroma was noticeable as soon as I opened the pack. A useful everyday combination for dal and vegetable dishes. Used it in dal and sabzi and liked the result.,SYNTHETIC SAMPLE — NOT A REAL CUSTOMER REVIEW
Turmeric + Coriander,Sample Customer 088,Chennai,Tamil Nadu,3,"The flavour is quite natural and not overpowering. Both powders blended easily into the curry base. Simple product, good flavour, and useful for daily meals.",SYNTHETIC SAMPLE — NOT A REAL CUSTOMER REVIEW
Turmeric + Coriander,Sample Customer 089,Raipur,Chhattisgarh,5,"The pack was properly sealed and easy to store. A useful everyday combination for dal and vegetable dishes. Simple product, good flavour, and useful for daily meals.",SYNTHETIC SAMPLE — NOT A REAL CUSTOMER REVIEW
Turmeric + Coriander,Sample Customer 090,Gurugram,Haryana,5,I liked the freshness of the powder. Both powders blended easily into the curry base. The quality felt consistent across the pack.,SYNTHETIC SAMPLE — NOT A REAL CUSTOMER REVIEW
Turmeric + Coriander,Sample Customer 091,Srinagar,Jammu & Kashmir,4,"Good option for everyday Indian cooking. Both powders blended easily into the curry base. So far, a good experience.",SYNTHETIC SAMPLE — NOT A REAL CUSTOMER REVIEW
Turmeric + Coriander,Sample Customer 092,Bhopal,Madhya Pradesh,5,I was mainly looking for a fresh spice and this did the job. A useful everyday combination for dal and vegetable dishes. I would be comfortable buying this again.,SYNTHETIC SAMPLE — NOT A REAL CUSTOMER REVIEW
Turmeric + Coriander,Sample Customer 093,Hyderabad,Telangana,5,I liked the freshness of the powder. Convenient combo for regular North Indian cooking. Used it in dal and sabzi and liked the result.,SYNTHETIC SAMPLE — NOT A REAL CUSTOMER REVIEW
Turmeric + Coriander,Sample Customer 094,Goa,Goa,5,This has become a regular item in my kitchen. Convenient combo for regular North Indian cooking. I would be comfortable buying this again.,SYNTHETIC SAMPLE — NOT A REAL CUSTOMER REVIEW
Turmeric + Red Chilli,Sample Customer 001,Goa,Goa,5,The flavour is quite natural and not overpowering. Handy combination for everyday sabzi and curry. The quality felt consistent across the pack.,SYNTHETIC SAMPLE — NOT A REAL CUSTOMER REVIEW
Turmeric + Red Chilli,Sample Customer 002,New Delhi,Delhi,5,Good option for everyday Indian cooking. Handy combination for everyday sabzi and curry. It worked nicely in home-style cooking.,SYNTHETIC SAMPLE — NOT A REAL CUSTOMER REVIEW
Turmeric + Red Chilli,Sample Customer 003,Jammu,Jammu & Kashmir,5,"The pack was properly sealed and easy to store. The chilli adds colour and heat while turmeric gives the familiar earthy note. Overall, a pleasant purchase.",SYNTHETIC SAMPLE — NOT A REAL CUSTOMER REVIEW
Turmeric + Red Chilli,Sample Customer 004,Indore,Madhya Pradesh,5,Tried this for the first time and the quality surprised me. Handy combination for everyday sabzi and curry. It worked nicely in home-style cooking.,SYNTHETIC SAMPLE — NOT A REAL CUSTOMER REVIEW
Turmeric + Red Chilli,Sample Customer 005,Bengaluru,Karnataka,5,Good option for everyday Indian cooking. The chilli adds colour and heat while turmeric gives the familiar earthy note. Good addition to the kitchen shelf.,SYNTHETIC SAMPLE — NOT A REAL CUSTOMER REVIEW
Turmeric + Red Chilli,Sample Customer 006,Visakhapatnam,Andhra Pradesh,5,The flavour is quite natural and not overpowering. Useful pair to keep in the kitchen. Used it in dal and sabzi and liked the result.,SYNTHETIC SAMPLE — NOT A REAL CUSTOMER REVIEW
Turmeric + Red Chilli,Sample Customer 007,Jodhpur,Rajasthan,4,Packaging was neat and the product reached me in good condition. Useful pair to keep in the kitchen. Good addition to the kitchen shelf.,SYNTHETIC SAMPLE — NOT A REAL CUSTOMER REVIEW
Turmeric + Red Chilli,Sample Customer 008,Shimla,Himachal Pradesh,5,I liked the freshness of the powder. Useful pair to keep in the kitchen. Would consider ordering it again.,SYNTHETIC SAMPLE — NOT A REAL CUSTOMER REVIEW
Turmeric + Red Chilli,Sample Customer 009,Nagpur,Maharashtra,5,Good option for everyday Indian cooking. The chilli adds colour and heat while turmeric gives the familiar earthy note. It worked nicely in home-style cooking.,SYNTHETIC SAMPLE — NOT A REAL CUSTOMER REVIEW
Turmeric + Red Chilli,Sample Customer 010,Guwahati,Assam,5,I was mainly looking for a fresh spice and this did the job. Useful pair to keep in the kitchen. Would consider ordering it again.,SYNTHETIC SAMPLE — NOT A REAL CUSTOMER REVIEW
Turmeric + Red Chilli,Sample Customer 011,Vijayawada,Andhra Pradesh,3,I was mainly looking for a fresh spice and this did the job. Handy combination for everyday sabzi and curry. I would be comfortable buying this again.,SYNTHETIC SAMPLE — NOT A REAL CUSTOMER REVIEW
Turmeric + Red Chilli,Sample Customer 012,Jaipur,Rajasthan,5,Good option for everyday Indian cooking. Handy combination for everyday sabzi and curry. It worked nicely in home-style cooking.,SYNTHETIC SAMPLE — NOT A REAL CUSTOMER REVIEW
Turmeric + Red Chilli,Sample Customer 013,Dehradun,Uttarakhand,5,The taste felt balanced in the dishes I made. Handy combination for everyday sabzi and curry. It worked nicely in home-style cooking.,SYNTHETIC SAMPLE — NOT A REAL CUSTOMER REVIEW
Turmeric + Red Chilli,Sample Customer 014,Pune,Maharashtra,4,Good option for everyday Indian cooking. The chilli adds colour and heat while turmeric gives the familiar earthy note. The quality felt consistent across the pack.,SYNTHETIC SAMPLE — NOT A REAL CUSTOMER REVIEW
Turmeric + Red Chilli,Sample Customer 015,Patna,Bihar,5,I liked the freshness of the powder. Useful pair to keep in the kitchen. Happy with the first order.,SYNTHETIC SAMPLE — NOT A REAL CUSTOMER REVIEW
Turmeric + Red Chilli,Sample Customer 016,Thiruvananthapuram,Kerala,5,The pack was properly sealed and easy to store. Handy combination for everyday sabzi and curry. Good addition to the kitchen shelf.,SYNTHETIC SAMPLE — NOT A REAL CUSTOMER REVIEW
Turmeric + Red Chilli,Sample Customer 017,Chandigarh,Chandigarh,5,I was mainly looking for a fresh spice and this did the job. Useful pair to keep in the kitchen. Would consider ordering it again.,SYNTHETIC SAMPLE — NOT A REAL CUSTOMER REVIEW
Turmeric + Red Chilli,Sample Customer 018,Varanasi,Uttar Pradesh,5,The aroma was noticeable as soon as I opened the pack. Useful pair to keep in the kitchen. I would be comfortable buying this again.,SYNTHETIC SAMPLE — NOT A REAL CUSTOMER REVIEW
Turmeric + Red Chilli,Sample Customer 019,Mumbai,Maharashtra,5,I was mainly looking for a fresh spice and this did the job. The chilli adds colour and heat while turmeric gives the familiar earthy note. The quality felt consistent across the pack.,SYNTHETIC SAMPLE — NOT A REAL CUSTOMER REVIEW
Turmeric + Red Chilli,Sample Customer 020,Ranchi,Jharkhand,5,The taste felt balanced in the dishes I made. The chilli adds colour and heat while turmeric gives the familiar earthy note. Good addition to the kitchen shelf.,SYNTHETIC SAMPLE — NOT A REAL CUSTOMER REVIEW
Turmeric + Red Chilli,Sample Customer 021,Kochi,Kerala,4,I have been using this in everyday cooking and it has worked well. The chilli adds colour and heat while turmeric gives the familiar earthy note. Happy with the first order.,SYNTHETIC SAMPLE — NOT A REAL CUSTOMER REVIEW
Turmeric + Red Chilli,Sample Customer 022,Ludhiana,Punjab,3,The taste felt balanced in the dishes I made. The chilli adds colour and heat while turmeric gives the familiar earthy note. Would consider ordering it again.,SYNTHETIC SAMPLE — NOT A REAL CUSTOMER REVIEW
Turmeric + Red Chilli,Sample Customer 023,Lucknow,Uttar Pradesh,5,Packaging was neat and the product reached me in good condition. Useful pair to keep in the kitchen. Good addition to the kitchen shelf.,SYNTHETIC SAMPLE — NOT A REAL CUSTOMER REVIEW
Turmeric + Red Chilli,Sample Customer 024,Surat,Gujarat,5,I liked the freshness of the powder. Useful pair to keep in the kitchen. Used it in dal and sabzi and liked the result.,SYNTHETIC SAMPLE — NOT A REAL CUSTOMER REVIEW
Turmeric + Red Chilli,Sample Customer 025,Bhubaneswar,Odisha,5,The aroma was noticeable as soon as I opened the pack. The chilli adds colour and heat while turmeric gives the familiar earthy note. I would be comfortable buying this again.,SYNTHETIC SAMPLE — NOT A REAL CUSTOMER REVIEW
Turmeric + Red Chilli,Sample Customer 026,Coimbatore,Tamil Nadu,5,Bought this along with a few other Dishu products. The chilli adds colour and heat while turmeric gives the familiar earthy note. Would consider ordering it again.,SYNTHETIC SAMPLE — NOT A REAL CUSTOMER REVIEW
Turmeric + Red Chilli,Sample Customer 027,Amritsar,Punjab,5,I liked the freshness of the powder. Handy combination for everyday sabzi and curry. Used it in dal and sabzi and liked the result.,SYNTHETIC SAMPLE — NOT A REAL CUSTOMER REVIEW
Turmeric + Red Chilli,Sample Customer 028,Noida,Uttar Pradesh,4,"Tried this for the first time and the quality surprised me. Useful pair to keep in the kitchen. Simple product, good flavour, and useful for daily meals.",SYNTHETIC SAMPLE — NOT A REAL CUSTOMER REVIEW
Turmeric + Red Chilli,Sample Customer 029,Ahmedabad,Gujarat,5,Packaging was neat and the product reached me in good condition. Useful pair to keep in the kitchen. Good addition to the kitchen shelf.,SYNTHETIC SAMPLE — NOT A REAL CUSTOMER REVIEW
Turmeric + Red Chilli,Sample Customer 030,Kolkata,West Bengal,5,I liked the freshness of the powder. Useful pair to keep in the kitchen. Used it in dal and sabzi and liked the result.,SYNTHETIC SAMPLE — NOT A REAL CUSTOMER REVIEW
Turmeric + Red Chilli,Sample Customer 031,Chennai,Tamil Nadu,5,Bought this along with a few other Dishu products. Handy combination for everyday sabzi and curry. Good addition to the kitchen shelf.,SYNTHETIC SAMPLE — NOT A REAL CUSTOMER REVIEW
Turmeric + Red Chilli,Sample Customer 032,Raipur,Chhattisgarh,5,The flavour is quite natural and not overpowering. Useful pair to keep in the kitchen. The quality felt consistent across the pack.,SYNTHETIC SAMPLE — NOT A REAL CUSTOMER REVIEW
Turmeric + Red Chilli,Sample Customer 033,Gurugram,Haryana,3,"The taste felt balanced in the dishes I made. Handy combination for everyday sabzi and curry. Overall, a pleasant purchase.",SYNTHETIC SAMPLE — NOT A REAL CUSTOMER REVIEW
Turmeric + Red Chilli,Sample Customer 034,Srinagar,Jammu & Kashmir,5,This has become a regular item in my kitchen. The chilli adds colour and heat while turmeric gives the familiar earthy note. Used it in dal and sabzi and liked the result.,SYNTHETIC SAMPLE — NOT A REAL CUSTOMER REVIEW
Turmeric + Red Chilli,Sample Customer 035,Bhopal,Madhya Pradesh,4,"Tried this for the first time and the quality surprised me. Handy combination for everyday sabzi and curry. Simple product, good flavour, and useful for daily meals.",SYNTHETIC SAMPLE — NOT A REAL CUSTOMER REVIEW
Turmeric + Red Chilli,Sample Customer 036,Hyderabad,Telangana,5,This has become a regular item in my kitchen. The chilli adds colour and heat while turmeric gives the familiar earthy note. Good addition to the kitchen shelf.,SYNTHETIC SAMPLE — NOT A REAL CUSTOMER REVIEW
Turmeric + Red Chilli,Sample Customer 037,Goa,Goa,5,Bought this along with a few other Dishu products. The chilli adds colour and heat while turmeric gives the familiar earthy note. Used it in dal and sabzi and liked the result.,SYNTHETIC SAMPLE — NOT A REAL CUSTOMER REVIEW
Turmeric + Red Chilli,Sample Customer 038,New Delhi,Delhi,5,"I have been using this in everyday cooking and it has worked well. Useful pair to keep in the kitchen. So far, a good experience.",SYNTHETIC SAMPLE — NOT A REAL CUSTOMER REVIEW
Turmeric + Red Chilli,Sample Customer 039,Jammu,Jammu & Kashmir,5,"Packaging was neat and the product reached me in good condition. The chilli adds colour and heat while turmeric gives the familiar earthy note. So far, a good experience.",SYNTHETIC SAMPLE — NOT A REAL CUSTOMER REVIEW
Turmeric + Red Chilli,Sample Customer 040,Indore,Madhya Pradesh,5,This has become a regular item in my kitchen. Useful pair to keep in the kitchen. Would consider ordering it again.,SYNTHETIC SAMPLE — NOT A REAL CUSTOMER REVIEW
Turmeric + Red Chilli,Sample Customer 041,Bengaluru,Karnataka,5,The pack was properly sealed and easy to store. Handy combination for everyday sabzi and curry. The quality felt consistent across the pack.,SYNTHETIC SAMPLE — NOT A REAL CUSTOMER REVIEW
Turmeric + Red Chilli,Sample Customer 042,Visakhapatnam,Andhra Pradesh,4,Good option for everyday Indian cooking. Useful pair to keep in the kitchen. Used it in dal and sabzi and liked the result.,SYNTHETIC SAMPLE — NOT A REAL CUSTOMER REVIEW
Turmeric + Red Chilli,Sample Customer 043,Jodhpur,Rajasthan,5,The pack was properly sealed and easy to store. The chilli adds colour and heat while turmeric gives the familiar earthy note. It worked nicely in home-style cooking.,SYNTHETIC SAMPLE — NOT A REAL CUSTOMER REVIEW
Turmeric + Red Chilli,Sample Customer 044,Shimla,Himachal Pradesh,3,The flavour is quite natural and not overpowering. The chilli adds colour and heat while turmeric gives the familiar earthy note. The quality felt consistent across the pack.,SYNTHETIC SAMPLE — NOT A REAL CUSTOMER REVIEW
Turmeric + Red Chilli,Sample Customer 045,Nagpur,Maharashtra,5,This has become a regular item in my kitchen. Handy combination for everyday sabzi and curry. Good addition to the kitchen shelf.,SYNTHETIC SAMPLE — NOT A REAL CUSTOMER REVIEW
Turmeric + Red Chilli,Sample Customer 046,Guwahati,Assam,5,"The aroma was noticeable as soon as I opened the pack. Handy combination for everyday sabzi and curry. So far, a good experience.",SYNTHETIC SAMPLE — NOT A REAL CUSTOMER REVIEW
Turmeric + Red Chilli,Sample Customer 047,Vijayawada,Andhra Pradesh,5,Tried this for the first time and the quality surprised me. Useful pair to keep in the kitchen. The quality felt consistent across the pack.,SYNTHETIC SAMPLE — NOT A REAL CUSTOMER REVIEW
Turmeric + Red Chilli,Sample Customer 048,Jaipur,Rajasthan,5,"The pack was properly sealed and easy to store. The chilli adds colour and heat while turmeric gives the familiar earthy note. Simple product, good flavour, and useful for daily meals.",SYNTHETIC SAMPLE — NOT A REAL CUSTOMER REVIEW
Turmeric + Red Chilli,Sample Customer 049,Dehradun,Uttarakhand,4,The flavour is quite natural and not overpowering. Useful pair to keep in the kitchen. Used it in dal and sabzi and liked the result.,SYNTHETIC SAMPLE — NOT A REAL CUSTOMER REVIEW
Turmeric + Red Chilli,Sample Customer 050,Pune,Maharashtra,5,The taste felt balanced in the dishes I made. The chilli adds colour and heat while turmeric gives the familiar earthy note. Happy with the first order.,SYNTHETIC SAMPLE — NOT A REAL CUSTOMER REVIEW
Turmeric + Red Chilli,Sample Customer 051,Patna,Bihar,5,Packaging was neat and the product reached me in good condition. The chilli adds colour and heat while turmeric gives the familiar earthy note. Used it in dal and sabzi and liked the result.,SYNTHETIC SAMPLE — NOT A REAL CUSTOMER REVIEW
Turmeric + Red Chilli,Sample Customer 052,Thiruvananthapuram,Kerala,5,"The taste felt balanced in the dishes I made. The chilli adds colour and heat while turmeric gives the familiar earthy note. Simple product, good flavour, and useful for daily meals.",SYNTHETIC SAMPLE — NOT A REAL CUSTOMER REVIEW
Turmeric + Red Chilli,Sample Customer 053,Chandigarh,Chandigarh,5,The aroma was noticeable as soon as I opened the pack. Useful pair to keep in the kitchen. The quality felt consistent across the pack.,SYNTHETIC SAMPLE — NOT A REAL CUSTOMER REVIEW
Turmeric + Red Chilli,Sample Customer 054,Varanasi,Uttar Pradesh,5,I was mainly looking for a fresh spice and this did the job. Handy combination for everyday sabzi and curry. Used it in dal and sabzi and liked the result.,SYNTHETIC SAMPLE — NOT A REAL CUSTOMER REVIEW
Turmeric + Red Chilli,Sample Customer 055,Mumbai,Maharashtra,3,"Tried this for the first time and the quality surprised me. Handy combination for everyday sabzi and curry. So far, a good experience.",SYNTHETIC SAMPLE — NOT A REAL CUSTOMER REVIEW
Turmeric + Red Chilli,Sample Customer 056,Ranchi,Jharkhand,4,Packaging was neat and the product reached me in good condition. Handy combination for everyday sabzi and curry. Would consider ordering it again.,SYNTHETIC SAMPLE — NOT A REAL CUSTOMER REVIEW
Turmeric + Red Chilli,Sample Customer 057,Kochi,Kerala,5,I was mainly looking for a fresh spice and this did the job. Useful pair to keep in the kitchen. It worked nicely in home-style cooking.,SYNTHETIC SAMPLE — NOT A REAL CUSTOMER REVIEW
Turmeric + Red Chilli,Sample Customer 058,Ludhiana,Punjab,5,"The pack was properly sealed and easy to store. Handy combination for everyday sabzi and curry. Overall, a pleasant purchase.",SYNTHETIC SAMPLE — NOT A REAL CUSTOMER REVIEW
Turmeric + Red Chilli,Sample Customer 059,Lucknow,Uttar Pradesh,5,The aroma was noticeable as soon as I opened the pack. Useful pair to keep in the kitchen. The quality felt consistent across the pack.,SYNTHETIC SAMPLE — NOT A REAL CUSTOMER REVIEW
Turmeric + Red Chilli,Sample Customer 060,Surat,Gujarat,5,Bought this along with a few other Dishu products. The chilli adds colour and heat while turmeric gives the familiar earthy note. The quality felt consistent across the pack.,SYNTHETIC SAMPLE — NOT A REAL CUSTOMER REVIEW
Turmeric + Red Chilli,Sample Customer 061,Bhubaneswar,Odisha,5,"Good option for everyday Indian cooking. The chilli adds colour and heat while turmeric gives the familiar earthy note. Simple product, good flavour, and useful for daily meals.",SYNTHETIC SAMPLE — NOT A REAL CUSTOMER REVIEW
Turmeric + Red Chilli,Sample Customer 062,Coimbatore,Tamil Nadu,5,"This has become a regular item in my kitchen. Useful pair to keep in the kitchen. Simple product, good flavour, and useful for daily meals.",SYNTHETIC SAMPLE — NOT A REAL CUSTOMER REVIEW
Turmeric + Red Chilli,Sample Customer 063,Amritsar,Punjab,4,The taste felt balanced in the dishes I made. Useful pair to keep in the kitchen. The quality felt consistent across the pack.,SYNTHETIC SAMPLE — NOT A REAL CUSTOMER REVIEW
Turmeric + Red Chilli,Sample Customer 064,Noida,Uttar Pradesh,5,Packaging was neat and the product reached me in good condition. The chilli adds colour and heat while turmeric gives the familiar earthy note. Happy with the first order.,SYNTHETIC SAMPLE — NOT A REAL CUSTOMER REVIEW
Turmeric + Red Chilli,Sample Customer 065,Ahmedabad,Gujarat,5,Packaging was neat and the product reached me in good condition. The chilli adds colour and heat while turmeric gives the familiar earthy note. Happy with the first order.,SYNTHETIC SAMPLE — NOT A REAL CUSTOMER REVIEW
Turmeric + Red Chilli,Sample Customer 066,Kolkata,West Bengal,3,I have been using this in everyday cooking and it has worked well. Handy combination for everyday sabzi and curry. Would consider ordering it again.,SYNTHETIC SAMPLE — NOT A REAL CUSTOMER REVIEW
Turmeric + Red Chilli,Sample Customer 067,Chennai,Tamil Nadu,5,Tried this for the first time and the quality surprised me. Useful pair to keep in the kitchen. Used it in dal and sabzi and liked the result.,SYNTHETIC SAMPLE — NOT A REAL CUSTOMER REVIEW
Turmeric + Red Chilli + Coriander,Sample Customer 001,Ludhiana,Punjab,5,This has become a regular item in my kitchen. These three cover a lot of my everyday cooking needs. The quality felt consistent across the pack.,SYNTHETIC SAMPLE — NOT A REAL CUSTOMER REVIEW
Turmeric + Red Chilli + Coriander,Sample Customer 002,Lucknow,Uttar Pradesh,5,"Good option for everyday Indian cooking. Convenient set for making a curry base from scratch. Simple product, good flavour, and useful for daily meals.",SYNTHETIC SAMPLE — NOT A REAL CUSTOMER REVIEW
Turmeric + Red Chilli + Coriander,Sample Customer 003,Surat,Gujarat,5,"The pack was properly sealed and easy to store. I used all three in different dishes and liked the overall flavour. Simple product, good flavour, and useful for daily meals.",SYNTHETIC SAMPLE — NOT A REAL CUSTOMER REVIEW
Turmeric + Red Chilli + Coriander,Sample Customer 004,Bhubaneswar,Odisha,5,The flavour is quite natural and not overpowering. I used all three in different dishes and liked the overall flavour. Used it in dal and sabzi and liked the result.,SYNTHETIC SAMPLE — NOT A REAL CUSTOMER REVIEW
Turmeric + Red Chilli + Coriander,Sample Customer 005,Coimbatore,Tamil Nadu,5,Good option for everyday Indian cooking. I used all three in different dishes and liked the overall flavour. Happy with the first order.,SYNTHETIC SAMPLE — NOT A REAL CUSTOMER REVIEW
Turmeric + Red Chilli + Coriander,Sample Customer 006,Amritsar,Punjab,5,"Packaging was neat and the product reached me in good condition. These three cover a lot of my everyday cooking needs. Overall, a pleasant purchase.",SYNTHETIC SAMPLE — NOT A REAL CUSTOMER REVIEW
Turmeric + Red Chilli + Coriander,Sample Customer 007,Noida,Uttar Pradesh,4,"The aroma was noticeable as soon as I opened the pack. These three cover a lot of my everyday cooking needs. Simple product, good flavour, and useful for daily meals.",SYNTHETIC SAMPLE — NOT A REAL CUSTOMER REVIEW
Turmeric + Red Chilli + Coriander,Sample Customer 008,Ahmedabad,Gujarat,5,The flavour is quite natural and not overpowering. Convenient set for making a curry base from scratch. I would be comfortable buying this again.,SYNTHETIC SAMPLE — NOT A REAL CUSTOMER REVIEW
Turmeric + Red Chilli + Coriander,Sample Customer 009,Kolkata,West Bengal,5,Tried this for the first time and the quality surprised me. These three cover a lot of my everyday cooking needs. It worked nicely in home-style cooking.,SYNTHETIC SAMPLE — NOT A REAL CUSTOMER REVIEW
Turmeric + Red Chilli + Coriander,Sample Customer 010,Chennai,Tamil Nadu,5,"I liked the freshness of the powder. These three cover a lot of my everyday cooking needs. Overall, a pleasant purchase.",SYNTHETIC SAMPLE — NOT A REAL CUSTOMER REVIEW
Turmeric + Red Chilli + Coriander,Sample Customer 011,Raipur,Chhattisgarh,3,"I liked the freshness of the powder. Convenient set for making a curry base from scratch. So far, a good experience.",SYNTHETIC SAMPLE — NOT A REAL CUSTOMER REVIEW
Turmeric + Red Chilli + Coriander,Sample Customer 012,Gurugram,Haryana,5,I have been using this in everyday cooking and it has worked well. I used all three in different dishes and liked the overall flavour. Used it in dal and sabzi and liked the result.,SYNTHETIC SAMPLE — NOT A REAL CUSTOMER REVIEW
Turmeric + Red Chilli + Coriander,Sample Customer 013,Srinagar,Jammu & Kashmir,5,"I have been using this in everyday cooking and it has worked well. I used all three in different dishes and liked the overall flavour. Overall, a pleasant purchase.",SYNTHETIC SAMPLE — NOT A REAL CUSTOMER REVIEW
Turmeric + Red Chilli + Coriander,Sample Customer 014,Bhopal,Madhya Pradesh,4,Bought this along with a few other Dishu products. These three cover a lot of my everyday cooking needs. Would consider ordering it again.,SYNTHETIC SAMPLE — NOT A REAL CUSTOMER REVIEW
Turmeric + Red Chilli + Coriander,Sample Customer 015,Hyderabad,Telangana,5,Bought this along with a few other Dishu products. These three cover a lot of my everyday cooking needs. I would be comfortable buying this again.,SYNTHETIC SAMPLE — NOT A REAL CUSTOMER REVIEW
Turmeric + Red Chilli + Coriander,Sample Customer 016,Goa,Goa,5,"I have been using this in everyday cooking and it has worked well. These three cover a lot of my everyday cooking needs. So far, a good experience.",SYNTHETIC SAMPLE — NOT A REAL CUSTOMER REVIEW
Turmeric + Red Chilli + Coriander,Sample Customer 017,New Delhi,Delhi,5,The flavour is quite natural and not overpowering. Convenient set for making a curry base from scratch. It worked nicely in home-style cooking.,SYNTHETIC SAMPLE — NOT A REAL CUSTOMER REVIEW
Turmeric + Red Chilli + Coriander,Sample Customer 018,Jammu,Jammu & Kashmir,5,The aroma was noticeable as soon as I opened the pack. I used all three in different dishes and liked the overall flavour. Happy with the first order.,SYNTHETIC SAMPLE — NOT A REAL CUSTOMER REVIEW
Turmeric + Red Chilli + Coriander,Sample Customer 019,Indore,Madhya Pradesh,5,The flavour is quite natural and not overpowering. I used all three in different dishes and liked the overall flavour. Happy with the first order.,SYNTHETIC SAMPLE — NOT A REAL CUSTOMER REVIEW
Turmeric + Red Chilli + Coriander,Sample Customer 020,Bengaluru,Karnataka,5,The pack was properly sealed and easy to store. These three cover a lot of my everyday cooking needs. Would consider ordering it again.,SYNTHETIC SAMPLE — NOT A REAL CUSTOMER REVIEW
Turmeric + Red Chilli + Coriander,Sample Customer 021,Visakhapatnam,Andhra Pradesh,4,"The taste felt balanced in the dishes I made. Convenient set for making a curry base from scratch. Simple product, good flavour, and useful for daily meals.",SYNTHETIC SAMPLE — NOT A REAL CUSTOMER REVIEW
Turmeric + Red Chilli + Coriander,Sample Customer 022,Jodhpur,Rajasthan,3,"This has become a regular item in my kitchen. Convenient set for making a curry base from scratch. Simple product, good flavour, and useful for daily meals.",SYNTHETIC SAMPLE — NOT A REAL CUSTOMER REVIEW
Turmeric + Red Chilli + Coriander,Sample Customer 023,Shimla,Himachal Pradesh,5,Good option for everyday Indian cooking. Convenient set for making a curry base from scratch. Happy with the first order.,SYNTHETIC SAMPLE — NOT A REAL CUSTOMER REVIEW
Turmeric + Red Chilli + Coriander,Sample Customer 024,Nagpur,Maharashtra,5,I was mainly looking for a fresh spice and this did the job. These three cover a lot of my everyday cooking needs. It worked nicely in home-style cooking.,SYNTHETIC SAMPLE — NOT A REAL CUSTOMER REVIEW
Turmeric + Red Chilli + Coriander,Sample Customer 025,Guwahati,Assam,5,"I liked the freshness of the powder. I used all three in different dishes and liked the overall flavour. Simple product, good flavour, and useful for daily meals.",SYNTHETIC SAMPLE — NOT A REAL CUSTOMER REVIEW
Turmeric + Red Chilli + Coriander,Sample Customer 026,Vijayawada,Andhra Pradesh,5,I have been using this in everyday cooking and it has worked well. I used all three in different dishes and liked the overall flavour. Would consider ordering it again.,SYNTHETIC SAMPLE — NOT A REAL CUSTOMER REVIEW
Turmeric + Red Chilli + Coriander,Sample Customer 027,Jaipur,Rajasthan,5,"This has become a regular item in my kitchen. These three cover a lot of my everyday cooking needs. Overall, a pleasant purchase.",SYNTHETIC SAMPLE — NOT A REAL CUSTOMER REVIEW
Turmeric + Red Chilli + Coriander,Sample Customer 028,Dehradun,Uttarakhand,4,The flavour is quite natural and not overpowering. Convenient set for making a curry base from scratch. The quality felt consistent across the pack.,SYNTHETIC SAMPLE — NOT A REAL CUSTOMER REVIEW
Turmeric + Red Chilli + Coriander,Sample Customer 029,Pune,Maharashtra,5,Bought this along with a few other Dishu products. These three cover a lot of my everyday cooking needs. Would consider ordering it again.,SYNTHETIC SAMPLE — NOT A REAL CUSTOMER REVIEW
Turmeric + Red Chilli + Coriander,Sample Customer 030,Patna,Bihar,5,The aroma was noticeable as soon as I opened the pack. Convenient set for making a curry base from scratch. Would consider ordering it again.,SYNTHETIC SAMPLE — NOT A REAL CUSTOMER REVIEW
Turmeric + Red Chilli + Coriander,Sample Customer 031,Thiruvananthapuram,Kerala,5,The taste felt balanced in the dishes I made. Convenient set for making a curry base from scratch. Good addition to the kitchen shelf.,SYNTHETIC SAMPLE — NOT A REAL CUSTOMER REVIEW
Turmeric + Red Chilli + Coriander,Sample Customer 032,Chandigarh,Chandigarh,5,I have been using this in everyday cooking and it has worked well. Convenient set for making a curry base from scratch. Would consider ordering it again.,SYNTHETIC SAMPLE — NOT A REAL CUSTOMER REVIEW
Turmeric + Red Chilli + Coriander,Sample Customer 033,Varanasi,Uttar Pradesh,3,I was mainly looking for a fresh spice and this did the job. These three cover a lot of my everyday cooking needs. Used it in dal and sabzi and liked the result.,SYNTHETIC SAMPLE — NOT A REAL CUSTOMER REVIEW
Turmeric + Red Chilli + Coriander,Sample Customer 034,Mumbai,Maharashtra,5,The pack was properly sealed and easy to store. I used all three in different dishes and liked the overall flavour. Would consider ordering it again.,SYNTHETIC SAMPLE — NOT A REAL CUSTOMER REVIEW
Turmeric + Red Chilli + Coriander,Sample Customer 035,Ranchi,Jharkhand,4,"I have been using this in everyday cooking and it has worked well. Convenient set for making a curry base from scratch. Simple product, good flavour, and useful for daily meals.",SYNTHETIC SAMPLE — NOT A REAL CUSTOMER REVIEW
Turmeric + Red Chilli + Coriander,Sample Customer 036,Kochi,Kerala,5,"Good option for everyday Indian cooking. I used all three in different dishes and liked the overall flavour. So far, a good experience.",SYNTHETIC SAMPLE — NOT A REAL CUSTOMER REVIEW
Turmeric + Red Chilli + Coriander,Sample Customer 037,Ludhiana,Punjab,5,Good option for everyday Indian cooking. I used all three in different dishes and liked the overall flavour. I would be comfortable buying this again.,SYNTHETIC SAMPLE — NOT A REAL CUSTOMER REVIEW
Turmeric + Red Chilli + Coriander,Sample Customer 038,Lucknow,Uttar Pradesh,5,Bought this along with a few other Dishu products. I used all three in different dishes and liked the overall flavour. Good addition to the kitchen shelf.,SYNTHETIC SAMPLE — NOT A REAL CUSTOMER REVIEW
Turmeric + Red Chilli + Coriander,Sample Customer 039,Surat,Gujarat,5,The taste felt balanced in the dishes I made. I used all three in different dishes and liked the overall flavour. Would consider ordering it again.,SYNTHETIC SAMPLE — NOT A REAL CUSTOMER REVIEW
Turmeric + Red Chilli + Coriander,Sample Customer 040,Bhubaneswar,Odisha,5,I have been using this in everyday cooking and it has worked well. Convenient set for making a curry base from scratch. Happy with the first order.,SYNTHETIC SAMPLE — NOT A REAL CUSTOMER REVIEW
Turmeric + Red Chilli + Coriander,Sample Customer 041,Coimbatore,Tamil Nadu,5,Packaging was neat and the product reached me in good condition. I used all three in different dishes and liked the overall flavour. The quality felt consistent across the pack.,SYNTHETIC SAMPLE — NOT A REAL CUSTOMER REVIEW
Turmeric + Red Chilli + Coriander,Sample Customer 042,Amritsar,Punjab,4,Packaging was neat and the product reached me in good condition. I used all three in different dishes and liked the overall flavour. Good addition to the kitchen shelf.,SYNTHETIC SAMPLE — NOT A REAL CUSTOMER REVIEW
Turmeric + Red Chilli + Coriander,Sample Customer 043,Noida,Uttar Pradesh,5,The aroma was noticeable as soon as I opened the pack. I used all three in different dishes and liked the overall flavour. Good addition to the kitchen shelf.,SYNTHETIC SAMPLE — NOT A REAL CUSTOMER REVIEW
Turmeric + Red Chilli + Coriander,Sample Customer 044,Ahmedabad,Gujarat,3,I have been using this in everyday cooking and it has worked well. Convenient set for making a curry base from scratch. Happy with the first order.,SYNTHETIC SAMPLE — NOT A REAL CUSTOMER REVIEW
Turmeric + Red Chilli + Coriander,Sample Customer 045,Kolkata,West Bengal,5,"The taste felt balanced in the dishes I made. These three cover a lot of my everyday cooking needs. Simple product, good flavour, and useful for daily meals.",SYNTHETIC SAMPLE — NOT A REAL CUSTOMER REVIEW
Turmeric + Red Chilli + Coriander,Sample Customer 046,Chennai,Tamil Nadu,5,"Packaging was neat and the product reached me in good condition. These three cover a lot of my everyday cooking needs. Simple product, good flavour, and useful for daily meals.",SYNTHETIC SAMPLE — NOT A REAL CUSTOMER REVIEW
Turmeric + Red Chilli + Coriander,Sample Customer 047,Raipur,Chhattisgarh,5,"Bought this along with a few other Dishu products. These three cover a lot of my everyday cooking needs. Simple product, good flavour, and useful for daily meals.",SYNTHETIC SAMPLE — NOT A REAL CUSTOMER REVIEW
Turmeric + Red Chilli + Coriander,Sample Customer 048,Gurugram,Haryana,5,I liked the freshness of the powder. These three cover a lot of my everyday cooking needs. I would be comfortable buying this again.,SYNTHETIC SAMPLE — NOT A REAL CUSTOMER REVIEW
Turmeric + Red Chilli + Coriander,Sample Customer 049,Srinagar,Jammu & Kashmir,4,Good option for everyday Indian cooking. Convenient set for making a curry base from scratch. Good addition to the kitchen shelf.,SYNTHETIC SAMPLE — NOT A REAL CUSTOMER REVIEW
Turmeric + Red Chilli + Coriander,Sample Customer 050,Bhopal,Madhya Pradesh,5,"The aroma was noticeable as soon as I opened the pack. Convenient set for making a curry base from scratch. Simple product, good flavour, and useful for daily meals.",SYNTHETIC SAMPLE — NOT A REAL CUSTOMER REVIEW
Turmeric + Red Chilli + Coriander,Sample Customer 051,Hyderabad,Telangana,5,"The pack was properly sealed and easy to store. These three cover a lot of my everyday cooking needs. Simple product, good flavour, and useful for daily meals.",SYNTHETIC SAMPLE — NOT A REAL CUSTOMER REVIEW
Turmeric + Red Chilli + Coriander,Sample Customer 052,Goa,Goa,5,I liked the freshness of the powder. Convenient set for making a curry base from scratch. I would be comfortable buying this again.,SYNTHETIC SAMPLE — NOT A REAL CUSTOMER REVIEW
Turmeric + Red Chilli + Coriander,Sample Customer 053,New Delhi,Delhi,5,"This has become a regular item in my kitchen. These three cover a lot of my everyday cooking needs. So far, a good experience.",SYNTHETIC SAMPLE — NOT A REAL CUSTOMER REVIEW
Turmeric + Red Chilli + Coriander,Sample Customer 054,Jammu,Jammu & Kashmir,5,Bought this along with a few other Dishu products. Convenient set for making a curry base from scratch. Good addition to the kitchen shelf.,SYNTHETIC SAMPLE — NOT A REAL CUSTOMER REVIEW
Turmeric + Red Chilli + Coriander,Sample Customer 055,Indore,Madhya Pradesh,3,Good option for everyday Indian cooking. These three cover a lot of my everyday cooking needs. Happy with the first order.,SYNTHETIC SAMPLE — NOT A REAL CUSTOMER REVIEW
Turmeric + Red Chilli + Coriander,Sample Customer 056,Bengaluru,Karnataka,4,"Packaging was neat and the product reached me in good condition. I used all three in different dishes and liked the overall flavour. Overall, a pleasant purchase.",SYNTHETIC SAMPLE — NOT A REAL CUSTOMER REVIEW
Turmeric + Red Chilli + Coriander,Sample Customer 057,Visakhapatnam,Andhra Pradesh,5,"I have been using this in everyday cooking and it has worked well. Convenient set for making a curry base from scratch. Simple product, good flavour, and useful for daily meals.",SYNTHETIC SAMPLE — NOT A REAL CUSTOMER REVIEW
Turmeric + Red Chilli + Coriander,Sample Customer 058,Jodhpur,Rajasthan,5,The pack was properly sealed and easy to store. I used all three in different dishes and liked the overall flavour. Would consider ordering it again.,SYNTHETIC SAMPLE — NOT A REAL CUSTOMER REVIEW
Turmeric + Red Chilli + Coriander,Sample Customer 059,Shimla,Himachal Pradesh,5,I liked the freshness of the powder. These three cover a lot of my everyday cooking needs. Happy with the first order.,SYNTHETIC SAMPLE — NOT A REAL CUSTOMER REVIEW
Turmeric + Red Chilli + Coriander,Sample Customer 060,Nagpur,Maharashtra,5,I have been using this in everyday cooking and it has worked well. These three cover a lot of my everyday cooking needs. Would consider ordering it again.,SYNTHETIC SAMPLE — NOT A REAL CUSTOMER REVIEW
Turmeric + Red Chilli + Coriander,Sample Customer 061,Guwahati,Assam,5,I have been using this in everyday cooking and it has worked well. Convenient set for making a curry base from scratch. Used it in dal and sabzi and liked the result.,SYNTHETIC SAMPLE — NOT A REAL CUSTOMER REVIEW
Turmeric + Red Chilli + Coriander,Sample Customer 062,Vijayawada,Andhra Pradesh,5,I liked the freshness of the powder. I used all three in different dishes and liked the overall flavour. Happy with the first order.,SYNTHETIC SAMPLE — NOT A REAL CUSTOMER REVIEW
Turmeric + Red Chilli + Coriander,Sample Customer 063,Jaipur,Rajasthan,4,I have been using this in everyday cooking and it has worked well. These three cover a lot of my everyday cooking needs. The quality felt consistent across the pack.,SYNTHETIC SAMPLE — NOT A REAL CUSTOMER REVIEW
Turmeric + Red Chilli + Coriander,Sample Customer 064,Dehradun,Uttarakhand,5,This has become a regular item in my kitchen. I used all three in different dishes and liked the overall flavour. Happy with the first order.,SYNTHETIC SAMPLE — NOT A REAL CUSTOMER REVIEW
Turmeric + Red Chilli + Coriander,Sample Customer 065,Pune,Maharashtra,5,I have been using this in everyday cooking and it has worked well. I used all three in different dishes and liked the overall flavour. Used it in dal and sabzi and liked the result.,SYNTHETIC SAMPLE — NOT A REAL CUSTOMER REVIEW
Turmeric + Red Chilli + Coriander,Sample Customer 066,Patna,Bihar,3,The taste felt balanced in the dishes I made. Convenient set for making a curry base from scratch. The quality felt consistent across the pack.,SYNTHETIC SAMPLE — NOT A REAL CUSTOMER REVIEW
Turmeric + Red Chilli + Coriander,Sample Customer 067,Thiruvananthapuram,Kerala,5,Tried this for the first time and the quality surprised me. Convenient set for making a curry base from scratch. Used it in dal and sabzi and liked the result.,SYNTHETIC SAMPLE — NOT A REAL CUSTOMER REVIEW
Turmeric + Red Chilli + Coriander,Sample Customer 068,Chandigarh,Chandigarh,5,Bought this along with a few other Dishu products. These three cover a lot of my everyday cooking needs. Would consider ordering it again.,SYNTHETIC SAMPLE — NOT A REAL CUSTOMER REVIEW
Turmeric + Red Chilli + Coriander,Sample Customer 069,Varanasi,Uttar Pradesh,5,Bought this along with a few other Dishu products. Convenient set for making a curry base from scratch. The quality felt consistent across the pack.,SYNTHETIC SAMPLE — NOT A REAL CUSTOMER REVIEW
Turmeric + Red Chilli + Coriander,Sample Customer 070,Mumbai,Maharashtra,4,This has become a regular item in my kitchen. These three cover a lot of my everyday cooking needs. Used it in dal and sabzi and liked the result.,SYNTHETIC SAMPLE — NOT A REAL CUSTOMER REVIEW
Turmeric + Red Chilli + Coriander,Sample Customer 071,Ranchi,Jharkhand,5,"This has become a regular item in my kitchen. I used all three in different dishes and liked the overall flavour. So far, a good experience.",SYNTHETIC SAMPLE — NOT A REAL CUSTOMER REVIEW
Turmeric + Red Chilli + Coriander,Sample Customer 072,Kochi,Kerala,5,"I liked the freshness of the powder. Convenient set for making a curry base from scratch. Simple product, good flavour, and useful for daily meals.",SYNTHETIC SAMPLE — NOT A REAL CUSTOMER REVIEW
Turmeric + Red Chilli + Coriander,Sample Customer 073,Ludhiana,Punjab,5,Good option for everyday Indian cooking. I used all three in different dishes and liked the overall flavour. I would be comfortable buying this again.,SYNTHETIC SAMPLE — NOT A REAL CUSTOMER REVIEW
Turmeric + Red Chilli + Coriander,Sample Customer 074,Lucknow,Uttar Pradesh,5,Bought this along with a few other Dishu products. I used all three in different dishes and liked the overall flavour. Used it in dal and sabzi and liked the result.,SYNTHETIC SAMPLE — NOT A REAL CUSTOMER REVIEW
Turmeric + Red Chilli + Coriander,Sample Customer 075,Surat,Gujarat,5,Good option for everyday Indian cooking. Convenient set for making a curry base from scratch. It worked nicely in home-style cooking.,SYNTHETIC SAMPLE — NOT A REAL CUSTOMER REVIEW
Turmeric + Red Chilli + Coriander,Sample Customer 076,Bhubaneswar,Odisha,5,Tried this for the first time and the quality surprised me. These three cover a lot of my everyday cooking needs. I would be comfortable buying this again.,SYNTHETIC SAMPLE — NOT A REAL CUSTOMER REVIEW
Turmeric Powder (Haldi Powder),Sample Customer 001,Jodhpur,Rajasthan,5,This has become a regular item in my kitchen. The powder looks fresh and has a clean turmeric aroma. I would be comfortable buying this again.,SYNTHETIC SAMPLE — NOT A REAL CUSTOMER REVIEW
Turmeric Powder (Haldi Powder),Sample Customer 002,Shimla,Himachal Pradesh,5,The aroma was noticeable as soon as I opened the pack. Used it in dal and vegetables; it gives a nice earthy note. Used it in dal and sabzi and liked the result.,SYNTHETIC SAMPLE — NOT A REAL CUSTOMER REVIEW
Turmeric Powder (Haldi Powder),Sample Customer 003,Nagpur,Maharashtra,5,I have been using this in everyday cooking and it has worked well. Used it in dal and vegetables; it gives a nice earthy note. Would consider ordering it again.,SYNTHETIC SAMPLE — NOT A REAL CUSTOMER REVIEW
Turmeric Powder (Haldi Powder),Sample Customer 004,Guwahati,Assam,5,Bought this along with a few other Dishu products. Used it in dal and vegetables; it gives a nice earthy note. Would consider ordering it again.,SYNTHETIC SAMPLE — NOT A REAL CUSTOMER REVIEW
Turmeric Powder (Haldi Powder),Sample Customer 005,Vijayawada,Andhra Pradesh,5,This has become a regular item in my kitchen. The colour is bright and it mixes easily into gravies. Used it in dal and sabzi and liked the result.,SYNTHETIC SAMPLE — NOT A REAL CUSTOMER REVIEW
Turmeric Powder (Haldi Powder),Sample Customer 006,Jaipur,Rajasthan,5,Tried this for the first time and the quality surprised me. The powder looks fresh and has a clean turmeric aroma. Happy with the first order.,SYNTHETIC SAMPLE — NOT A REAL CUSTOMER REVIEW
Turmeric Powder (Haldi Powder),Sample Customer 007,Dehradun,Uttarakhand,4,"The flavour is quite natural and not overpowering. Used it in dal and vegetables; it gives a nice earthy note. So far, a good experience.",SYNTHETIC SAMPLE — NOT A REAL CUSTOMER REVIEW
Turmeric Powder (Haldi Powder),Sample Customer 008,Pune,Maharashtra,5,The aroma was noticeable as soon as I opened the pack. Used it in dal and vegetables; it gives a nice earthy note. I would be comfortable buying this again.,SYNTHETIC SAMPLE — NOT A REAL CUSTOMER REVIEW
Turmeric Powder (Haldi Powder),Sample Customer 009,Patna,Bihar,5,The pack was properly sealed and easy to store. The colour is bright and it mixes easily into gravies. Would consider ordering it again.,SYNTHETIC SAMPLE — NOT A REAL CUSTOMER REVIEW
Turmeric Powder (Haldi Powder),Sample Customer 010,Thiruvananthapuram,Kerala,5,"The flavour is quite natural and not overpowering. The powder looks fresh and has a clean turmeric aroma. So far, a good experience.",SYNTHETIC SAMPLE — NOT A REAL CUSTOMER REVIEW
Turmeric Powder (Haldi Powder),Sample Customer 011,Chandigarh,Chandigarh,3,I was mainly looking for a fresh spice and this did the job. The colour is bright and it mixes easily into gravies. Good addition to the kitchen shelf.,SYNTHETIC SAMPLE — NOT A REAL CUSTOMER REVIEW
Turmeric Powder (Haldi Powder),Sample Customer 012,Varanasi,Uttar Pradesh,5,The taste felt balanced in the dishes I made. Used it in dal and vegetables; it gives a nice earthy note. It worked nicely in home-style cooking.,SYNTHETIC SAMPLE — NOT A REAL CUSTOMER REVIEW
Turmeric Powder (Haldi Powder),Sample Customer 013,Mumbai,Maharashtra,5,I was mainly looking for a fresh spice and this did the job. The powder looks fresh and has a clean turmeric aroma. Good addition to the kitchen shelf.,SYNTHETIC SAMPLE — NOT A REAL CUSTOMER REVIEW
Turmeric Powder (Haldi Powder),Sample Customer 014,Ranchi,Jharkhand,4,The taste felt balanced in the dishes I made. Used it in dal and vegetables; it gives a nice earthy note. I would be comfortable buying this again.,SYNTHETIC SAMPLE — NOT A REAL CUSTOMER REVIEW
Turmeric Powder (Haldi Powder),Sample Customer 015,Kochi,Kerala,5,The flavour is quite natural and not overpowering. The powder looks fresh and has a clean turmeric aroma. Would consider ordering it again.,SYNTHETIC SAMPLE — NOT A REAL CUSTOMER REVIEW
Turmeric Powder (Haldi Powder),Sample Customer 016,Ludhiana,Punjab,5,I was mainly looking for a fresh spice and this did the job. The colour is bright and it mixes easily into gravies. The quality felt consistent across the pack.,SYNTHETIC SAMPLE — NOT A REAL CUSTOMER REVIEW
Turmeric Powder (Haldi Powder),Sample Customer 017,Lucknow,Uttar Pradesh,5,I liked the freshness of the powder. The powder looks fresh and has a clean turmeric aroma. It worked nicely in home-style cooking.,SYNTHETIC SAMPLE — NOT A REAL CUSTOMER REVIEW
Turmeric Powder (Haldi Powder),Sample Customer 018,Surat,Gujarat,5,This has become a regular item in my kitchen. The colour is bright and it mixes easily into gravies. Happy with the first order.,SYNTHETIC SAMPLE — NOT A REAL CUSTOMER REVIEW
Turmeric Powder (Haldi Powder),Sample Customer 019,Bhubaneswar,Odisha,5,I was mainly looking for a fresh spice and this did the job. The powder looks fresh and has a clean turmeric aroma. Good addition to the kitchen shelf.,SYNTHETIC SAMPLE — NOT A REAL CUSTOMER REVIEW
Turmeric Powder (Haldi Powder),Sample Customer 020,Coimbatore,Tamil Nadu,5,The aroma was noticeable as soon as I opened the pack. Used it in dal and vegetables; it gives a nice earthy note. Would consider ordering it again.,SYNTHETIC SAMPLE — NOT A REAL CUSTOMER REVIEW
Turmeric Powder (Haldi Powder),Sample Customer 021,Amritsar,Punjab,4,Packaging was neat and the product reached me in good condition. The colour is bright and it mixes easily into gravies. The quality felt consistent across the pack.,SYNTHETIC SAMPLE — NOT A REAL CUSTOMER REVIEW
Turmeric Powder (Haldi Powder),Sample Customer 022,Noida,Uttar Pradesh,3,Packaging was neat and the product reached me in good condition. The colour is bright and it mixes easily into gravies. I would be comfortable buying this again.,SYNTHETIC SAMPLE — NOT A REAL CUSTOMER REVIEW
Turmeric Powder (Haldi Powder),Sample Customer 023,Ahmedabad,Gujarat,5,The pack was properly sealed and easy to store. The powder looks fresh and has a clean turmeric aroma. Good addition to the kitchen shelf.,SYNTHETIC SAMPLE — NOT A REAL CUSTOMER REVIEW
Turmeric Powder (Haldi Powder),Sample Customer 024,Kolkata,West Bengal,5,"The flavour is quite natural and not overpowering. The colour is bright and it mixes easily into gravies. So far, a good experience.",SYNTHETIC SAMPLE — NOT A REAL CUSTOMER REVIEW
Turmeric Powder (Haldi Powder),Sample Customer 025,Chennai,Tamil Nadu,5,"The flavour is quite natural and not overpowering. The powder looks fresh and has a clean turmeric aroma. Overall, a pleasant purchase.",SYNTHETIC SAMPLE — NOT A REAL CUSTOMER REVIEW
Turmeric Powder (Haldi Powder),Sample Customer 026,Raipur,Chhattisgarh,5,Tried this for the first time and the quality surprised me. The colour is bright and it mixes easily into gravies. Would consider ordering it again.,SYNTHETIC SAMPLE — NOT A REAL CUSTOMER REVIEW
Turmeric Powder (Haldi Powder),Sample Customer 027,Gurugram,Haryana,5,"I was mainly looking for a fresh spice and this did the job. The powder looks fresh and has a clean turmeric aroma. So far, a good experience.",SYNTHETIC SAMPLE — NOT A REAL CUSTOMER REVIEW
Turmeric Powder (Haldi Powder),Sample Customer 028,Srinagar,Jammu & Kashmir,4,Tried this for the first time and the quality surprised me. The powder looks fresh and has a clean turmeric aroma. It worked nicely in home-style cooking.,SYNTHETIC SAMPLE — NOT A REAL CUSTOMER REVIEW
Turmeric Powder (Haldi Powder),Sample Customer 029,Bhopal,Madhya Pradesh,5,"The taste felt balanced in the dishes I made. The colour is bright and it mixes easily into gravies. Simple product, good flavour, and useful for daily meals.",SYNTHETIC SAMPLE — NOT A REAL CUSTOMER REVIEW
Turmeric Powder (Haldi Powder),Sample Customer 030,Hyderabad,Telangana,5,The aroma was noticeable as soon as I opened the pack. The colour is bright and it mixes easily into gravies. The quality felt consistent across the pack.,SYNTHETIC SAMPLE — NOT A REAL CUSTOMER REVIEW
Turmeric Powder (Haldi Powder),Sample Customer 031,Goa,Goa,5,I have been using this in everyday cooking and it has worked well. The colour is bright and it mixes easily into gravies. I would be comfortable buying this again.,SYNTHETIC SAMPLE — NOT A REAL CUSTOMER REVIEW
Turmeric Powder (Haldi Powder),Sample Customer 032,New Delhi,Delhi,5,Good option for everyday Indian cooking. The powder looks fresh and has a clean turmeric aroma. Used it in dal and sabzi and liked the result.,SYNTHETIC SAMPLE — NOT A REAL CUSTOMER REVIEW
Turmeric Powder (Haldi Powder),Sample Customer 033,Jammu,Jammu & Kashmir,3,Tried this for the first time and the quality surprised me. The colour is bright and it mixes easily into gravies. The quality felt consistent across the pack.,SYNTHETIC SAMPLE — NOT A REAL CUSTOMER REVIEW
Turmeric Powder (Haldi Powder),Sample Customer 034,Indore,Madhya Pradesh,5,The aroma was noticeable as soon as I opened the pack. Used it in dal and vegetables; it gives a nice earthy note. I would be comfortable buying this again.,SYNTHETIC SAMPLE — NOT A REAL CUSTOMER REVIEW
Turmeric Powder (Haldi Powder),Sample Customer 035,Bengaluru,Karnataka,4,"Bought this along with a few other Dishu products. The colour is bright and it mixes easily into gravies. Simple product, good flavour, and useful for daily meals.",SYNTHETIC SAMPLE — NOT A REAL CUSTOMER REVIEW
Turmeric Powder (Haldi Powder),Sample Customer 036,Visakhapatnam,Andhra Pradesh,5,The flavour is quite natural and not overpowering. The colour is bright and it mixes easily into gravies. I would be comfortable buying this again.,SYNTHETIC SAMPLE — NOT A REAL CUSTOMER REVIEW
Turmeric Powder (Haldi Powder),Sample Customer 037,Jodhpur,Rajasthan,5,This has become a regular item in my kitchen. The powder looks fresh and has a clean turmeric aroma. Happy with the first order.,SYNTHETIC SAMPLE — NOT A REAL CUSTOMER REVIEW
Turmeric Powder (Haldi Powder),Sample Customer 038,Shimla,Himachal Pradesh,5,The flavour is quite natural and not overpowering. The colour is bright and it mixes easily into gravies. The quality felt consistent across the pack.,SYNTHETIC SAMPLE — NOT A REAL CUSTOMER REVIEW
Turmeric Powder (Haldi Powder),Sample Customer 039,Nagpur,Maharashtra,5,Packaging was neat and the product reached me in good condition. The colour is bright and it mixes easily into gravies. Would consider ordering it again.,SYNTHETIC SAMPLE — NOT A REAL CUSTOMER REVIEW
Turmeric Powder (Haldi Powder),Sample Customer 040,Guwahati,Assam,5,Bought this along with a few other Dishu products. Used it in dal and vegetables; it gives a nice earthy note. The quality felt consistent across the pack.,SYNTHETIC SAMPLE — NOT A REAL CUSTOMER REVIEW
Turmeric Powder (Haldi Powder),Sample Customer 041,Vijayawada,Andhra Pradesh,5,This has become a regular item in my kitchen. The powder looks fresh and has a clean turmeric aroma. Would consider ordering it again.,SYNTHETIC SAMPLE — NOT A REAL CUSTOMER REVIEW
Turmeric Powder (Haldi Powder),Sample Customer 042,Jaipur,Rajasthan,4,The flavour is quite natural and not overpowering. The powder looks fresh and has a clean turmeric aroma. It worked nicely in home-style cooking.,SYNTHETIC SAMPLE — NOT A REAL CUSTOMER REVIEW
Turmeric Powder (Haldi Powder),Sample Customer 043,Dehradun,Uttarakhand,5,Packaging was neat and the product reached me in good condition. The powder looks fresh and has a clean turmeric aroma. Would consider ordering it again.,SYNTHETIC SAMPLE — NOT A REAL CUSTOMER REVIEW
Turmeric Powder (Haldi Powder),Sample Customer 044,Pune,Maharashtra,3,I was mainly looking for a fresh spice and this did the job. The powder looks fresh and has a clean turmeric aroma. Happy with the first order.,SYNTHETIC SAMPLE — NOT A REAL CUSTOMER REVIEW
Turmeric Powder (Haldi Powder),Sample Customer 045,Patna,Bihar,5,"The taste felt balanced in the dishes I made. Used it in dal and vegetables; it gives a nice earthy note. Simple product, good flavour, and useful for daily meals.",SYNTHETIC SAMPLE — NOT A REAL CUSTOMER REVIEW
Turmeric Powder (Haldi Powder),Sample Customer 046,Thiruvananthapuram,Kerala,5,"The pack was properly sealed and easy to store. The powder looks fresh and has a clean turmeric aroma. So far, a good experience.",SYNTHETIC SAMPLE — NOT A REAL CUSTOMER REVIEW
Turmeric Powder (Haldi Powder),Sample Customer 047,Chandigarh,Chandigarh,5,I liked the freshness of the powder. The powder looks fresh and has a clean turmeric aroma. Happy with the first order.,SYNTHETIC SAMPLE — NOT A REAL CUSTOMER REVIEW
Turmeric Powder (Haldi Powder),Sample Customer 048,Varanasi,Uttar Pradesh,5,"Good option for everyday Indian cooking. Used it in dal and vegetables; it gives a nice earthy note. Overall, a pleasant purchase.",SYNTHETIC SAMPLE — NOT A REAL CUSTOMER REVIEW
Turmeric Powder (Haldi Powder),Sample Customer 049,Mumbai,Maharashtra,4,The taste felt balanced in the dishes I made. The colour is bright and it mixes easily into gravies. Used it in dal and sabzi and liked the result.,SYNTHETIC SAMPLE — NOT A REAL CUSTOMER REVIEW
Turmeric Powder (Haldi Powder),Sample Customer 050,Ranchi,Jharkhand,5,Tried this for the first time and the quality surprised me. Used it in dal and vegetables; it gives a nice earthy note. Used it in dal and sabzi and liked the result.,SYNTHETIC SAMPLE — NOT A REAL CUSTOMER REVIEW
Turmeric Powder (Haldi Powder),Sample Customer 051,Kochi,Kerala,5,I was mainly looking for a fresh spice and this did the job. Used it in dal and vegetables; it gives a nice earthy note. Good addition to the kitchen shelf.,SYNTHETIC SAMPLE — NOT A REAL CUSTOMER REVIEW
Turmeric Powder (Haldi Powder),Sample Customer 052,Ludhiana,Punjab,5,"The taste felt balanced in the dishes I made. The powder looks fresh and has a clean turmeric aroma. Overall, a pleasant purchase.",SYNTHETIC SAMPLE — NOT A REAL CUSTOMER REVIEW
Turmeric Powder (Haldi Powder),Sample Customer 053,Lucknow,Uttar Pradesh,5,I have been using this in everyday cooking and it has worked well. Used it in dal and vegetables; it gives a nice earthy note. Good addition to the kitchen shelf.,SYNTHETIC SAMPLE — NOT A REAL CUSTOMER REVIEW
Turmeric Powder (Haldi Powder),Sample Customer 054,Surat,Gujarat,5,Packaging was neat and the product reached me in good condition. The colour is bright and it mixes easily into gravies. I would be comfortable buying this again.,SYNTHETIC SAMPLE — NOT A REAL CUSTOMER REVIEW
Turmeric Powder (Haldi Powder),Sample Customer 055,Bhubaneswar,Odisha,3,The taste felt balanced in the dishes I made. The powder looks fresh and has a clean turmeric aroma. Would consider ordering it again.,SYNTHETIC SAMPLE — NOT A REAL CUSTOMER REVIEW
Turmeric Powder (Haldi Powder),Sample Customer 056,Coimbatore,Tamil Nadu,4,The pack was properly sealed and easy to store. Used it in dal and vegetables; it gives a nice earthy note. Would consider ordering it again.,SYNTHETIC SAMPLE — NOT A REAL CUSTOMER REVIEW
Turmeric Powder (Haldi Powder),Sample Customer 057,Amritsar,Punjab,5,The taste felt balanced in the dishes I made. The colour is bright and it mixes easily into gravies. It worked nicely in home-style cooking.,SYNTHETIC SAMPLE — NOT A REAL CUSTOMER REVIEW
Turmeric Powder (Haldi Powder),Sample Customer 058,Noida,Uttar Pradesh,5,I liked the freshness of the powder. The powder looks fresh and has a clean turmeric aroma. I would be comfortable buying this again.,SYNTHETIC SAMPLE — NOT A REAL CUSTOMER REVIEW
Turmeric Powder (Haldi Powder),Sample Customer 059,Ahmedabad,Gujarat,5,This has become a regular item in my kitchen. The colour is bright and it mixes easily into gravies. Good addition to the kitchen shelf.,SYNTHETIC SAMPLE — NOT A REAL CUSTOMER REVIEW
Turmeric Powder (Haldi Powder),Sample Customer 060,Kolkata,West Bengal,5,Packaging was neat and the product reached me in good condition. The colour is bright and it mixes easily into gravies. The quality felt consistent across the pack.,SYNTHETIC SAMPLE — NOT A REAL CUSTOMER REVIEW
Turmeric Powder (Haldi Powder),Sample Customer 061,Chennai,Tamil Nadu,5,"This has become a regular item in my kitchen. Used it in dal and vegetables; it gives a nice earthy note. So far, a good experience.",SYNTHETIC SAMPLE — NOT A REAL CUSTOMER REVIEW
Turmeric Powder (Haldi Powder),Sample Customer 062,Raipur,Chhattisgarh,5,This has become a regular item in my kitchen. The powder looks fresh and has a clean turmeric aroma. Good addition to the kitchen shelf.,SYNTHETIC SAMPLE — NOT A REAL CUSTOMER REVIEW
Turmeric Powder (Haldi Powder),Sample Customer 063,Gurugram,Haryana,4,The aroma was noticeable as soon as I opened the pack. The colour is bright and it mixes easily into gravies. Would consider ordering it again.,SYNTHETIC SAMPLE — NOT A REAL CUSTOMER REVIEW
Turmeric Powder (Haldi Powder),Sample Customer 064,Srinagar,Jammu & Kashmir,5,The aroma was noticeable as soon as I opened the pack. Used it in dal and vegetables; it gives a nice earthy note. Used it in dal and sabzi and liked the result.,SYNTHETIC SAMPLE — NOT A REAL CUSTOMER REVIEW
Turmeric Powder (Haldi Powder),Sample Customer 065,Bhopal,Madhya Pradesh,5,I was mainly looking for a fresh spice and this did the job. Used it in dal and vegetables; it gives a nice earthy note. It worked nicely in home-style cooking.,SYNTHETIC SAMPLE — NOT A REAL CUSTOMER REVIEW
Turmeric Powder (Haldi Powder),Sample Customer 066,Hyderabad,Telangana,3,The aroma was noticeable as soon as I opened the pack. The powder looks fresh and has a clean turmeric aroma. The quality felt consistent across the pack.,SYNTHETIC SAMPLE — NOT A REAL CUSTOMER REVIEW
